KYTREASNOX,TIDXFAM,TTERMTYPE,TTERMLBL,MCALDT,TMNOMPRC,TMNOMPRC_FLG,TMYTM,month,H,Y
2000047,DISCBOND,5001,Fama Bliss Discount Bonds - 1-Year (Nominal),1952-06-30,98.177762510023,D,1.8390447289671,1952-06,1,0.018390447289671
2000048,DISCBOND,5002,Fama Bliss Discount Bonds - 2-Year (Nominal),1952-06-30,96.253133307545,D,1.9094329752719,1952-06,2,0.019094329752719
2000049,DISCBOND,5003,Fama Bliss Discount Bonds - 3-Year (Nominal),1952-06-30,94.246713239884,D,1.9751411606778,1952-06,3,0.019751411606778
2000050,DISCBOND,5004,Fama Bliss Discount Bonds - 4-Year (Nominal),1952-06-30,92.634134427208,D,1.9128122484103,1952-06,4,0.019128122484103
2000051,DISCBOND,5005,Fama Bliss Discount Bonds - 5-Year (Nominal),1952-06-30,90.418295260805,D,2.016681259535,1952-06,5,0.020166812595349998
2000047,DISCBOND,5001,Fama Bliss Discount Bonds - 1-Year (Nominal),1952-07-31,98.094756028967,D,1.9236276207772,1952-07,1,0.019236276207772
2000048,DISCBOND,5002,Fama Bliss Discount Bonds - 2-Year (Nominal),1952-07-31,96.031453171878,D,2.0274979415143,1952-07,2,0.020274979415143002
2000049,DISCBOND,5003,Fama Bliss Discount Bonds - 3-Year (Nominal),1952-07-31,93.93122554501,D,2.09072918517,1952-07,3,0.020907291851699997
2000050,DISCBOND,5004,Fama Bliss Discount Bonds - 4-Year (Nominal),1952-07-31,92.308865391649,D,1.9993805900283,1952-07,4,0.019993805900283
2000051,DISCBOND,5005,Fama Bliss Discount Bonds - 5-Year (Nominal),1952-07-31,89.851576250458,D,2.1390484454062,1952-07,5,0.021390484454062
2000047,DISCBOND,5001,Fama Bliss Discount Bonds - 1-Year (Nominal),1952-08-29,98.057807664917,D,1.9506124185597,1952-08,1,0.019506124185597
2000048,DISCBOND,5002,Fama Bliss Discount Bonds - 2-Year (Nominal),1952-08-29,95.974988198813,D,2.0485160779311,1952-08,2,0.020485160779311
2000049,DISCBOND,5003,Fama Bliss Discount Bonds - 3-Year (Nominal),1952-08-29,93.781939407984,D,2.1360283099551,1952-08,3,0.021360283099551
2000050,DISCBOND,5004,Fama Bliss Discount Bonds - 4-Year (Nominal),1952-08-29,92.145776193581,D,2.0407651301476,1952-08,4,0.020407651301476003
2000051,DISCBOND,5005,Fama Bliss Discount Bonds - 5-Year (Nominal),1952-08-29,89.571687280724,D,2.2002069186137,1952-08,5,0.022002069186136997
2000047,DISCBOND,5001,Fama Bliss Discount Bonds - 1-Year (Nominal),1952-09-30,98.031187574306,D,1.9884517391163,1952-09,1,0.019884517391163
2000048,DISCBOND,5002,Fama Bliss Discount Bonds - 2-Year (Nominal),1952-09-30,95.909788678866,D,2.0881068789044,1952-09,2,0.020881068789044003
2000049,DISCBOND,5003,Fama Bliss Discount Bonds - 3-Year (Nominal),1952-09-30,93.755108097947,D,2.1494679388527,1952-09,3,0.021494679388527
2000050,DISCBOND,5004,Fama Bliss Discount Bonds - 4-Year (Nominal),1952-09-30,92.096104329221,D,2.0598495110477,1952-09,4,0.020598495110477
2000051,DISCBOND,5005,Fama Bliss Discount Bonds - 5-Year (Nominal),1952-09-30,89.167640989926,D,2.2917837820973,1952-09,5,0.022917837820972998
2000047,DISCBOND,5001,Fama Bliss Discount Bonds - 1-Year (Nominal),1952-10-31,98.110769097783,D,1.9125448040957,1952-10,1,0.019125448040957
2000048,DISCBOND,5002,Fama Bliss Discount Bonds - 2-Year (Nominal),1952-10-31,95.974490007144,D,2.0600319606682,1952-10,2,0.020600319606682002
2000049,DISCBOND,5003,Fama Bliss Discount Bonds - 3-Year (Nominal),1952-10-31,93.758273012046,D,2.1483427163306,1952-10,3,0.021483427163306
2000050,DISCBOND,5004,Fama Bliss Discount Bonds - 4-Year (Nominal),1952-10-31,91.929019276823,D,2.1023959582886,1952-10,4,0.021023959582886
2000051,DISCBOND,5005,Fama Bliss Discount Bonds - 5-Year (Nominal),1952-10-31,89.724841042124,D,2.1672628003376,1952-10,5,0.021672628003376004
2000047,DISCBOND,5001,Fama Bliss Discount Bonds - 1-Year (Nominal),1952-11-28,97.955385990681,D,2.0545477967465,1952-11,1,0.020545477967464996
2000048,DISCBOND,5002,Fama Bliss Discount Bonds - 2-Year (Nominal),1952-11-28,95.742391863519,D,2.1695071666332,1952-11,2,0.021695071666332
2000049,DISCBOND,5003,Fama Bliss Discount Bonds - 3-Year (Nominal),1952-11-28,93.640145310102,D,2.1863730037466,1952-11,3,0.021863730037466
2000050,DISCBOND,5004,Fama Bliss Discount Bonds - 4-Year (Nominal),1952-11-28,91.87755390141,D,2.1134929931564,1952-11,4,0.021134929931564003
2000051,DISCBOND,5005,Fama Bliss Discount Bonds - 5-Year (Nominal),1952-11-28,89.642589464246,D,2.1843991220561,1952-11,5,0.021843991220561
2000047,DISCBOND,5001,Fama Bliss Discount Bonds - 1-Year (Nominal),1952-12-31,98.021745479666,D,1.9980839282397,1952-12,1,0.019980839282397002
2000048,DISCBOND,5002,Fama Bliss Discount Bonds - 2-Year (Nominal),1952-12-31,95.713132347133,D,2.1907336417787,1952-12,2,0.021907336417787
2000049,DISCBOND,5003,Fama Bliss Discount Bonds - 3-Year (Nominal),1952-12-31,93.587188547741,D,2.2112421907105,1952-12,3,0.022112421907105002
2000050,DISCBOND,5004,Fama Bliss Discount Bonds - 4-Year (Nominal),1952-12-31,91.904601621119,D,2.1090326505609,1952-12,4,0.021090326505609
2000051,DISCBOND,5005,Fama Bliss Discount Bonds - 5-Year (Nominal),1952-12-31,89.53963614061,D,2.2085656926372,1952-12,5,0.022085656926372002
2000047,DISCBOND,5001,Fama Bliss Discount Bonds - 1-Year (Nominal),1953-01-30,98.051151529138,D,1.9734958362626,1953-01,1,0.019734958362626
2000048,DISCBOND,5002,Fama Bliss Discount Bonds - 2-Year (Nominal),1953-01-30,95.796107510958,D,2.1444690396343,1953-01,2,0.021444690396343
2000049,DISCBOND,5003,Fama Bliss Discount Bonds - 3-Year (Nominal),1953-01-30,93.800089120877,D,2.1315328097772,1953-01,3,0.021315328097772
2000050,DISCBOND,5004,Fama Bliss Discount Bonds - 4-Year (Nominal),1953-01-30,91.812073701051,D,2.1327378277337,1953-01,4,0.021327378277336998
2000051,DISCBOND,5005,Fama Bliss Discount Bonds - 5-Year (Nominal),1953-01-30,89.27136032679,D,2.2673045156084,1953-01,5,0.022673045156084003
2000047,DISCBOND,5001,Fama Bliss Discount Bonds - 1-Year (Nominal),1953-02-27,97.950397467661,D,2.0765877477831,1953-02,1,0.020765877477831
2000048,DISCBOND,5002,Fama Bliss Discount Bonds - 2-Year (Nominal),1953-02-27,95.703146578144,D,2.1929463933838,1953-02,2,0.021929463933838
2000049,DISCBOND,5003,Fama Bliss Discount Bonds - 3-Year (Nominal),1953-02-27,93.665604522412,D,2.1773279721708,1953-02,3,0.021773279721708
2000050,DISCBOND,5004,Fama Bliss Discount Bonds - 4-Year (Nominal),1953-02-27,91.616922633274,D,2.1858603386869,1953-02,4,0.021858603386869003
2000051,DISCBOND,5005,Fama Bliss Discount Bonds - 5-Year (Nominal),1953-02-27,88.922716263825,D,2.3454805927808,1953-02,5,0.023454805927808
2000047,DISCBOND,5001,Fama Bliss Discount Bonds - 1-Year (Nominal),1953-03-31,97.947158452273,D,2.0742052204431,1953-03,1,0.020742052204430997
2000048,DISCBOND,5002,Fama Bliss Discount Bonds - 2-Year (Nominal),1953-03-31,95.667893512459,D,2.2143717403382,1953-03,2,0.022143717403381998
2000049,DISCBOND,5003,Fama Bliss Discount Bonds - 3-Year (Nominal),1953-03-31,93.193029115365,D,2.352056637175,1953-03,3,0.02352056637175
2000050,DISCBOND,5004,Fama Bliss Discount Bonds - 4-Year (Nominal),1953-03-31,91.001626365577,D,2.358936020216,1953-03,4,0.02358936020216
2000051,DISCBOND,5005,Fama Bliss Discount Bonds - 5-Year (Nominal),1953-03-31,88.317288633932,D,2.4833252593899,1953-03,5,0.024833252593899
2000047,DISCBOND,5001,Fama Bliss Discount Bonds - 1-Year (Nominal),1953-04-30,97.663527674084,D,2.3642006011423,1953-04,1,0.023642006011422998
2000048,DISCBOND,5002,Fama Bliss Discount Bonds - 2-Year (Nominal),1953-04-30,95.160909037597,D,2.483449376971,1953-04,2,0.02483449376971
2000049,DISCBOND,5003,Fama Bliss Discount Bonds - 3-Year (Nominal),1953-04-30,93.622189337548,D,2.1947545811508,1953-04,3,0.021947545811508
2000050,DISCBOND,5004,Fama Bliss Discount Bonds - 4-Year (Nominal),1953-04-30,90.762683470834,D,2.4213905641414,1953-04,4,0.024213905641414
2000051,DISCBOND,5005,Fama Bliss Discount Bonds - 5-Year (Nominal),1953-04-30,87.4076497321,D,2.6902734233391,1953-04,5,0.026902734233391002
2000047,DISCBOND,5001,Fama Bliss Discount Bonds - 1-Year (Nominal),1953-05-29,97.445032183535,D,2.5952844272856,1953-05,1,0.025952844272856
2000048,DISCBOND,5002,Fama Bliss Discount Bonds - 2-Year (Nominal),1953-05-29,94.81547448405,D,2.654605025946,1953-05,2,0.02654605025946
2000049,DISCBOND,5003,Fama Bliss Discount Bonds - 3-Year (Nominal),1953-05-29,93.002406315483,D,2.41155361459,1953-05,3,0.024115536145899997
2000050,DISCBOND,5004,Fama Bliss Discount Bonds - 4-Year (Nominal),1953-05-29,90.015749438412,D,2.6242461499075,1953-05,4,0.026242461499075
2000051,DISCBOND,5005,Fama Bliss Discount Bonds - 5-Year (Nominal),1953-05-29,85.910322512029,D,3.0356604322421,1953-05,5,0.030356604322421
2000047,DISCBOND,5001,Fama Bliss Discount Bonds - 1-Year (Nominal),1953-06-30,97.608316640032,D,2.4207484723596,1953-06,1,0.024207484723596
2000048,DISCBOND,5002,Fama Bliss Discount Bonds - 2-Year (Nominal),1953-06-30,95.231410536387,D,2.4430178000381,1953-06,2,0.024430178000381
2000049,DISCBOND,5003,Fama Bliss Discount Bonds - 3-Year (Nominal),1953-06-30,93.314669561095,D,2.3064287511265,1953-06,3,0.023064287511265002
2000050,DISCBOND,5004,Fama Bliss Discount Bonds - 4-Year (Nominal),1953-06-30,90.714226634614,D,2.439741795632,1953-06,4,0.02439741795632
2000051,DISCBOND,5005,Fama Bliss Discount Bonds - 5-Year (Nominal),1953-06-30,86.966032272577,D,2.7915218535537,1953-06,5,0.027915218535537002
2000047,DISCBOND,5001,Fama Bliss Discount Bonds - 1-Year (Nominal),1953-07-31,97.740266766938,D,2.2919358575516,1953-07,1,0.022919358575516
2000048,DISCBOND,5002,Fama Bliss Discount Bonds - 2-Year (Nominal),1953-07-31,95.446887176761,D,2.3364136583165,1953-07,2,0.023364136583165
2000049,DISCBOND,5003,Fama Bliss Discount Bonds - 3-Year (Nominal),1953-07-31,93.386230720545,D,2.2787948116639,1953-07,3,0.022787948116639
2000050,DISCBOND,5004,Fama Bliss Discount Bonds - 4-Year (Nominal),1953-07-31,90.765642025478,D,2.4205762202413,1953-07,4,0.024205762202413
2000051,DISCBOND,5005,Fama Bliss Discount Bonds - 5-Year (Nominal),1953-07-31,87.29625043696,D,2.7157653097272,1953-07,5,0.027157653097272
2000047,DISCBOND,5001,Fama Bliss Discount Bonds - 1-Year (Nominal),1953-08-31,97.656614795645,D,2.371279111689,1953-08,1,0.02371279111689
2000048,DISCBOND,5002,Fama Bliss Discount Bonds - 2-Year (Nominal),1953-08-31,95.580717000512,D,2.2599545645748,1953-08,2,0.022599545645748
2000049,DISCBOND,5003,Fama Bliss Discount Bonds - 3-Year (Nominal),1953-08-31,93.342117084889,D,2.2945301081028,1953-08,3,0.022945301081028
2000050,DISCBOND,5004,Fama Bliss Discount Bonds - 4-Year (Nominal),1953-08-31,90.615910146719,D,2.4635094918282,1953-08,4,0.024635094918282002
2000051,DISCBOND,5005,Fama Bliss Discount Bonds - 5-Year (Nominal),1953-08-31,86.987840078835,D,2.7895654078594,1953-08,5,0.027895654078594
2000047,DISCBOND,5001,Fama Bliss Discount Bonds - 1-Year (Nominal),1953-09-30,97.996238548341,D,2.0241090213926,1953-09,1,0.020241090213925998
2000048,DISCBOND,5002,Fama Bliss Discount Bonds - 2-Year (Nominal),1953-09-30,95.858539974714,D,2.114831159046,1953-09,2,0.02114831159046
2000049,DISCBOND,5003,Fama Bliss Discount Bonds - 3-Year (Nominal),1953-09-30,93.491827147648,D,2.2452558299474,1953-09,3,0.022452558299474
2000050,DISCBOND,5004,Fama Bliss Discount Bonds - 4-Year (Nominal),1953-09-30,91.473055350634,D,2.2266183221542,1953-09,4,0.022266183221542
2000051,DISCBOND,5005,Fama Bliss Discount Bonds - 5-Year (Nominal),1953-09-30,88.575641727173,D,2.42493699431,1953-09,5,0.024249369943099997
2000047,DISCBOND,5001,Fama Bliss Discount Bonds - 1-Year (Nominal),1953-10-30,98.354310680009,D,1.6639400253535,1953-10,1,0.016639400253535
2000048,DISCBOND,5002,Fama Bliss Discount Bonds - 2-Year (Nominal),1953-10-30,96.402590344966,D,1.8293497433927,1953-10,2,0.018293497433927
2000049,DISCBOND,5003,Fama Bliss Discount Bonds - 3-Year (Nominal),1953-10-30,94.356859484492,D,1.9326771328517,1953-10,3,0.019326771328517
2000050,DISCBOND,5004,Fama Bliss Discount Bonds - 4-Year (Nominal),1953-10-30,92.144231881528,D,2.0425794197066,1953-10,4,0.020425794197066
2000051,DISCBOND,5005,Fama Bliss Discount Bonds - 5-Year (Nominal),1953-10-30,89.350670592263,D,2.2495634901791,1953-10,5,0.022495634901791003
2000047,DISCBOND,5001,Fama Bliss Discount Bonds - 1-Year (Nominal),1953-11-30,98.435561967448,D,1.5768045111688,1953-11,1,0.015768045111688
2000048,DISCBOND,5002,Fama Bliss Discount Bonds - 2-Year (Nominal),1953-11-30,96.368827313209,D,1.8493702393289,1953-11,2,0.018493702393289
2000049,DISCBOND,5003,Fama Bliss Discount Bonds - 3-Year (Nominal),1953-11-30,94.43445119135,D,1.9070661428358,1953-11,3,0.019070661428358
2000050,DISCBOND,5004,Fama Bliss Discount Bonds - 4-Year (Nominal),1953-11-30,92.156229799069,D,2.0421224793904,1953-11,4,0.020421224793904
2000051,DISCBOND,5005,Fama Bliss Discount Bonds - 5-Year (Nominal),1953-11-30,88.599256460526,D,2.4222616356476,1953-11,5,0.024222616356476
2000047,DISCBOND,5001,Fama Bliss Discount Bonds - 1-Year (Nominal),1953-12-31,98.437834011484,D,1.5744963841361,1953-12,1,0.015744963841361
2000048,DISCBOND,5002,Fama Bliss Discount Bonds - 2-Year (Nominal),1953-12-31,96.46974825492,D,1.7995008871216,1953-12,2,0.017995008871216002
2000049,DISCBOND,5003,Fama Bliss Discount Bonds - 3-Year (Nominal),1953-12-31,94.279854522964,D,1.9616303347254,1953-12,3,0.019616303347254
2000050,DISCBOND,5004,Fama Bliss Discount Bonds - 4-Year (Nominal),1953-12-31,92.489970375362,D,1.9504135374541,1953-12,4,0.019504135374541
2000051,DISCBOND,5005,Fama Bliss Discount Bonds - 5-Year (Nominal),1953-12-31,89.523314908639,D,2.2122096163306,1953-12,5,0.022122096163306
2000047,DISCBOND,5001,Fama Bliss Discount Bonds - 1-Year (Nominal),1954-01-29,98.84636817755,D,1.1540144102315,1954-01,1,0.011540144102314999
2000048,DISCBOND,5002,Fama Bliss Discount Bonds - 2-Year (Nominal),1954-01-29,97.152792846408,D,1.440317099354,1954-01,2,0.01440317099354
2000049,DISCBOND,5003,Fama Bliss Discount Bonds - 3-Year (Nominal),1954-01-29,95.097890704098,D,1.6708688143484,1954-01,3,0.016708688143484002
2000050,DISCBOND,5004,Fama Bliss Discount Bonds - 4-Year (Nominal),1954-01-29,93.436443339847,D,1.6937380006366,1954-01,4,0.016937380006366
2000051,DISCBOND,5005,Fama Bliss Discount Bonds - 5-Year (Nominal),1954-01-29,89.917561856508,D,2.1232114714613,1954-01,5,0.021232114714613
2000047,DISCBOND,5001,Fama Bliss Discount Bonds - 1-Year (Nominal),1954-02-26,98.899739261523,D,1.1003291718618,1954-02,1,0.011003291718618
2000048,DISCBOND,5002,Fama Bliss Discount Bonds - 2-Year (Nominal),1954-02-26,97.435505202793,D,1.2936592118928,1954-02,2,0.012936592118928001
2000049,DISCBOND,5003,Fama Bliss Discount Bonds - 3-Year (Nominal),1954-02-26,95.598779238384,D,1.4962385557484,1954-02,3,0.014962385557484
2000050,DISCBOND,5004,Fama Bliss Discount Bonds - 4-Year (Nominal),1954-02-26,93.682496924698,D,1.6281248740824,1954-02,4,0.016281248740823998
2000051,DISCBOND,5005,Fama Bliss Discount Bonds - 5-Year (Nominal),1954-02-26,91.022559633434,D,1.8791966337814,1954-02,5,0.018791966337814
2000047,DISCBOND,5001,Fama Bliss Discount Bonds - 1-Year (Nominal),1954-03-31,98.947087937627,D,1.0584944007474,1954-03,1,0.010584944007474
2000048,DISCBOND,5002,Fama Bliss Discount Bonds - 2-Year (Nominal),1954-03-31,97.608680290315,D,1.2118480209426,1954-03,2,0.012118480209425998
2000049,DISCBOND,5003,Fama Bliss Discount Bonds - 3-Year (Nominal),1954-03-31,95.817296441842,D,1.4255341313162,1954-03,3,0.014255341313162
2000050,DISCBOND,5004,Fama Bliss Discount Bonds - 4-Year (Nominal),1954-03-31,93.808056077518,D,1.5968924735096,1954-03,4,0.015968924735096
2000051,DISCBOND,5005,Fama Bliss Discount Bonds - 5-Year (Nominal),1954-03-31,91.308736178816,D,1.8174783919258,1954-03,5,0.018174783919258
2000047,DISCBOND,5001,Fama Bliss Discount Bonds - 1-Year (Nominal),1954-04-30,99.168244166706,D,0.83752886007756,1954-04,1,0.0083752886007756
2000048,DISCBOND,5002,Fama Bliss Discount Bonds - 2-Year (Nominal),1954-04-30,97.750437712031,D,1.1360692070735,1954-04,2,0.011360692070735
2000049,DISCBOND,5003,Fama Bliss Discount Bonds - 3-Year (Nominal),1954-04-30,95.935126146874,D,1.3820043602031,1954-04,3,0.013820043602031
2000050,DISCBOND,5004,Fama Bliss Discount Bonds - 4-Year (Nominal),1954-04-30,94.00515709974,D,1.5444557499829,1954-04,4,0.015444557499828999
2000051,DISCBOND,5005,Fama Bliss Discount Bonds - 5-Year (Nominal),1954-04-30,92.403439541034,D,1.5792542756228,1954-04,5,0.015792542756228
2000047,DISCBOND,5001,Fama Bliss Discount Bonds - 1-Year (Nominal),1954-05-28,99.148707215339,D,0.84796737225453,1954-05,1,0.0084796737225453
2000048,DISCBOND,5002,Fama Bliss Discount Bonds - 2-Year (Nominal),1954-05-28,97.816292171023,D,1.0979357221458,1954-05,2,0.010979357221458
2000049,DISCBOND,5003,Fama Bliss Discount Bonds - 3-Year (Nominal),1954-05-28,95.788147981676,D,1.4291535610504,1954-05,3,0.014291535610504
2000050,DISCBOND,5004,Fama Bliss Discount Bonds - 4-Year (Nominal),1954-05-28,92.950176765834,D,1.8251640328237,1954-05,4,0.018251640328237
2000051,DISCBOND,5005,Fama Bliss Discount Bonds - 5-Year (Nominal),1954-05-28,91.50314677307,D,1.7739923510021,1954-05,5,0.017739923510021002
2000047,DISCBOND,5001,Fama Bliss Discount Bonds - 1-Year (Nominal),1954-06-30,99.271010513184,D,0.73165959965104,1954-06,1,0.0073165959965104
2000048,DISCBOND,5002,Fama Bliss Discount Bonds - 2-Year (Nominal),1954-06-30,98.191495394499,D,0.91252896610487,1954-06,2,0.0091252896610487
2000049,DISCBOND,5003,Fama Bliss Discount Bonds - 3-Year (Nominal),1954-06-30,96.125475321728,D,1.3196040225389,1954-06,3,0.013196040225389
2000050,DISCBOND,5004,Fama Bliss Discount Bonds - 4-Year (Nominal),1954-06-30,93.616793567654,D,1.6478813548757,1954-06,4,0.016478813548757
2000051,DISCBOND,5005,Fama Bliss Discount Bonds - 5-Year (Nominal),1954-06-30,91.540336337942,D,1.7668413419083,1954-06,5,0.017668413419083
2000047,DISCBOND,5001,Fama Bliss Discount Bonds - 1-Year (Nominal),1954-07-30,99.370913323126,D,0.63280751240737,1954-07,1,0.0063280751240737
2000048,DISCBOND,5002,Fama Bliss Discount Bonds - 2-Year (Nominal),1954-07-30,98.171259674281,D,0.92031285659392,1954-07,2,0.0092031285659392
2000049,DISCBOND,5003,Fama Bliss Discount Bonds - 3-Year (Nominal),1954-07-30,96.0770437375,D,1.3315605036619,1954-07,3,0.013315605036619
2000050,DISCBOND,5004,Fama Bliss Discount Bonds - 4-Year (Nominal),1954-07-30,93.782569662182,D,1.6025839775792,1954-07,4,0.016025839775792
2000051,DISCBOND,5005,Fama Bliss Discount Bonds - 5-Year (Nominal),1954-07-30,91.61968303003,D,1.7485648932271,1954-07,5,0.017485648932271
2000047,DISCBOND,5001,Fama Bliss Discount Bonds - 1-Year (Nominal),1954-08-31,99.179365266203,D,0.82402047640524,1954-08,1,0.0082402047640524
2000048,DISCBOND,5002,Fama Bliss Discount Bonds - 2-Year (Nominal),1954-08-31,98.166718813047,D,0.92388142975342,1954-08,2,0.0092388142975342
2000049,DISCBOND,5003,Fama Bliss Discount Bonds - 3-Year (Nominal),1954-08-31,96.087674798556,D,1.3303044447895,1954-08,3,0.013303044447895
2000050,DISCBOND,5004,Fama Bliss Discount Bonds - 4-Year (Nominal),1954-08-31,93.782949468282,D,1.6057779793103,1954-08,4,0.016057779793103
2000051,DISCBOND,5005,Fama Bliss Discount Bonds - 5-Year (Nominal),1954-08-31,91.316584749236,D,1.8157602792564,1954-08,5,0.018157602792564
2000047,DISCBOND,5001,Fama Bliss Discount Bonds - 1-Year (Nominal),1954-09-30,99.065333157169,D,0.9390622631637,1954-09,1,0.009390622631637001
2000048,DISCBOND,5002,Fama Bliss Discount Bonds - 2-Year (Nominal),1954-09-30,97.918799512026,D,1.0530238568045,1954-09,2,0.010530238568045
2000049,DISCBOND,5003,Fama Bliss Discount Bonds - 3-Year (Nominal),1954-09-30,95.532447761872,D,1.5220843326499,1954-09,3,0.015220843326499001
2000050,DISCBOND,5004,Fama Bliss Discount Bonds - 4-Year (Nominal),1954-09-30,93.680833527257,D,1.6307972808351,1954-09,4,0.016307972808350998
2000051,DISCBOND,5005,Fama Bliss Discount Bonds - 5-Year (Nominal),1954-09-30,91.020981730279,D,1.8805722405949,1954-09,5,0.018805722405949
2000047,DISCBOND,5001,Fama Bliss Discount Bonds - 1-Year (Nominal),1954-10-29,98.95392010211,D,1.0458590361322,1954-10,1,0.010458590361322
2000048,DISCBOND,5002,Fama Bliss Discount Bonds - 2-Year (Nominal),1954-10-29,97.415311226472,D,1.3039806094656,1954-10,2,0.013039806094656
2000049,DISCBOND,5003,Fama Bliss Discount Bonds - 3-Year (Nominal),1954-10-29,95.327823369085,D,1.5905909503765,1954-10,3,0.015905909503764998
2000050,DISCBOND,5004,Fama Bliss Discount Bonds - 4-Year (Nominal),1954-10-29,93.11652524897,D,1.7793068310525,1954-10,4,0.017793068310525
2000051,DISCBOND,5005,Fama Bliss Discount Bonds - 5-Year (Nominal),1954-10-29,91.175700275859,D,1.8456127706575,1954-10,5,0.018456127706575
2000047,DISCBOND,5001,Fama Bliss Discount Bonds - 1-Year (Nominal),1954-11-30,98.963321255808,D,1.0420896868331,1954-11,1,0.010420896868331
2000048,DISCBOND,5002,Fama Bliss Discount Bonds - 2-Year (Nominal),1954-11-30,97.350791822515,D,1.340629546651,1954-11,2,0.013406295466510001
2000049,DISCBOND,5003,Fama Bliss Discount Bonds - 3-Year (Nominal),1954-11-30,95.300456973791,D,1.6045193888668,1954-11,3,0.016045193888668
2000050,DISCBOND,5004,Fama Bliss Discount Bonds - 4-Year (Nominal),1954-11-30,92.771089063148,D,1.8771642023004,1954-11,4,0.018771642023004
2000051,DISCBOND,5005,Fama Bliss Discount Bonds - 5-Year (Nominal),1954-11-30,90.745705501567,D,1.9411170369391,1954-11,5,0.019411170369391
2000047,DISCBOND,5001,Fama Bliss Discount Bonds - 1-Year (Nominal),1954-12-31,98.870622137243,D,1.1389241527366,1954-12,1,0.011389241527366001
2000048,DISCBOND,5002,Fama Bliss Discount Bonds - 2-Year (Nominal),1954-12-31,97.073936253252,D,1.4828321482804,1954-12,2,0.014828321482804002
2000049,DISCBOND,5003,Fama Bliss Discount Bonds - 3-Year (Nominal),1954-12-31,94.985048578212,D,1.7134582727421,1954-12,3,0.017134582727421
2000050,DISCBOND,5004,Fama Bliss Discount Bonds - 4-Year (Nominal),1954-12-31,92.347430829879,D,1.9889452450534,1954-12,4,0.019889452450534
2000051,DISCBOND,5005,Fama Bliss Discount Bonds - 5-Year (Nominal),1954-12-31,90.359202506133,D,2.0264359622487,1954-12,5,0.020264359622487002
2000047,DISCBOND,5001,Fama Bliss Discount Bonds - 1-Year (Nominal),1955-01-31,98.715325352221,D,1.2929979543141,1955-01,1,0.012929979543140999
2000048,DISCBOND,5002,Fama Bliss Discount Bonds - 2-Year (Nominal),1955-01-31,96.52231878045,D,1.7673750276711,1955-01,2,0.017673750276711
2000049,DISCBOND,5003,Fama Bliss Discount Bonds - 3-Year (Nominal),1955-01-31,94.515661473447,D,1.8784391180403,1955-01,3,0.018784391180403
2000050,DISCBOND,5004,Fama Bliss Discount Bonds - 4-Year (Nominal),1955-01-31,91.906008979527,D,2.110094317434,1955-01,4,0.02110094317434
2000051,DISCBOND,5005,Fama Bliss Discount Bonds - 5-Year (Nominal),1955-01-31,89.882187253955,D,2.1345776693338,1955-01,5,0.021345776693338002
2000047,DISCBOND,5001,Fama Bliss Discount Bonds - 1-Year (Nominal),1955-02-28,98.354631983592,D,1.6545216351543,1955-02,1,0.016545216351543
2000048,DISCBOND,5002,Fama Bliss Discount Bonds - 2-Year (Nominal),1955-02-28,96.266825189011,D,1.8997186979871,1955-02,2,0.018997186979871
2000049,DISCBOND,5003,Fama Bliss Discount Bonds - 3-Year (Nominal),1955-02-28,93.961443216322,D,2.0742946315552,1955-02,3,0.020742946315552003
2000050,DISCBOND,5004,Fama Bliss Discount Bonds - 4-Year (Nominal),1955-02-28,91.093470852243,D,2.3321013602172,1955-02,4,0.023321013602171998
2000051,DISCBOND,5005,Fama Bliss Discount Bonds - 5-Year (Nominal),1955-02-28,88.933405120653,D,2.3430792909469,1955-02,5,0.023430792909469
2000047,DISCBOND,5001,Fama Bliss Discount Bonds - 1-Year (Nominal),1955-03-31,98.457838821771,D,1.5584459548066,1955-03,1,0.015584459548066
2000048,DISCBOND,5002,Fama Bliss Discount Bonds - 2-Year (Nominal),1955-03-31,96.026015795573,D,2.0303329445005,1955-03,2,0.020303329445005
2000049,DISCBOND,5003,Fama Bliss Discount Bonds - 3-Year (Nominal),1955-03-31,93.651669330756,D,2.1842697232891,1955-03,3,0.021842697232891003
2000050,DISCBOND,5004,Fama Bliss Discount Bonds - 4-Year (Nominal),1955-03-31,91.268161514427,D,2.2826411745672,1955-03,4,0.022826411745672
2000051,DISCBOND,5005,Fama Bliss Discount Bonds - 5-Year (Nominal),1955-03-31,88.952261184876,D,2.3388438912159,1955-03,5,0.023388438912159
2000047,DISCBOND,5001,Fama Bliss Discount Bonds - 1-Year (Nominal),1955-04-29,98.374324913745,D,1.6301020958009,1955-04,1,0.016301020958009
2000048,DISCBOND,5002,Fama Bliss Discount Bonds - 2-Year (Nominal),1955-04-29,95.866967566227,D,2.1046693358036,1955-04,2,0.021046693358036
2000049,DISCBOND,5003,Fama Bliss Discount Bonds - 3-Year (Nominal),1955-04-29,93.370563761093,D,2.282299861707,1955-04,3,0.02282299861707
2000050,DISCBOND,5004,Fama Bliss Discount Bonds - 4-Year (Nominal),1955-04-29,91.289722773533,D,2.2751825726252,1955-04,4,0.022751825726252003
2000051,DISCBOND,5005,Fama Bliss Discount Bonds - 5-Year (Nominal),1955-04-29,88.947417345826,D,2.3399318159488,1955-04,5,0.023399318159488
2000047,DISCBOND,5001,Fama Bliss Discount Bonds - 1-Year (Nominal),1955-05-31,98.199766164213,D,1.8116717429321,1955-05,1,0.018116717429321
2000048,DISCBOND,5002,Fama Bliss Discount Bonds - 2-Year (Nominal),1955-05-31,95.979699443951,D,2.0488673885804,1955-05,2,0.020488673885804
2000049,DISCBOND,5003,Fama Bliss Discount Bonds - 3-Year (Nominal),1955-05-31,93.268050625821,D,2.3252091802989,1955-05,3,0.023252091802988997
2000050,DISCBOND,5004,Fama Bliss Discount Bonds - 4-Year (Nominal),1955-05-31,91.162839730663,D,2.314656278148,1955-05,4,0.02314656278148
2000051,DISCBOND,5005,Fama Bliss Discount Bonds - 5-Year (Nominal),1955-05-31,88.723197592453,D,2.3903564557768,1955-05,5,0.023903564557768
2000047,DISCBOND,5001,Fama Bliss Discount Bonds - 1-Year (Nominal),1955-06-30,98.177691325892,D,1.8391172343443,1955-06,1,0.018391172343443
2000048,DISCBOND,5002,Fama Bliss Discount Bonds - 2-Year (Nominal),1955-06-30,95.772056343799,D,2.1658956062345,1955-06,2,0.021658956062344997
2000049,DISCBOND,5003,Fama Bliss Discount Bonds - 3-Year (Nominal),1955-06-30,92.9761276373,D,2.4253657476892,1955-06,3,0.024253657476892
2000050,DISCBOND,5004,Fama Bliss Discount Bonds - 4-Year (Nominal),1955-06-30,90.67197537744,D,2.4463709116842,1955-06,4,0.024463709116842
2000051,DISCBOND,5005,Fama Bliss Discount Bonds - 5-Year (Nominal),1955-06-30,88.181018198424,D,2.5128153953006,1955-06,5,0.025128153953006
2000047,DISCBOND,5001,Fama Bliss Discount Bonds - 1-Year (Nominal),1955-07-29,97.999166571338,D,2.0046446152902,1955-07,1,0.020046446152902
2000048,DISCBOND,5002,Fama Bliss Discount Bonds - 2-Year (Nominal),1955-07-29,95.460228719325,D,2.3135163591736,1955-07,2,0.023135163591736
2000049,DISCBOND,5003,Fama Bliss Discount Bonds - 3-Year (Nominal),1955-07-29,92.72258823812,D,2.511720981954,1955-07,3,0.02511720981954
2000050,DISCBOND,5004,Fama Bliss Discount Bonds - 4-Year (Nominal),1955-07-29,90.386330659263,D,2.5217468231496,1955-07,4,0.025217468231496
2000051,DISCBOND,5005,Fama Bliss Discount Bonds - 5-Year (Nominal),1955-07-29,87.474308007254,D,2.6735712073846,1955-07,5,0.026735712073846
2000047,DISCBOND,5001,Fama Bliss Discount Bonds - 1-Year (Nominal),1955-08-31,97.876410103407,D,2.1405978575206,1955-08,1,0.021405978575206
2000048,DISCBOND,5002,Fama Bliss Discount Bonds - 2-Year (Nominal),1955-08-31,95.047827757411,D,2.5394985499005,1955-08,2,0.025394985499005
2000049,DISCBOND,5003,Fama Bliss Discount Bonds - 3-Year (Nominal),1955-08-31,92.378942046299,D,2.6447863337429,1955-08,3,0.026447863337429
2000050,DISCBOND,5004,Fama Bliss Discount Bonds - 4-Year (Nominal),1955-08-31,89.979350574875,D,2.6379427504854,1955-08,4,0.026379427504854
2000051,DISCBOND,5005,Fama Bliss Discount Bonds - 5-Year (Nominal),1955-08-31,87.087274042858,D,2.7621613559634,1955-08,5,0.027621613559634
2000047,DISCBOND,5001,Fama Bliss Discount Bonds - 1-Year (Nominal),1955-09-30,98.026770548427,D,1.9984328229254,1955-09,1,0.019984328229254
2000048,DISCBOND,5002,Fama Bliss Discount Bonds - 2-Year (Nominal),1955-09-30,95.33683750331,D,2.3844290398804,1955-09,2,0.023844290398803997
2000049,DISCBOND,5003,Fama Bliss Discount Bonds - 3-Year (Nominal),1955-09-30,92.807788399058,D,2.4857174725944,1955-09,3,0.024857174725944
2000050,DISCBOND,5004,Fama Bliss Discount Bonds - 4-Year (Nominal),1955-09-30,90.197855152411,D,2.5773482012482,1955-09,4,0.025773482012482002
2000051,DISCBOND,5005,Fama Bliss Discount Bonds - 5-Year (Nominal),1955-09-30,87.548389916761,D,2.6566589285958,1955-09,5,0.026566589285958
2000047,DISCBOND,5001,Fama Bliss Discount Bonds - 1-Year (Nominal),1955-10-31,97.945968957461,D,2.0697491553461,1955-10,1,0.020697491553460998
2000048,DISCBOND,5002,Fama Bliss Discount Bonds - 2-Year (Nominal),1955-10-31,95.487493745225,D,2.3055867997266,1955-10,2,0.023055867997266
2000049,DISCBOND,5003,Fama Bliss Discount Bonds - 3-Year (Nominal),1955-10-31,92.938262510728,D,2.4389313392226,1955-10,3,0.024389313392226
2000050,DISCBOND,5004,Fama Bliss Discount Bonds - 4-Year (Nominal),1955-10-31,90.470353092822,D,2.5036994771537,1955-10,4,0.025036994771536997
2000051,DISCBOND,5005,Fama Bliss Discount Bonds - 5-Year (Nominal),1955-10-31,88.078309899719,D,2.5360983334035,1955-10,5,0.025360983334034998
2000047,DISCBOND,5001,Fama Bliss Discount Bonds - 1-Year (Nominal),1955-11-30,97.453551893939,D,2.5723836659168,1955-11,1,0.025723836659167998
2000048,DISCBOND,5002,Fama Bliss Discount Bonds - 2-Year (Nominal),1955-11-30,95.19042406951,D,2.4645418377591,1955-11,2,0.024645418377591
2000049,DISCBOND,5003,Fama Bliss Discount Bonds - 3-Year (Nominal),1955-11-30,92.080641032807,D,2.7526957655427,1955-11,3,0.027526957655427
2000050,DISCBOND,5004,Fama Bliss Discount Bonds - 4-Year (Nominal),1955-11-30,90.156182289112,D,2.5888933659837,1955-11,4,0.025888933659837
2000051,DISCBOND,5005,Fama Bliss Discount Bonds - 5-Year (Nominal),1955-11-30,87.258847835838,D,2.7228404866912,1955-11,5,0.027228404866911998
2000047,DISCBOND,5001,Fama Bliss Discount Bonds - 1-Year (Nominal),1955-12-30,97.367626232607,D,2.6531034552236,1955-12,1,0.026531034552236
2000048,DISCBOND,5002,Fama Bliss Discount Bonds - 2-Year (Nominal),1955-12-30,94.870986694642,D,2.6254197375463,1955-12,2,0.026254197375463
2000049,DISCBOND,5003,Fama Bliss Discount Bonds - 3-Year (Nominal),1955-12-30,91.915153395939,D,2.8050193406995,1955-12,3,0.028050193406994998
2000050,DISCBOND,5004,Fama Bliss Discount Bonds - 4-Year (Nominal),1955-12-30,89.99771600222,D,2.6310431821105,1955-12,4,0.026310431821105
2000051,DISCBOND,5005,Fama Bliss Discount Bonds - 5-Year (Nominal),1955-12-30,86.92158289532,D,2.8002076528139,1955-12,5,0.028002076528139002
2000047,DISCBOND,5001,Fama Bliss Discount Bonds - 1-Year (Nominal),1956-01-31,97.651021130816,D,2.3705126669949,1956-01,1,0.023705126669949
2000048,DISCBOND,5002,Fama Bliss Discount Bonds - 2-Year (Nominal),1956-01-31,95.174055584341,D,2.4697571135014,1956-01,2,0.024697571135013998
2000049,DISCBOND,5003,Fama Bliss Discount Bonds - 3-Year (Nominal),1956-01-31,92.549870560948,D,2.5807515954015,1956-01,3,0.025807515954015
2000050,DISCBOND,5004,Fama Bliss Discount Bonds - 4-Year (Nominal),1956-01-31,90.202919196495,D,2.5794767961935,1956-01,4,0.025794767961935
2000051,DISCBOND,5005,Fama Bliss Discount Bonds - 5-Year (Nominal),1956-01-31,87.662831053926,D,2.6305610852728,1956-01,5,0.026305610852728
2000047,DISCBOND,5001,Fama Bliss Discount Bonds - 1-Year (Nominal),1956-02-29,97.520028248958,D,2.5112411141642,1956-02,1,0.025112411141641998
2000048,DISCBOND,5002,Fama Bliss Discount Bonds - 2-Year (Nominal),1956-02-29,95.220438699313,D,2.4487787507088,1956-02,2,0.024487787507088
2000049,DISCBOND,5003,Fama Bliss Discount Bonds - 3-Year (Nominal),1956-02-29,92.422973357538,D,2.6288876679617,1956-02,3,0.026288876679617
2000050,DISCBOND,5004,Fama Bliss Discount Bonds - 4-Year (Nominal),1956-02-29,90.063767161875,D,2.6145153581635,1956-02,4,0.026145153581635
2000051,DISCBOND,5005,Fama Bliss Discount Bonds - 5-Year (Nominal),1956-02-29,87.405423907606,D,2.6907824483024,1956-02,5,0.026907824483024
2000047,DISCBOND,5001,Fama Bliss Discount Bonds - 1-Year (Nominal),1956-03-29,97.512512420097,D,2.5189483704394,1956-03,1,0.025189483704394
2000048,DISCBOND,5002,Fama Bliss Discount Bonds - 2-Year (Nominal),1956-03-29,94.71612422725,D,2.7068806465059,1956-03,2,0.027068806465059
2000049,DISCBOND,5003,Fama Bliss Discount Bonds - 3-Year (Nominal),1956-03-29,92.188385518986,D,2.7062581835015,1956-03,3,0.027062581835014997
2000050,DISCBOND,5004,Fama Bliss Discount Bonds - 4-Year (Nominal),1956-03-29,89.660495751914,D,2.7229029513385,1956-03,4,0.027229029513385
2000051,DISCBOND,5005,Fama Bliss Discount Bonds - 5-Year (Nominal),1956-03-29,86.188225687554,D,2.9694779652982,1956-03,5,0.029694779652982
2000047,DISCBOND,5001,Fama Bliss Discount Bonds - 1-Year (Nominal),1956-04-30,97.101465075387,D,2.9413722489632,1956-04,1,0.029413722489632
2000048,DISCBOND,5002,Fama Bliss Discount Bonds - 2-Year (Nominal),1956-04-30,93.892497164675,D,3.1509852682936,1956-04,2,0.031509852682936004
2000049,DISCBOND,5003,Fama Bliss Discount Bonds - 3-Year (Nominal),1956-04-30,91.235579040302,D,3.0575082220976,1956-04,3,0.030575082220976
2000050,DISCBOND,5004,Fama Bliss Discount Bonds - 4-Year (Nominal),1956-04-30,88.968912142853,D,2.9220794760429,1956-04,4,0.029220794760429
2000051,DISCBOND,5005,Fama Bliss Discount Bonds - 5-Year (Nominal),1956-04-30,85.887338366573,D,3.044343432772,1956-04,5,0.03044343432772
2000047,DISCBOND,5001,Fama Bliss Discount Bonds - 1-Year (Nominal),1956-05-31,97.209562914236,D,2.8301095469761,1956-05,1,0.028301095469761003
2000048,DISCBOND,5002,Fama Bliss Discount Bonds - 2-Year (Nominal),1956-05-31,94.39020838734,D,2.8945726104773,1956-05,2,0.028945726104773
2000049,DISCBOND,5003,Fama Bliss Discount Bonds - 3-Year (Nominal),1956-05-31,91.835666420731,D,2.8441762183694,1956-05,3,0.028441762183694
2000050,DISCBOND,5004,Fama Bliss Discount Bonds - 4-Year (Nominal),1956-05-31,89.141028089306,D,2.8717952096941,1956-05,4,0.028717952096941
2000051,DISCBOND,5005,Fama Bliss Discount Bonds - 5-Year (Nominal),1956-05-31,86.444054538256,D,2.9118593596782,1956-05,5,0.029118593596781997
2000047,DISCBOND,5001,Fama Bliss Discount Bonds - 1-Year (Nominal),1956-06-29,97.496266165327,D,2.5495806829881,1956-06,1,0.025495806829881
2000048,DISCBOND,5002,Fama Bliss Discount Bonds - 2-Year (Nominal),1956-06-29,94.510933366715,D,2.8188715990481,1956-06,2,0.028188715990481002
2000049,DISCBOND,5003,Fama Bliss Discount Bonds - 3-Year (Nominal),1956-06-29,91.989889149411,D,2.7805113505518,1956-06,3,0.027805113505518002
2000050,DISCBOND,5004,Fama Bliss Discount Bonds - 4-Year (Nominal),1956-06-29,89.296426613322,D,2.8263461618818,1956-06,4,0.028263461618818
2000051,DISCBOND,5005,Fama Bliss Discount Bonds - 5-Year (Nominal),1956-06-29,86.736325509275,D,2.8428327556698,1956-06,5,0.028428327556698
2000047,DISCBOND,5001,Fama Bliss Discount Bonds - 1-Year (Nominal),1956-07-31,97.320379334741,D,2.7161770271685,1956-07,1,0.027161770271685
2000048,DISCBOND,5002,Fama Bliss Discount Bonds - 2-Year (Nominal),1956-07-31,93.977722338424,D,3.1056214102961,1956-07,2,0.031056214102961
2000049,DISCBOND,5003,Fama Bliss Discount Bonds - 3-Year (Nominal),1956-07-31,91.620531508355,D,2.9171599642717,1956-07,3,0.029171599642717
2000050,DISCBOND,5004,Fama Bliss Discount Bonds - 4-Year (Nominal),1956-07-31,88.466231660361,D,3.0658317940824,1956-07,4,0.030658317940824
2000051,DISCBOND,5005,Fama Bliss Discount Bonds - 5-Year (Nominal),1956-07-31,85.511141369731,D,3.1287557149366,1956-07,5,0.031287557149366
2000047,DISCBOND,5001,Fama Bliss Discount Bonds - 1-Year (Nominal),1956-08-31,96.932061958067,D,3.124545041657,1956-08,1,0.031245450416569998
2000048,DISCBOND,5002,Fama Bliss Discount Bonds - 2-Year (Nominal),1956-08-31,93.840580758706,D,3.1873723102534,1956-08,2,0.031873723102534
2000049,DISCBOND,5003,Fama Bliss Discount Bonds - 3-Year (Nominal),1956-08-31,90.763488393045,D,3.2304364781944,1956-08,3,0.032304364781944005
2000050,DISCBOND,5004,Fama Bliss Discount Bonds - 4-Year (Nominal),1956-08-31,87.336683253605,D,3.3826735208747,1956-08,4,0.033826735208746996
2000051,DISCBOND,5005,Fama Bliss Discount Bonds - 5-Year (Nominal),1956-08-31,84.198863115242,D,3.4378914537076,1956-08,5,0.034378914537076
2000047,DISCBOND,5001,Fama Bliss Discount Bonds - 1-Year (Nominal),1956-09-28,96.852159703076,D,3.1810194427174,1956-09,1,0.031810194427174004
2000048,DISCBOND,5002,Fama Bliss Discount Bonds - 2-Year (Nominal),1956-09-28,93.739204648372,D,3.2238515143224,1956-09,2,0.032238515143224
2000049,DISCBOND,5003,Fama Bliss Discount Bonds - 3-Year (Nominal),1956-09-28,90.495288490747,D,3.3230104815108,1956-09,3,0.033230104815108
2000050,DISCBOND,5004,Fama Bliss Discount Bonds - 4-Year (Nominal),1956-09-28,87.114339771728,D,3.4416451336117,1956-09,4,0.034416451336117
2000051,DISCBOND,5005,Fama Bliss Discount Bonds - 5-Year (Nominal),1956-09-28,83.926549704354,D,3.5007271169904,1956-09,5,0.035007271169904
2000047,DISCBOND,5001,Fama Bliss Discount Bonds - 1-Year (Nominal),1956-10-31,96.967100699916,D,3.0798433057308,1956-10,1,0.030798433057308002
2000048,DISCBOND,5002,Fama Bliss Discount Bonds - 2-Year (Nominal),1956-10-31,93.775683799317,D,3.2132299065928,1956-10,2,0.032132299065928
2000049,DISCBOND,5003,Fama Bliss Discount Bonds - 3-Year (Nominal),1956-10-31,90.764273164686,D,3.2331006476368,1956-10,3,0.032331006476368
2000050,DISCBOND,5004,Fama Bliss Discount Bonds - 4-Year (Nominal),1956-10-31,87.437015399117,D,3.3539897183484,1956-10,4,0.033539897183484005
2000051,DISCBOND,5005,Fama Bliss Discount Bonds - 5-Year (Nominal),1956-10-31,84.094783533607,D,3.4626155226064,1956-10,5,0.034626155226064
2000047,DISCBOND,5001,Fama Bliss Discount Bonds - 1-Year (Nominal),1956-11-30,96.639650698918,D,3.4274971815301,1956-11,1,0.034274971815301
2000048,DISCBOND,5002,Fama Bliss Discount Bonds - 2-Year (Nominal),1956-11-30,93.266227612956,D,3.4951819931653,1956-11,2,0.034951819931653
2000049,DISCBOND,5003,Fama Bliss Discount Bonds - 3-Year (Nominal),1956-11-30,89.853926206127,D,3.5661626520065,1956-11,3,0.035661626520065
2000050,DISCBOND,5004,Fama Bliss Discount Bonds - 4-Year (Nominal),1956-11-30,86.986894975632,D,3.4829322872189,1956-11,4,0.034829322872189004
2000051,DISCBOND,5005,Fama Bliss Discount Bonds - 5-Year (Nominal),1956-11-30,83.434180687708,D,3.6202585842347,1956-11,5,0.036202585842347
2000047,DISCBOND,5001,Fama Bliss Discount Bonds - 1-Year (Nominal),1956-12-31,96.614383026072,D,3.4442563243579,1956-12,1,0.034442563243579
2000048,DISCBOND,5002,Fama Bliss Discount Bonds - 2-Year (Nominal),1956-12-31,93.099653313581,D,3.5749862759436,1956-12,2,0.035749862759436
2000049,DISCBOND,5003,Fama Bliss Discount Bonds - 3-Year (Nominal),1956-12-31,89.926288034709,D,3.5393292080144,1956-12,3,0.035393292080143995
2000050,DISCBOND,5004,Fama Bliss Discount Bonds - 4-Year (Nominal),1956-12-31,86.839555055031,D,3.5276991181019,1956-12,4,0.035276991181019
2000051,DISCBOND,5005,Fama Bliss Discount Bonds - 5-Year (Nominal),1956-12-31,83.267796043062,D,3.6641739781533,1956-12,5,0.036641739781533
2000047,DISCBOND,5001,Fama Bliss Discount Bonds - 1-Year (Nominal),1957-01-31,97.070618860353,D,2.9731442881446,1957-01,1,0.029731442881446003
2000048,DISCBOND,5002,Fama Bliss Discount Bonds - 2-Year (Nominal),1957-01-31,93.621072204415,D,3.3002557682986,1957-01,2,0.033002557682985996
2000049,DISCBOND,5003,Fama Bliss Discount Bonds - 3-Year (Nominal),1957-01-31,90.799446944773,D,3.2231200423906,1957-01,3,0.032231200423906
2000050,DISCBOND,5004,Fama Bliss Discount Bonds - 4-Year (Nominal),1957-01-31,87.867838393415,D,3.2311953463785,1957-01,4,0.032311953463785
2000051,DISCBOND,5005,Fama Bliss Discount Bonds - 5-Year (Nominal),1957-01-31,84.740212853981,D,3.3097848916038,1957-01,5,0.033097848916038
2000047,DISCBOND,5001,Fama Bliss Discount Bonds - 1-Year (Nominal),1957-02-28,96.816760838577,D,3.2350057535293,1957-02,1,0.032350057535293
2000048,DISCBOND,5002,Fama Bliss Discount Bonds - 2-Year (Nominal),1957-02-28,93.49100391658,D,3.3698647061906,1957-02,2,0.033698647061906
2000049,DISCBOND,5003,Fama Bliss Discount Bonds - 3-Year (Nominal),1957-02-28,90.40222339608,D,3.3603088211338,1957-02,3,0.033603088211338
2000050,DISCBOND,5004,Fama Bliss Discount Bonds - 4-Year (Nominal),1957-02-28,87.376563000285,D,3.3712684176763,1957-02,4,0.033712684176763
2000051,DISCBOND,5005,Fama Bliss Discount Bonds - 5-Year (Nominal),1957-02-28,84.433485677938,D,3.3822688597658,1957-02,5,0.033822688597658
2000047,DISCBOND,5001,Fama Bliss Discount Bonds - 1-Year (Nominal),1957-03-29,96.659756491571,D,3.3787899564062,1957-03,1,0.033787899564062
2000048,DISCBOND,5002,Fama Bliss Discount Bonds - 2-Year (Nominal),1957-03-29,93.73712567219,D,3.2249574117781,1957-03,2,0.032249574117780996
2000049,DISCBOND,5003,Fama Bliss Discount Bonds - 3-Year (Nominal),1957-03-29,90.620353115027,D,3.2740749130982,1957-03,3,0.032740749130981996
2000050,DISCBOND,5004,Fama Bliss Discount Bonds - 4-Year (Nominal),1957-03-29,87.309477771933,D,3.3881378123217,1957-03,4,0.033881378123217
2000051,DISCBOND,5005,Fama Bliss Discount Bonds - 5-Year (Nominal),1957-03-29,84.36161955526,D,3.3974294103128,1957-03,5,0.033974294103128
2000047,DISCBOND,5001,Fama Bliss Discount Bonds - 1-Year (Nominal),1957-04-30,96.583179264108,D,3.4765587632356,1957-04,1,0.034765587632356
2000048,DISCBOND,5002,Fama Bliss Discount Bonds - 2-Year (Nominal),1957-04-30,93.732661089275,D,3.2361743311851,1957-04,2,0.032361743311851
2000049,DISCBOND,5003,Fama Bliss Discount Bonds - 3-Year (Nominal),1957-04-30,90.106504132413,D,3.4725946384951,1957-04,3,0.034725946384950995
2000050,DISCBOND,5004,Fama Bliss Discount Bonds - 4-Year (Nominal),1957-04-30,86.911461951323,D,3.5094104956671,1957-04,4,0.035094104956671
2000051,DISCBOND,5005,Fama Bliss Discount Bonds - 5-Year (Nominal),1957-04-30,83.779598486236,D,3.5376746934068,1957-04,5,0.035376746934068
2000047,DISCBOND,5001,Fama Bliss Discount Bonds - 1-Year (Nominal),1957-05-31,96.5859198077,D,3.4928601745874,1957-05,1,0.034928601745874
2000048,DISCBOND,5002,Fama Bliss Discount Bonds - 2-Year (Nominal),1957-05-31,93.460228872518,D,3.3910005545233,1957-05,2,0.033910005545233005
2000049,DISCBOND,5003,Fama Bliss Discount Bonds - 3-Year (Nominal),1957-05-31,89.747469003261,D,3.6023889443778,1957-05,3,0.036023889443778
2000050,DISCBOND,5004,Fama Bliss Discount Bonds - 4-Year (Nominal),1957-05-31,86.446136532765,D,3.6387244314725,1957-05,4,0.036387244314724995
2000051,DISCBOND,5005,Fama Bliss Discount Bonds - 5-Year (Nominal),1957-05-31,83.072134927123,D,3.7071857485933,1957-05,5,0.037071857485933
2000047,DISCBOND,5001,Fama Bliss Discount Bonds - 1-Year (Nominal),1957-06-27,96.45415680404,D,3.5808036444976,1957-06,1,0.035808036444976
2000048,DISCBOND,5002,Fama Bliss Discount Bonds - 2-Year (Nominal),1957-06-27,93.188658987793,D,3.5127718289047,1957-06,2,0.035127718289047
2000049,DISCBOND,5003,Fama Bliss Discount Bonds - 3-Year (Nominal),1957-06-27,89.422483140623,D,3.7130380564509,1957-06,3,0.037130380564509
2000050,DISCBOND,5004,Fama Bliss Discount Bonds - 4-Year (Nominal),1957-06-27,85.706019605713,D,3.8456421438224,1957-06,4,0.038456421438224
2000051,DISCBOND,5005,Fama Bliss Discount Bonds - 5-Year (Nominal),1957-06-27,82.067584944456,D,3.9460548185901,1957-06,5,0.039460548185901
2000047,DISCBOND,5001,Fama Bliss Discount Bonds - 1-Year (Nominal),1957-07-31,96.188245664581,D,3.8863022220666,1957-07,1,0.038863022220665996
2000048,DISCBOND,5002,Fama Bliss Discount Bonds - 2-Year (Nominal),1957-07-31,92.943558922783,D,3.6588885186263,1957-07,2,0.036588885186263
2000049,DISCBOND,5003,Fama Bliss Discount Bonds - 3-Year (Nominal),1957-07-31,89.243914057646,D,3.796699071307,1957-07,3,0.03796699071307
2000050,DISCBOND,5004,Fama Bliss Discount Bonds - 4-Year (Nominal),1957-07-31,85.469557900863,D,3.9225614374169,1957-07,4,0.039225614374169
2000051,DISCBOND,5005,Fama Bliss Discount Bonds - 5-Year (Nominal),1957-07-31,81.689159813664,D,4.0427621726144,1957-07,5,0.040427621726143996
2000047,DISCBOND,5001,Fama Bliss Discount Bonds - 1-Year (Nominal),1957-08-30,96.194286411064,D,3.8906818643733,1957-08,1,0.038906818643733
2000048,DISCBOND,5002,Fama Bliss Discount Bonds - 2-Year (Nominal),1957-08-30,92.937128017361,D,3.6573381721208,1957-08,2,0.036573381721208
2000049,DISCBOND,5003,Fama Bliss Discount Bonds - 3-Year (Nominal),1957-08-30,89.254010309695,D,3.7825523137313,1957-08,3,0.037825523137313
2000050,DISCBOND,5004,Fama Bliss Discount Bonds - 4-Year (Nominal),1957-08-30,85.730252315816,D,3.8438449738601,1957-08,4,0.038438449738601
2000051,DISCBOND,5005,Fama Bliss Discount Bonds - 5-Year (Nominal),1957-08-30,82.916021121885,D,3.7427360231387,1957-08,5,0.037427360231387
2000047,DISCBOND,5001,Fama Bliss Discount Bonds - 1-Year (Nominal),1957-09-30,96.043162574872,D,4.0372485409696,1957-09,1,0.040372485409696
2000048,DISCBOND,5002,Fama Bliss Discount Bonds - 2-Year (Nominal),1957-09-30,92.533474739008,D,3.8799858932705,1957-09,2,0.038799858932704996
2000049,DISCBOND,5003,Fama Bliss Discount Bonds - 3-Year (Nominal),1957-09-30,88.995762993543,D,3.8825019669264,1957-09,3,0.038825019669264
2000050,DISCBOND,5004,Fama Bliss Discount Bonds - 4-Year (Nominal),1957-09-30,85.471582345994,D,3.9246558878724,1957-09,4,0.039246558878724
2000051,DISCBOND,5005,Fama Bliss Discount Bonds - 5-Year (Nominal),1957-09-30,81.540270847647,D,4.0837009139949,1957-09,5,0.040837009139949
2000047,DISCBOND,5001,Fama Bliss Discount Bonds - 1-Year (Nominal),1957-10-31,96.254362577283,D,3.8175888369108,1957-10,1,0.038175888369108
2000048,DISCBOND,5002,Fama Bliss Discount Bonds - 2-Year (Nominal),1957-10-31,92.372300046989,D,3.9725936721818,1957-10,2,0.039725936721818
2000049,DISCBOND,5003,Fama Bliss Discount Bonds - 3-Year (Nominal),1957-10-31,88.675660564286,D,4.0025027780021,1957-10,3,0.040025027780021
2000050,DISCBOND,5004,Fama Bliss Discount Bonds - 4-Year (Nominal),1957-10-31,84.911459127694,D,4.0862295479797,1957-10,4,0.040862295479797
2000051,DISCBOND,5005,Fama Bliss Discount Bonds - 5-Year (Nominal),1957-10-31,82.480013012246,D,3.8501739620479,1957-10,5,0.038501739620479
2000047,DISCBOND,5001,Fama Bliss Discount Bonds - 1-Year (Nominal),1957-11-29,96.623665267818,D,3.4440852730543,1957-11,1,0.034440852730543
2000048,DISCBOND,5002,Fama Bliss Discount Bonds - 2-Year (Nominal),1957-11-29,94.109757405737,D,3.0312702284143,1957-11,2,0.030312702284143
2000049,DISCBOND,5003,Fama Bliss Discount Bonds - 3-Year (Nominal),1957-11-29,91.146950736969,D,3.084271240711,1957-11,3,0.030842712407109996
2000050,DISCBOND,5004,Fama Bliss Discount Bonds - 4-Year (Nominal),1957-11-29,87.620737583113,D,3.2992925721039,1957-11,4,0.032992925721039
2000051,DISCBOND,5005,Fama Bliss Discount Bonds - 5-Year (Nominal),1957-11-29,84.143966203595,D,3.4490396181789,1957-11,5,0.034490396181789
2000047,DISCBOND,5001,Fama Bliss Discount Bonds - 1-Year (Nominal),1957-12-31,97.349993800579,D,2.6857517851664,1957-12,1,0.026857517851664
2000048,DISCBOND,5002,Fama Bliss Discount Bonds - 2-Year (Nominal),1957-12-31,95.035896687177,D,2.5457752946798,1957-12,2,0.025457752946798
2000049,DISCBOND,5003,Fama Bliss Discount Bonds - 3-Year (Nominal),1957-12-31,92.230020551155,D,2.6961502775326,1957-12,3,0.026961502775326
2000050,DISCBOND,5004,Fama Bliss Discount Bonds - 4-Year (Nominal),1957-12-31,89.295632391735,D,2.8323803521329,1957-12,4,0.028323803521329
2000051,DISCBOND,5005,Fama Bliss Discount Bonds - 5-Year (Nominal),1957-12-31,86.819098665376,D,2.8253229432564,1957-12,5,0.028253229432564
2000047,DISCBOND,5001,Fama Bliss Discount Bonds - 1-Year (Nominal),1958-01-31,97.969604250252,D,2.0569271217879,1958-01,1,0.020569271217879003
2000048,DISCBOND,5002,Fama Bliss Discount Bonds - 2-Year (Nominal),1958-01-31,95.634533994683,D,2.237941290439,1958-01,2,0.02237941290439
2000049,DISCBOND,5003,Fama Bliss Discount Bonds - 3-Year (Nominal),1958-01-31,92.931224795859,D,2.4414532858448,1958-01,3,0.024414532858448
2000050,DISCBOND,5004,Fama Bliss Discount Bonds - 4-Year (Nominal),1958-01-31,89.587882878354,D,2.746871415405,1958-01,4,0.027468714154049997
2000051,DISCBOND,5005,Fama Bliss Discount Bonds - 5-Year (Nominal),1958-01-31,86.789820611893,D,2.8320649975142,1958-01,5,0.028320649975142
2000047,DISCBOND,5001,Fama Bliss Discount Bonds - 1-Year (Nominal),1958-02-28,98.285634199689,D,1.7339819060812,1958-02,1,0.017339819060812
2000048,DISCBOND,5002,Fama Bliss Discount Bonds - 2-Year (Nominal),1958-02-28,96.255847484838,D,1.905412929573,1958-02,2,0.01905412929573
2000049,DISCBOND,5003,Fama Bliss Discount Bonds - 3-Year (Nominal),1958-02-28,93.691857387367,D,2.1699817495252,1958-02,3,0.021699817495252002
2000050,DISCBOND,5004,Fama Bliss Discount Bonds - 4-Year (Nominal),1958-02-28,90.49053029217,D,2.4964146436721,1958-02,4,0.024964146436721003
2000051,DISCBOND,5005,Fama Bliss Discount Bonds - 5-Year (Nominal),1958-02-28,87.757175765371,D,2.6105005423492,1958-02,5,0.026105005423492
2000047,DISCBOND,5001,Fama Bliss Discount Bonds - 1-Year (Nominal),1958-03-31,98.51483914675,D,1.496299792077,1958-03,1,0.01496299792077
2000048,DISCBOND,5002,Fama Bliss Discount Bonds - 2-Year (Nominal),1958-03-31,96.192379384999,D,1.9383471268283,1958-03,2,0.019383471268283
2000049,DISCBOND,5003,Fama Bliss Discount Bonds - 3-Year (Nominal),1958-03-31,93.661282150359,D,2.1828431621893,1958-03,3,0.021828431621892998
2000050,DISCBOND,5004,Fama Bliss Discount Bonds - 4-Year (Nominal),1958-03-31,90.901829888852,D,2.3847513554208,1958-03,4,0.023847513554208
2000051,DISCBOND,5005,Fama Bliss Discount Bonds - 5-Year (Nominal),1958-03-31,88.090443087636,D,2.5375131138036,1958-03,5,0.025375131138036
2000047,DISCBOND,5001,Fama Bliss Discount Bonds - 1-Year (Nominal),1958-04-30,98.732786728449,D,1.2753109011539,1958-04,1,0.012753109011539
2000048,DISCBOND,5002,Fama Bliss Discount Bonds - 2-Year (Nominal),1958-04-30,96.7395825927,D,1.6573766667934,1958-04,2,0.016573766667934
2000049,DISCBOND,5003,Fama Bliss Discount Bonds - 3-Year (Nominal),1958-04-30,94.223650539549,D,1.9851117630465,1958-04,3,0.019851117630465
2000050,DISCBOND,5004,Fama Bliss Discount Bonds - 4-Year (Nominal),1958-04-30,91.581006015649,D,2.1971524936041,1958-04,4,0.021971524936040997
2000051,DISCBOND,5005,Fama Bliss Discount Bonds - 5-Year (Nominal),1958-04-30,88.51192358265,D,2.4393215729628,1958-04,5,0.024393215729628
2000047,DISCBOND,5001,Fama Bliss Discount Bonds - 1-Year (Nominal),1958-05-29,98.886787954653,D,1.1194546226198,1958-05,1,0.011194546226198001
2000048,DISCBOND,5002,Fama Bliss Discount Bonds - 2-Year (Nominal),1958-05-29,97.072647768605,D,1.4794471914959,1958-05,2,0.014794471914959
2000049,DISCBOND,5003,Fama Bliss Discount Bonds - 3-Year (Nominal),1958-05-29,94.346718023133,D,1.9344900112781,1958-05,3,0.019344900112781
2000050,DISCBOND,5004,Fama Bliss Discount Bonds - 4-Year (Nominal),1958-05-29,92.182032853276,D,2.0309504653886,1958-05,4,0.020309504653886
2000051,DISCBOND,5005,Fama Bliss Discount Bonds - 5-Year (Nominal),1958-05-29,88.812081229197,D,2.3690556011122,1958-05,5,0.023690556011122
2000047,DISCBOND,5001,Fama Bliss Discount Bonds - 1-Year (Nominal),1958-06-30,98.906062345203,D,1.0999651511029,1958-06,1,0.010999651511029001
2000048,DISCBOND,5002,Fama Bliss Discount Bonds - 2-Year (Nominal),1958-06-30,96.71774656442,D,1.6663812158319,1958-06,2,0.016663812158319
2000049,DISCBOND,5003,Fama Bliss Discount Bonds - 3-Year (Nominal),1958-06-30,93.6132185005,D,2.1979458053074,1958-06,3,0.021979458053074
2000050,DISCBOND,5004,Fama Bliss Discount Bonds - 4-Year (Nominal),1958-06-30,90.521121871389,D,2.4896742917385,1958-06,4,0.024896742917385
2000051,DISCBOND,5005,Fama Bliss Discount Bonds - 5-Year (Nominal),1958-06-30,87.986188136467,D,2.5612100957783,1958-06,5,0.025612100957783
2000047,DISCBOND,5001,Fama Bliss Discount Bonds - 1-Year (Nominal),1958-07-31,98.39991007286,D,1.6130295824007,1958-07,1,0.016130295824007
2000048,DISCBOND,5002,Fama Bliss Discount Bonds - 2-Year (Nominal),1958-07-31,96.315881593372,D,1.8794226943839,1958-07,2,0.018794226943839
2000049,DISCBOND,5003,Fama Bliss Discount Bonds - 3-Year (Nominal),1958-07-31,92.928023529727,D,2.4426005143442,1958-07,3,0.024426005143442
2000050,DISCBOND,5004,Fama Bliss Discount Bonds - 4-Year (Nominal),1958-07-31,89.507178855672,D,2.76938705327,1958-07,4,0.0276938705327
2000051,DISCBOND,5005,Fama Bliss Discount Bonds - 5-Year (Nominal),1958-07-31,86.83546854635,D,2.8215543316099,1958-07,5,0.028215543316099
2000047,DISCBOND,5001,Fama Bliss Discount Bonds - 1-Year (Nominal),1958-08-29,97.24960494975,D,2.7737280562092,1958-08,1,0.027737280562092
2000048,DISCBOND,5002,Fama Bliss Discount Bonds - 2-Year (Nominal),1958-08-29,93.519503517473,D,3.3362981251308,1958-08,2,0.033362981251308
2000049,DISCBOND,5003,Fama Bliss Discount Bonds - 3-Year (Nominal),1958-08-29,90.282297576695,D,3.3983156868723,1958-08,3,0.033983156868723004
2000050,DISCBOND,5004,Fama Bliss Discount Bonds - 4-Year (Nominal),1958-08-29,86.404612274898,D,3.6457369882023,1958-08,4,0.036457369882023
2000051,DISCBOND,5005,Fama Bliss Discount Bonds - 5-Year (Nominal),1958-08-29,83.405872299245,D,3.6250566623379,1958-08,5,0.036250566623379
2000047,DISCBOND,5001,Fama Bliss Discount Bonds - 1-Year (Nominal),1958-09-30,97.063832173054,D,2.9801360273912,1958-09,1,0.029801360273912
2000048,DISCBOND,5002,Fama Bliss Discount Bonds - 2-Year (Nominal),1958-09-30,93.425253127207,D,3.3957733256377,1958-09,2,0.033957733256377
2000049,DISCBOND,5003,Fama Bliss Discount Bonds - 3-Year (Nominal),1958-09-30,90.104585320792,D,3.4733044770456,1958-09,3,0.034733044770456
2000050,DISCBOND,5004,Fama Bliss Discount Bonds - 4-Year (Nominal),1958-09-30,86.339251560824,D,3.6746636956489,1958-09,4,0.036746636956489
2000051,DISCBOND,5005,Fama Bliss Discount Bonds - 5-Year (Nominal),1958-09-30,83.068404081753,D,3.7080834950661,1958-09,5,0.037080834950661
2000047,DISCBOND,5001,Fama Bliss Discount Bonds - 1-Year (Nominal),1958-10-31,97.020301785906,D,3.0333038180131,1958-10,1,0.030333038180131
2000048,DISCBOND,5002,Fama Bliss Discount Bonds - 2-Year (Nominal),1958-10-31,93.673732385788,D,3.2631486149319,1958-10,2,0.032631486149318996
2000049,DISCBOND,5003,Fama Bliss Discount Bonds - 3-Year (Nominal),1958-10-31,89.594267499679,D,3.6592865625241,1958-10,3,0.036592865625241
2000050,DISCBOND,5004,Fama Bliss Discount Bonds - 4-Year (Nominal),1958-10-31,86.547268309789,D,3.6095144826938,1958-10,4,0.036095144826938
2000051,DISCBOND,5005,Fama Bliss Discount Bonds - 5-Year (Nominal),1958-10-31,83.361824422081,D,3.6376011200425,1958-10,5,0.036376011200425
2000047,DISCBOND,5001,Fama Bliss Discount Bonds - 1-Year (Nominal),1958-11-28,96.812066861389,D,3.2221982946835,1958-11,1,0.032221982946835
2000048,DISCBOND,5002,Fama Bliss Discount Bonds - 2-Year (Nominal),1958-11-28,93.784314357076,D,3.195496291526,1958-11,2,0.03195496291526
2000049,DISCBOND,5003,Fama Bliss Discount Bonds - 3-Year (Nominal),1958-11-28,89.861770714248,D,3.5535168895934,1958-11,3,0.035535168895934
2000050,DISCBOND,5004,Fama Bliss Discount Bonds - 4-Year (Nominal),1958-11-28,86.511469256073,D,3.6149018353443,1958-11,4,0.036149018353443
2000051,DISCBOND,5005,Fama Bliss Discount Bonds - 5-Year (Nominal),1958-11-28,84.308325431076,D,3.4100542522643,1958-11,5,0.034100542522642996
2000047,DISCBOND,5001,Fama Bliss Discount Bonds - 1-Year (Nominal),1958-12-31,97.089528904663,D,2.9536654768777,1958-12,1,0.029536654768777
2000048,DISCBOND,5002,Fama Bliss Discount Bonds - 2-Year (Nominal),1958-12-31,93.949572567617,D,3.1206004855984,1958-12,2,0.031206004855984
2000049,DISCBOND,5003,Fama Bliss Discount Bonds - 3-Year (Nominal),1958-12-31,89.686956150521,D,3.631477737294,1958-12,3,0.03631477737294
2000050,DISCBOND,5004,Fama Bliss Discount Bonds - 4-Year (Nominal),1958-12-31,86.134178765352,D,3.7290431303331,1958-12,4,0.037290431303331005
2000051,DISCBOND,5005,Fama Bliss Discount Bonds - 5-Year (Nominal),1958-12-31,82.839451959398,D,3.7632531250519,1958-12,5,0.037632531250519
2000047,DISCBOND,5001,Fama Bliss Discount Bonds - 1-Year (Nominal),1959-01-30,96.946905824835,D,3.1091904650545,1959-01,1,0.031091904650545
2000048,DISCBOND,5002,Fama Bliss Discount Bonds - 2-Year (Nominal),1959-01-30,93.453324153942,D,3.3761544028341,1959-01,2,0.033761544028341
2000049,DISCBOND,5003,Fama Bliss Discount Bonds - 3-Year (Nominal),1959-01-30,89.12644831713,D,3.8301395325334,1959-01,3,0.038301395325334
2000050,DISCBOND,5004,Fama Bliss Discount Bonds - 4-Year (Nominal),1959-01-30,85.365899982045,D,3.9501753763641,1959-01,4,0.039501753763641
2000051,DISCBOND,5005,Fama Bliss Discount Bonds - 5-Year (Nominal),1959-01-30,82.149830231706,D,3.928203249052,1959-01,5,0.03928203249052
2000047,DISCBOND,5001,Fama Bliss Discount Bonds - 1-Year (Nominal),1959-02-27,96.596842200821,D,3.4435447291813,1959-02,1,0.034435447291813
2000048,DISCBOND,5002,Fama Bliss Discount Bonds - 2-Year (Nominal),1959-02-27,93.397735132908,D,3.4058235637127,1959-02,2,0.034058235637126996
2000049,DISCBOND,5003,Fama Bliss Discount Bonds - 3-Year (Nominal),1959-02-27,89.66240787087,D,3.630655057115,1959-02,3,0.036306550571149995
2000050,DISCBOND,5004,Fama Bliss Discount Bonds - 4-Year (Nominal),1959-02-27,85.953920625528,D,3.7787945801365,1959-02,4,0.037787945801365
2000051,DISCBOND,5005,Fama Bliss Discount Bonds - 5-Year (Nominal),1959-02-27,82.863040034182,D,3.7555055709446,1959-02,5,0.037555055709446
2000047,DISCBOND,5001,Fama Bliss Discount Bonds - 1-Year (Nominal),1959-03-31,96.508106090074,D,3.5446068545255,1959-03,1,0.035446068545255
2000048,DISCBOND,5002,Fama Bliss Discount Bonds - 2-Year (Nominal),1959-03-31,92.863090347238,D,3.7021962155749,1959-03,2,0.037021962155749
2000049,DISCBOND,5003,Fama Bliss Discount Bonds - 3-Year (Nominal),1959-03-31,89.166321856186,D,3.8222259592794,1959-03,3,0.038222259592793996
2000050,DISCBOND,5004,Fama Bliss Discount Bonds - 4-Year (Nominal),1959-03-31,85.744248740314,D,3.8476648953475,1959-03,4,0.038476648953475
2000051,DISCBOND,5005,Fama Bliss Discount Bonds - 5-Year (Nominal),1959-03-31,82.2134138527,D,3.9127462605762,1959-03,5,0.039127462605762
2000047,DISCBOND,5001,Fama Bliss Discount Bonds - 1-Year (Nominal),1959-04-30,96.281242715432,D,3.7896665850416,1959-04,1,0.037896665850416
2000048,DISCBOND,5002,Fama Bliss Discount Bonds - 2-Year (Nominal),1959-04-30,92.497884808586,D,3.9045691549545,1959-04,2,0.039045691549545
2000049,DISCBOND,5003,Fama Bliss Discount Bonds - 3-Year (Nominal),1959-04-30,88.865462937479,D,3.9312970118764,1959-04,3,0.039312970118764
2000050,DISCBOND,5004,Fama Bliss Discount Bonds - 4-Year (Nominal),1959-04-30,84.950307753753,D,4.0748020096086,1959-04,4,0.040748020096086
2000051,DISCBOND,5005,Fama Bliss Discount Bonds - 5-Year (Nominal),1959-04-30,81.507870902095,D,4.08493522364,1959-04,5,0.040849352236399995
2000047,DISCBOND,5001,Fama Bliss Discount Bonds - 1-Year (Nominal),1959-05-29,96.199380578166,D,3.8431392270355,1959-05,1,0.038431392270355
2000048,DISCBOND,5002,Fama Bliss Discount Bonds - 2-Year (Nominal),1959-05-29,92.338962073087,D,3.9688900214448,1959-05,2,0.039688900214448
2000049,DISCBOND,5003,Fama Bliss Discount Bonds - 3-Year (Nominal),1959-05-29,88.337987770345,D,4.1220386596705,1959-05,3,0.041220386596705
2000050,DISCBOND,5004,Fama Bliss Discount Bonds - 4-Year (Nominal),1959-05-29,84.575029877182,D,4.1796895583564,1959-05,4,0.041796895583564
2000051,DISCBOND,5005,Fama Bliss Discount Bonds - 5-Year (Nominal),1959-05-29,80.924542977715,D,4.2307423222769,1959-05,5,0.042307423222768994
2000047,DISCBOND,5001,Fama Bliss Discount Bonds - 1-Year (Nominal),1959-06-30,95.988395232678,D,4.0831019961431,1959-06,1,0.040831019961430993
2000048,DISCBOND,5002,Fama Bliss Discount Bonds - 2-Year (Nominal),1959-06-30,91.774006822766,D,4.2861824561993,1959-06,2,0.042861824561993
2000049,DISCBOND,5003,Fama Bliss Discount Bonds - 3-Year (Nominal),1959-06-30,87.960681487678,D,4.2760092151586,1959-06,3,0.04276009215158601
2000050,DISCBOND,5004,Fama Bliss Discount Bonds - 4-Year (Nominal),1959-06-30,83.823237204441,D,4.4145219596696,1959-06,4,0.044145219596696005
2000051,DISCBOND,5005,Fama Bliss Discount Bonds - 5-Year (Nominal),1959-06-30,80.101791787383,D,4.4325815957697,1959-06,5,0.044325815957697
2000047,DISCBOND,5001,Fama Bliss Discount Bonds - 1-Year (Nominal),1959-07-31,95.776683504493,D,4.3269466252538,1959-07,1,0.043269466252538004
2000048,DISCBOND,5002,Fama Bliss Discount Bonds - 2-Year (Nominal),1959-07-31,92.108185842889,D,4.1046954778244,1959-07,2,0.041046954778244
2000049,DISCBOND,5003,Fama Bliss Discount Bonds - 3-Year (Nominal),1959-07-31,88.11040322027,D,4.2154696199914,1959-07,3,0.042154696199914
2000050,DISCBOND,5004,Fama Bliss Discount Bonds - 4-Year (Nominal),1959-07-31,83.81198023034,D,4.4118339591463,1959-07,4,0.044118339591462996
2000051,DISCBOND,5005,Fama Bliss Discount Bonds - 5-Year (Nominal),1959-07-31,79.607460629096,D,4.5562542281113,1959-07,5,0.045562542281113
2000047,DISCBOND,5001,Fama Bliss Discount Bonds - 1-Year (Nominal),1959-08-31,95.603449709535,D,4.4838437761638,1959-08,1,0.044838437761638004
2000048,DISCBOND,5002,Fama Bliss Discount Bonds - 2-Year (Nominal),1959-08-31,91.446579431025,D,4.4646448388138,1959-08,2,0.044646448388138
2000049,DISCBOND,5003,Fama Bliss Discount Bonds - 3-Year (Nominal),1959-08-31,87.276449153123,D,4.5321788305369,1959-08,3,0.045321788305368996
2000050,DISCBOND,5004,Fama Bliss Discount Bonds - 4-Year (Nominal),1959-08-31,82.977748838401,D,4.6649425104344,1959-08,4,0.04664942510434399
2000051,DISCBOND,5005,Fama Bliss Discount Bonds - 5-Year (Nominal),1959-08-31,79.047354141034,D,4.6973140920221,1959-08,5,0.046973140920221
2000047,DISCBOND,5001,Fama Bliss Discount Bonds - 1-Year (Nominal),1959-09-30,95.310346163778,D,4.7900583705521,1959-09,1,0.047900583705521
2000048,DISCBOND,5002,Fama Bliss Discount Bonds - 2-Year (Nominal),1959-09-30,90.927438306547,D,4.7554189397753,1959-09,2,0.047554189397753
2000049,DISCBOND,5003,Fama Bliss Discount Bonds - 3-Year (Nominal),1959-09-30,86.761081025779,D,4.7380614814183,1959-09,3,0.047380614814183
2000050,DISCBOND,5004,Fama Bliss Discount Bonds - 4-Year (Nominal),1959-09-30,82.67234572427,D,4.7538698464955,1959-09,4,0.047538698464955
2000051,DISCBOND,5005,Fama Bliss Discount Bonds - 5-Year (Nominal),1959-09-30,79.086531618078,D,4.6874149890904,1959-09,5,0.046874149890904
2000047,DISCBOND,5001,Fama Bliss Discount Bonds - 1-Year (Nominal),1959-10-30,95.885396057756,D,4.1787525901324,1959-10,1,0.041787525901324
2000048,DISCBOND,5002,Fama Bliss Discount Bonds - 2-Year (Nominal),1959-10-30,91.886401386457,D,4.2192973508938,1959-10,2,0.042192973508938005
2000049,DISCBOND,5003,Fama Bliss Discount Bonds - 3-Year (Nominal),1959-10-30,87.359824193319,D,4.4962771557797,1959-10,3,0.044962771557797
2000050,DISCBOND,5004,Fama Bliss Discount Bonds - 4-Year (Nominal),1959-10-30,83.405810910247,D,4.5300994939131,1959-10,4,0.045300994939131
2000051,DISCBOND,5005,Fama Bliss Discount Bonds - 5-Year (Nominal),1959-10-30,80.867373832339,D,4.2425452676307,1959-10,5,0.042425452676307
2000047,DISCBOND,5001,Fama Bliss Discount Bonds - 1-Year (Nominal),1959-11-30,95.287124615513,D,4.8143589050434,1959-11,1,0.048143589050434
2000048,DISCBOND,5002,Fama Bliss Discount Bonds - 2-Year (Nominal),1959-11-30,90.898627138007,D,4.7647373716866,1959-11,2,0.047647373716866
2000049,DISCBOND,5003,Fama Bliss Discount Bonds - 3-Year (Nominal),1959-11-30,86.63292853407,D,4.7786429887654,1959-11,3,0.047786429887654
2000050,DISCBOND,5004,Fama Bliss Discount Bonds - 4-Year (Nominal),1959-11-30,82.348050863722,D,4.8553849643312,1959-11,4,0.048553849643312
2000051,DISCBOND,5005,Fama Bliss Discount Bonds - 5-Year (Nominal),1959-11-30,79.482169843485,D,4.587721685903,1959-11,5,0.045877216859030005
2000047,DISCBOND,5001,Fama Bliss Discount Bonds - 1-Year (Nominal),1959-12-31,95.255763047043,D,4.8604669380707,1959-12,1,0.048604669380707
2000048,DISCBOND,5002,Fama Bliss Discount Bonds - 2-Year (Nominal),1959-12-31,90.64015692532,D,4.9203821438333,1959-12,2,0.049203821438333
2000049,DISCBOND,5003,Fama Bliss Discount Bonds - 3-Year (Nominal),1959-12-31,86.090888665568,D,4.9876653517702,1959-12,3,0.049876653517702006
2000050,DISCBOND,5004,Fama Bliss Discount Bonds - 4-Year (Nominal),1959-12-31,82.255508295793,D,4.880153250117,1959-12,4,0.04880153250117
2000051,DISCBOND,5005,Fama Bliss Discount Bonds - 5-Year (Nominal),1959-12-31,78.600583115258,D,4.8105494818554,1959-12,5,0.048105494818554
2000047,DISCBOND,5001,Fama Bliss Discount Bonds - 1-Year (Nominal),1960-01-29,95.436575221847,D,4.6327518206166,1960-01,1,0.046327518206166006
2000048,DISCBOND,5002,Fama Bliss Discount Bonds - 2-Year (Nominal),1960-01-29,91.106689650719,D,4.6378878873215,1960-01,2,0.046378878873215
2000049,DISCBOND,5003,Fama Bliss Discount Bonds - 3-Year (Nominal),1960-01-29,86.835642203742,D,4.6922453065004,1960-01,3,0.046922453065004
2000050,DISCBOND,5004,Fama Bliss Discount Bonds - 4-Year (Nominal),1960-01-29,82.951631202543,D,4.6632306468736,1960-01,4,0.04663230646873599
2000051,DISCBOND,5005,Fama Bliss Discount Bonds - 5-Year (Nominal),1960-01-29,79.214532168701,D,4.6551068154452,1960-01,5,0.046551068154452
2000047,DISCBOND,5001,Fama Bliss Discount Bonds - 1-Year (Nominal),1960-02-29,95.54447152663,D,4.5578376456324,1960-02,1,0.045578376456324
2000048,DISCBOND,5002,Fama Bliss Discount Bonds - 2-Year (Nominal),1960-02-29,91.555076913737,D,4.4114730656224,1960-02,2,0.044114730656224
2000049,DISCBOND,5003,Fama Bliss Discount Bonds - 3-Year (Nominal),1960-02-29,86.960484377735,D,4.6572125744458,1960-02,3,0.046572125744457994
2000050,DISCBOND,5004,Fama Bliss Discount Bonds - 4-Year (Nominal),1960-02-29,83.126629016495,D,4.6201272503295,1960-02,4,0.046201272503295004
2000051,DISCBOND,5005,Fama Bliss Discount Bonds - 5-Year (Nominal),1960-02-29,79.514508155629,D,4.5871271855649,1960-02,5,0.045871271855649
2000047,DISCBOND,5001,Fama Bliss Discount Bonds - 1-Year (Nominal),1960-03-31,96.451743957079,D,3.6226617949884,1960-03,1,0.036226617949884
2000048,DISCBOND,5002,Fama Bliss Discount Bonds - 2-Year (Nominal),1960-03-31,92.767883108934,D,3.7586334742208,1960-03,2,0.037586334742208
2000049,DISCBOND,5003,Fama Bliss Discount Bonds - 3-Year (Nominal),1960-03-31,89.164454260285,D,3.8299193338097,1960-03,3,0.038299193338097004
2000050,DISCBOND,5004,Fama Bliss Discount Bonds - 4-Year (Nominal),1960-03-31,85.244878713825,D,3.9883219968851,1960-03,4,0.039883219968851
2000051,DISCBOND,5005,Fama Bliss Discount Bonds - 5-Year (Nominal),1960-03-31,81.687015281239,D,4.0432869389487,1960-03,5,0.040432869389487
2000047,DISCBOND,5001,Fama Bliss Discount Bonds - 1-Year (Nominal),1960-04-29,95.948993705428,D,4.1467061511377,1960-04,1,0.041467061511376996
2000048,DISCBOND,5002,Fama Bliss Discount Bonds - 2-Year (Nominal),1960-04-29,92.211738019466,D,4.0485916517481,1960-04,2,0.040485916517481
2000049,DISCBOND,5003,Fama Bliss Discount Bonds - 3-Year (Nominal),1960-04-29,88.168012021943,D,4.1937024462853,1960-04,3,0.041937024462853
2000050,DISCBOND,5004,Fama Bliss Discount Bonds - 4-Year (Nominal),1960-04-29,83.932926983405,D,4.3728147153481,1960-04,4,0.043728147153481
2000051,DISCBOND,5005,Fama Bliss Discount Bonds - 5-Year (Nominal),1960-04-29,80.966769153823,D,4.2180049514313,1960-04,5,0.042180049514313
2000047,DISCBOND,5001,Fama Bliss Discount Bonds - 1-Year (Nominal),1960-05-31,96.048534895491,D,4.03165504506,1960-05,1,0.0403165504506
2000048,DISCBOND,5002,Fama Bliss Discount Bonds - 2-Year (Nominal),1960-05-31,91.997412082838,D,4.1704869434535,1960-05,2,0.041704869434535
2000049,DISCBOND,5003,Fama Bliss Discount Bonds - 3-Year (Nominal),1960-05-31,88.318145042737,D,4.1408203356151,1960-05,3,0.041408203356151
2000050,DISCBOND,5004,Fama Bliss Discount Bonds - 4-Year (Nominal),1960-05-31,84.23567136076,D,4.2946757161418,1960-05,4,0.042946757161418
2000051,DISCBOND,5005,Fama Bliss Discount Bonds - 5-Year (Nominal),1960-05-31,80.275983003486,D,4.3988147202408,1960-05,5,0.043988147202408
2000047,DISCBOND,5001,Fama Bliss Discount Bonds - 1-Year (Nominal),1960-06-30,96.880790381278,D,3.1688928423126,1960-06,1,0.031688928423126005
2000048,DISCBOND,5002,Fama Bliss Discount Bonds - 2-Year (Nominal),1960-06-30,92.877724276269,D,3.6993851809892,1960-06,2,0.036993851809892
2000049,DISCBOND,5003,Fama Bliss Discount Bonds - 3-Year (Nominal),1960-06-30,89.371814799246,D,3.7523477686295,1960-06,3,0.037523477686295
2000050,DISCBOND,5004,Fama Bliss Discount Bonds - 4-Year (Nominal),1960-06-30,85.375500360072,D,3.9500697465504,1960-06,4,0.039500697465504005
2000051,DISCBOND,5005,Fama Bliss Discount Bonds - 5-Year (Nominal),1960-06-30,81.951808547467,D,3.9785960618652,1960-06,5,0.039785960618652
2000047,DISCBOND,5001,Fama Bliss Discount Bonds - 1-Year (Nominal),1960-07-29,97.188374095636,D,2.8363672311146,1960-07,1,0.028363672311146
2000048,DISCBOND,5002,Fama Bliss Discount Bonds - 2-Year (Nominal),1960-07-29,93.976620729132,D,3.0977206810776,1960-07,2,0.030977206810776
2000049,DISCBOND,5003,Fama Bliss Discount Bonds - 3-Year (Nominal),1960-07-29,91.082500388866,D,3.1078067147263,1960-07,3,0.031078067147263
2000050,DISCBOND,5004,Fama Bliss Discount Bonds - 4-Year (Nominal),1960-07-29,86.934494561799,D,3.4932043663281,1960-07,4,0.034932043663280996
2000051,DISCBOND,5005,Fama Bliss Discount Bonds - 5-Year (Nominal),1960-07-29,84.256964250595,D,3.4222287532277,1960-07,5,0.034222287532277
2000047,DISCBOND,5001,Fama Bliss Discount Bonds - 1-Year (Nominal),1960-08-31,97.143590235585,D,2.8979990358945,1960-08,1,0.028979990358945
2000048,DISCBOND,5002,Fama Bliss Discount Bonds - 2-Year (Nominal),1960-08-31,94.243898293177,D,2.9642050675307,1960-08,2,0.029642050675306997
2000049,DISCBOND,5003,Fama Bliss Discount Bonds - 3-Year (Nominal),1960-08-31,90.650550807419,D,3.2749297610293,1960-08,3,0.032749297610293
2000050,DISCBOND,5004,Fama Bliss Discount Bonds - 4-Year (Nominal),1960-08-31,86.848077828843,D,3.5228328210444,1960-08,4,0.035228328210444
2000051,DISCBOND,5005,Fama Bliss Discount Bonds - 5-Year (Nominal),1960-08-31,83.891536505958,D,3.5109851310231,1960-08,5,0.035109851310231005
2000047,DISCBOND,5001,Fama Bliss Discount Bonds - 1-Year (Nominal),1960-09-30,97.200767087799,D,2.846958282119,1960-09,1,0.02846958282119
2000048,DISCBOND,5002,Fama Bliss Discount Bonds - 2-Year (Nominal),1960-09-30,94.738880693222,D,2.7097091343385,1960-09,2,0.027097091343385
2000049,DISCBOND,5003,Fama Bliss Discount Bonds - 3-Year (Nominal),1960-09-30,90.476668978262,D,3.3359390948809,1960-09,3,0.033359390948809
2000050,DISCBOND,5004,Fama Bliss Discount Bonds - 4-Year (Nominal),1960-09-30,86.576959912936,D,3.6009451213694,1960-09,4,0.036009451213694005
2000051,DISCBOND,5005,Fama Bliss Discount Bonds - 5-Year (Nominal),1960-09-30,83.969245034375,D,3.4924778956684,1960-09,5,0.034924778956684
2000047,DISCBOND,5001,Fama Bliss Discount Bonds - 1-Year (Nominal),1960-10-31,97.212355190838,D,2.8272371582765,1960-10,1,0.028272371582765
2000048,DISCBOND,5002,Fama Bliss Discount Bonds - 2-Year (Nominal),1960-10-31,94.057773337698,D,3.0630491268967,1960-10,2,0.030630491268967
2000049,DISCBOND,5003,Fama Bliss Discount Bonds - 3-Year (Nominal),1960-10-31,90.272987000279,D,3.4110640217363,1960-10,3,0.034110640217363
2000050,DISCBOND,5004,Fama Bliss Discount Bonds - 4-Year (Nominal),1960-10-31,86.462295552878,D,3.6365439159959,1960-10,4,0.036365439159959004
2000051,DISCBOND,5005,Fama Bliss Discount Bonds - 5-Year (Nominal),1960-10-31,83.71509359786,D,3.5569668630944,1960-10,5,0.035569668630944
2000047,DISCBOND,5001,Fama Bliss Discount Bonds - 1-Year (Nominal),1960-11-30,97.033784386611,D,3.0110975479039,1960-11,1,0.030110975479039
2000048,DISCBOND,5002,Fama Bliss Discount Bonds - 2-Year (Nominal),1960-11-30,93.820656692784,D,3.189256680777,1960-11,2,0.03189256680777
2000049,DISCBOND,5003,Fama Bliss Discount Bonds - 3-Year (Nominal),1960-11-30,90.005507451999,D,3.5131857040275,1960-11,3,0.035131857040275
2000050,DISCBOND,5004,Fama Bliss Discount Bonds - 4-Year (Nominal),1960-11-30,85.745371385098,D,3.8420705170318,1960-11,4,0.038420705170318
2000051,DISCBOND,5005,Fama Bliss Discount Bonds - 5-Year (Nominal),1960-11-30,83.187969070346,D,3.6793328315211,1960-11,5,0.036793328315211
2000047,DISCBOND,5001,Fama Bliss Discount Bonds - 1-Year (Nominal),1960-12-30,97.406542110511,D,2.6349000345392,1960-12,1,0.026349000345392
2000048,DISCBOND,5002,Fama Bliss Discount Bonds - 2-Year (Nominal),1960-12-30,94.583455485727,D,2.7805717247132,1960-12,2,0.027805717247132
2000049,DISCBOND,5003,Fama Bliss Discount Bonds - 3-Year (Nominal),1960-12-30,91.084650952804,D,3.1098561286897,1960-12,3,0.031098561286897
2000050,DISCBOND,5004,Fama Bliss Discount Bonds - 4-Year (Nominal),1960-12-30,87.453264630427,D,3.347056346535,1960-12,4,0.03347056346535
2000051,DISCBOND,5005,Fama Bliss Discount Bonds - 5-Year (Nominal),1960-12-30,84.209280560376,D,3.4335381979799,1960-12,5,0.034335381979799
2000047,DISCBOND,5001,Fama Bliss Discount Bonds - 1-Year (Nominal),1961-01-31,97.255265100849,D,2.7831065100554,1961-01,1,0.027831065100554
2000048,DISCBOND,5002,Fama Bliss Discount Bonds - 2-Year (Nominal),1961-01-31,93.924826869334,D,3.133771890803,1961-01,2,0.03133771890803
2000049,DISCBOND,5003,Fama Bliss Discount Bonds - 3-Year (Nominal),1961-01-31,90.396885795325,D,3.3653457119652,1961-01,3,0.033653457119652
2000050,DISCBOND,5004,Fama Bliss Discount Bonds - 4-Year (Nominal),1961-01-31,86.615041856618,D,3.5948797349123,1961-01,4,0.035948797349123
2000051,DISCBOND,5005,Fama Bliss Discount Bonds - 5-Year (Nominal),1961-01-31,83.386938024326,D,3.631580122245,1961-01,5,0.03631580122245
2000047,DISCBOND,5001,Fama Bliss Discount Bonds - 1-Year (Nominal),1961-02-28,97.069368995861,D,2.9744318791313,1961-02,1,0.029744318791312997
2000048,DISCBOND,5002,Fama Bliss Discount Bonds - 2-Year (Nominal),1961-02-28,93.983883893195,D,3.102343318085,1961-02,2,0.03102343318085
2000049,DISCBOND,5003,Fama Bliss Discount Bonds - 3-Year (Nominal),1961-02-28,90.54524875048,D,3.3106825666829,1961-02,3,0.033106825666829
2000050,DISCBOND,5004,Fama Bliss Discount Bonds - 4-Year (Nominal),1961-02-28,87.072469290654,D,3.4631080161207,1961-02,4,0.034631080161207
2000051,DISCBOND,5005,Fama Bliss Discount Bonds - 5-Year (Nominal),1961-02-28,83.987057813348,D,3.4882379777651,1961-02,5,0.034882379777651
2000047,DISCBOND,5001,Fama Bliss Discount Bonds - 1-Year (Nominal),1961-03-30,97.145141038391,D,2.8964026460305,1961-03,1,0.028964026460305
2000048,DISCBOND,5002,Fama Bliss Discount Bonds - 2-Year (Nominal),1961-03-30,94.353639234228,D,2.9100034676206,1961-03,2,0.029100034676206
2000049,DISCBOND,5003,Fama Bliss Discount Bonds - 3-Year (Nominal),1961-03-30,90.974184105779,D,3.1473983465108,1961-03,3,0.031473983465108
2000050,DISCBOND,5004,Fama Bliss Discount Bonds - 4-Year (Nominal),1961-03-30,87.703675789,D,3.2756721440784,1961-03,4,0.032756721440784
2000051,DISCBOND,5005,Fama Bliss Discount Bonds - 5-Year (Nominal),1961-03-30,84.172556400531,D,3.4422526672342,1961-03,5,0.034422526672342
2000047,DISCBOND,5001,Fama Bliss Discount Bonds - 1-Year (Nominal),1961-04-28,97.15357688962,D,2.8719823678345,1961-04,1,0.028719823678344997
2000048,DISCBOND,5002,Fama Bliss Discount Bonds - 2-Year (Nominal),1961-04-28,94.061700973825,D,3.052598074155,1961-04,2,0.03052598074155
2000049,DISCBOND,5003,Fama Bliss Discount Bonds - 3-Year (Nominal),1961-04-28,90.791622563168,D,3.2113074477596,1961-04,3,0.032113074477596
2000050,DISCBOND,5004,Fama Bliss Discount Bonds - 4-Year (Nominal),1961-04-28,88.249334656724,D,3.118692472915,1961-04,4,0.03118692472915
2000051,DISCBOND,5005,Fama Bliss Discount Bonds - 5-Year (Nominal),1961-04-28,84.578152967873,D,3.3462167233445,1961-04,5,0.033462167233445
2000047,DISCBOND,5001,Fama Bliss Discount Bonds - 1-Year (Nominal),1961-05-31,97.113319664961,D,2.9291645382016,1961-05,1,0.029291645382015997
2000048,DISCBOND,5002,Fama Bliss Discount Bonds - 2-Year (Nominal),1961-05-31,93.780917940103,D,3.2104392072848,1961-05,2,0.032104392072848
2000049,DISCBOND,5003,Fama Bliss Discount Bonds - 3-Year (Nominal),1961-05-31,90.264667522891,D,3.4203833297665,1961-05,3,0.034203833297665
2000050,DISCBOND,5004,Fama Bliss Discount Bonds - 4-Year (Nominal),1961-05-31,87.831207439995,D,3.2482824665334,1961-05,4,0.032482824665334004
2000051,DISCBOND,5005,Fama Bliss Discount Bonds - 5-Year (Nominal),1961-05-31,83.778695091344,D,3.5378902363332,1961-05,5,0.035378902363332
2000047,DISCBOND,5001,Fama Bliss Discount Bonds - 1-Year (Nominal),1961-06-30,97.054583747047,D,2.9978781686372,1961-06,1,0.029978781686371997
2000048,DISCBOND,5002,Fama Bliss Discount Bonds - 2-Year (Nominal),1961-06-30,93.710153444268,D,3.2571057926007,1961-06,2,0.032571057926007
2000049,DISCBOND,5003,Fama Bliss Discount Bonds - 3-Year (Nominal),1961-06-30,89.98892665127,D,3.5129106859727,1961-06,3,0.035129106859727005
2000050,DISCBOND,5004,Fama Bliss Discount Bonds - 4-Year (Nominal),1961-06-30,86.484609996298,D,3.6276080938182,1961-06,4,0.036276080938182
2000051,DISCBOND,5005,Fama Bliss Discount Bonds - 5-Year (Nominal),1961-06-30,83.402921690451,D,3.6277489751211,1961-06,5,0.036277489751211
2000047,DISCBOND,5001,Fama Bliss Discount Bonds - 1-Year (Nominal),1961-07-31,97.151309053,D,2.8900535700611,1961-07,1,0.028900535700611
2000048,DISCBOND,5002,Fama Bliss Discount Bonds - 2-Year (Nominal),1961-07-31,93.885759735185,D,3.154573239342,1961-07,2,0.03154573239342
2000049,DISCBOND,5003,Fama Bliss Discount Bonds - 3-Year (Nominal),1961-07-31,89.6785069331,D,3.6279887883201,1961-07,3,0.036279887883201
2000050,DISCBOND,5004,Fama Bliss Discount Bonds - 4-Year (Nominal),1961-07-31,86.483765604912,D,3.6303367633147,1961-07,4,0.036303367633147
2000051,DISCBOND,5005,Fama Bliss Discount Bonds - 5-Year (Nominal),1961-07-31,83.378129708839,D,3.6376760798139,1961-07,5,0.036376760798139
2000047,DISCBOND,5001,Fama Bliss Discount Bonds - 1-Year (Nominal),1961-08-31,96.998401582776,D,3.047568614857,1961-08,1,0.030475686148570002
2000048,DISCBOND,5002,Fama Bliss Discount Bonds - 2-Year (Nominal),1961-08-31,93.709532099398,D,3.2529697169957,1961-08,2,0.032529697169956996
2000049,DISCBOND,5003,Fama Bliss Discount Bonds - 3-Year (Nominal),1961-08-31,89.677998804288,D,3.6281774870643,1961-08,3,0.036281774870643
2000050,DISCBOND,5004,Fama Bliss Discount Bonds - 4-Year (Nominal),1961-08-31,85.879402266016,D,3.8030495851514,1961-08,4,0.038030495851513996
2000051,DISCBOND,5005,Fama Bliss Discount Bonds - 5-Year (Nominal),1961-08-31,83.260783816162,D,3.6618439960173,1961-08,5,0.036618439960173
2000047,DISCBOND,5001,Fama Bliss Discount Bonds - 1-Year (Nominal),1961-09-29,97.074352545927,D,2.9774555463381,1961-09,1,0.029774555463381
2000048,DISCBOND,5002,Fama Bliss Discount Bonds - 2-Year (Nominal),1961-09-29,93.98073984755,D,3.0997697464845,1961-09,2,0.030997697464845
2000049,DISCBOND,5003,Fama Bliss Discount Bonds - 3-Year (Nominal),1961-09-29,89.698789214066,D,3.6171571488414,1961-09,3,0.036171571488413996
2000050,DISCBOND,5004,Fama Bliss Discount Bonds - 4-Year (Nominal),1961-09-29,86.436755203537,D,3.6389449840168,1961-09,4,0.036389449840168
2000051,DISCBOND,5005,Fama Bliss Discount Bonds - 5-Year (Nominal),1961-09-29,83.569105970772,D,3.5859957123828,1961-09,5,0.035859957123828
2000047,DISCBOND,5001,Fama Bliss Discount Bonds - 1-Year (Nominal),1961-10-31,97.105410050765,D,2.9373095963148,1961-10,1,0.029373095963148
2000048,DISCBOND,5002,Fama Bliss Discount Bonds - 2-Year (Nominal),1961-10-31,93.864437348978,D,3.165930024384,1961-10,2,0.03165930024384
2000049,DISCBOND,5003,Fama Bliss Discount Bonds - 3-Year (Nominal),1961-10-31,90.024555851489,D,3.5029237736728,1961-10,3,0.035029237736728
2000050,DISCBOND,5004,Fama Bliss Discount Bonds - 4-Year (Nominal),1961-10-31,86.913670972971,D,3.5087746452029,1961-10,4,0.035087746452029
2000051,DISCBOND,5005,Fama Bliss Discount Bonds - 5-Year (Nominal),1961-10-31,83.177954280847,D,3.6817394072037,1961-10,5,0.036817394072037
2000047,DISCBOND,5001,Fama Bliss Discount Bonds - 1-Year (Nominal),1961-11-30,97.073836346319,D,2.9698297603485,1961-11,1,0.029698297603485
2000048,DISCBOND,5002,Fama Bliss Discount Bonds - 2-Year (Nominal),1961-11-30,93.611713530546,D,3.3052610410238,1961-11,2,0.033052610410238
2000049,DISCBOND,5003,Fama Bliss Discount Bonds - 3-Year (Nominal),1961-11-30,89.704297747486,D,3.618412514129,1961-11,3,0.03618412514129
2000050,DISCBOND,5004,Fama Bliss Discount Bonds - 4-Year (Nominal),1961-11-30,86.836298084569,D,3.5262216352947,1961-11,4,0.035262216352947
2000051,DISCBOND,5005,Fama Bliss Discount Bonds - 5-Year (Nominal),1961-11-30,82.768160381582,D,3.7804630917756,1961-11,5,0.037804630917756
2000047,DISCBOND,5001,Fama Bliss Discount Bonds - 1-Year (Nominal),1961-12-29,96.921848482376,D,3.1094835257503,1961-12,1,0.031094835257503003
2000048,DISCBOND,5002,Fama Bliss Discount Bonds - 2-Year (Nominal),1961-12-29,93.437709901801,D,3.3844863117058,1961-12,2,0.033844863117058005
2000049,DISCBOND,5003,Fama Bliss Discount Bonds - 3-Year (Nominal),1961-12-29,89.452649915548,D,3.7052071203132,1961-12,3,0.037052071203132
2000050,DISCBOND,5004,Fama Bliss Discount Bonds - 4-Year (Nominal),1961-12-29,86.124441746242,D,3.726765735599,1961-12,4,0.03726765735599
2000051,DISCBOND,5005,Fama Bliss Discount Bonds - 5-Year (Nominal),1961-12-29,82.476425977996,D,3.8489355410233,1961-12,5,0.038489355410232996
2000047,DISCBOND,5001,Fama Bliss Discount Bonds - 1-Year (Nominal),1962-01-31,96.761279722369,D,3.2923274596137,1962-01,1,0.032923274596137
2000048,DISCBOND,5002,Fama Bliss Discount Bonds - 2-Year (Nominal),1962-01-31,93.244850122401,D,3.4970677779321,1962-01,2,0.034970677779321
2000049,DISCBOND,5003,Fama Bliss Discount Bonds - 3-Year (Nominal),1962-01-31,89.230524122917,D,3.8017052685674,1962-01,3,0.038017052685674
2000050,DISCBOND,5004,Fama Bliss Discount Bonds - 4-Year (Nominal),1962-01-31,85.630973556533,D,3.8754238795155,1962-01,4,0.038754238795155
2000051,DISCBOND,5005,Fama Bliss Discount Bonds - 5-Year (Nominal),1962-01-31,82.050695775986,D,3.9544908001519,1962-01,5,0.039544908001519004
2000047,DISCBOND,5001,Fama Bliss Discount Bonds - 1-Year (Nominal),1962-02-28,96.913873576939,D,3.1347503171195,1962-02,1,0.031347503171195
2000048,DISCBOND,5002,Fama Bliss Discount Bonds - 2-Year (Nominal),1962-02-28,93.713530289115,D,3.2463803535562,1962-02,2,0.032463803535562004
2000049,DISCBOND,5003,Fama Bliss Discount Bonds - 3-Year (Nominal),1962-02-28,90.117112862868,D,3.4718407445148,1962-02,3,0.034718407445148
2000050,DISCBOND,5004,Fama Bliss Discount Bonds - 4-Year (Nominal),1962-02-28,86.612054117626,D,3.5908202917192,1962-02,4,0.035908202917191996
2000051,DISCBOND,5005,Fama Bliss Discount Bonds - 5-Year (Nominal),1962-02-28,83.080428336235,D,3.7051902652029,1962-02,5,0.037051902652029
2000047,DISCBOND,5001,Fama Bliss Discount Bonds - 1-Year (Nominal),1962-03-30,97.162356937141,D,2.8865909804051,1962-03,1,0.028865909804051
2000048,DISCBOND,5002,Fama Bliss Discount Bonds - 2-Year (Nominal),1962-03-30,93.887447205595,D,3.1450580403444,1962-03,2,0.031450580403444
2000049,DISCBOND,5003,Fama Bliss Discount Bonds - 3-Year (Nominal),1962-03-30,90.497956034669,D,3.3220297154137,1962-03,3,0.033220297154137
2000050,DISCBOND,5004,Fama Bliss Discount Bonds - 4-Year (Nominal),1962-03-30,86.88073712045,D,3.5110365081717,1962-03,4,0.035110365081717
2000051,DISCBOND,5005,Fama Bliss Discount Bonds - 5-Year (Nominal),1962-03-30,83.592956915875,D,3.5802946973919,1962-03,5,0.035802946973919
2000047,DISCBOND,5001,Fama Bliss Discount Bonds - 1-Year (Nominal),1962-04-30,97.038582214829,D,3.0061531776127,1962-04,1,0.030061531776127
2000048,DISCBOND,5002,Fama Bliss Discount Bonds - 2-Year (Nominal),1962-04-30,93.651188362094,D,3.2751668684561,1962-04,2,0.032751668684561
2000049,DISCBOND,5003,Fama Bliss Discount Bonds - 3-Year (Nominal),1962-04-30,90.389067085953,D,3.3651557753999,1962-04,3,0.033651557753999
2000050,DISCBOND,5004,Fama Bliss Discount Bonds - 4-Year (Nominal),1962-04-30,86.67166991884,D,3.5760778868553,1962-04,4,0.035760778868553
2000051,DISCBOND,5005,Fama Bliss Discount Bonds - 5-Year (Nominal),1962-04-30,83.51262602588,D,3.605422626275,1962-04,5,0.036054226262750004
2000047,DISCBOND,5001,Fama Bliss Discount Bonds - 1-Year (Nominal),1962-05-31,97.099801742107,D,2.9430852483761,1962-05,1,0.029430852483761
2000048,DISCBOND,5002,Fama Bliss Discount Bonds - 2-Year (Nominal),1962-05-31,93.880135379917,D,3.1662434274548,1962-05,2,0.031662434274548
2000049,DISCBOND,5003,Fama Bliss Discount Bonds - 3-Year (Nominal),1962-05-31,90.533542105857,D,3.3210583133564,1962-05,3,0.033210583133563995
2000050,DISCBOND,5004,Fama Bliss Discount Bonds - 4-Year (Nominal),1962-05-31,86.856361080275,D,3.5204501582579,1962-05,4,0.035204501582579
2000051,DISCBOND,5005,Fama Bliss Discount Bonds - 5-Year (Nominal),1962-05-31,83.612815135682,D,3.5775073378274,1962-05,5,0.035775073378274
2000047,DISCBOND,5001,Fama Bliss Discount Bonds - 1-Year (Nominal),1962-06-29,96.983630099784,D,3.0712127760699,1962-06,1,0.030712127760699
2000048,DISCBOND,5002,Fama Bliss Discount Bonds - 2-Year (Nominal),1962-06-29,93.450854726374,D,3.3774720194703,1962-06,2,0.033774720194703
2000049,DISCBOND,5003,Fama Bliss Discount Bonds - 3-Year (Nominal),1962-06-29,90.06752187541,D,3.4806610806074,1962-06,3,0.034806610806074
2000050,DISCBOND,5004,Fama Bliss Discount Bonds - 4-Year (Nominal),1962-06-29,86.536169949186,D,3.6102472099308,1962-06,4,0.036102472099308
2000051,DISCBOND,5005,Fama Bliss Discount Bonds - 5-Year (Nominal),1962-06-29,83.293028119509,D,3.6521043912119,1962-06,5,0.036521043912118994
2000047,DISCBOND,5001,Fama Bliss Discount Bonds - 1-Year (Nominal),1962-07-31,96.745978537033,D,3.3081420450779,1962-07,1,0.033081420450779005
2000048,DISCBOND,5002,Fama Bliss Discount Bonds - 2-Year (Nominal),1962-07-31,93.351110516969,D,3.4354149519196,1962-07,2,0.034354149519196
2000049,DISCBOND,5003,Fama Bliss Discount Bonds - 3-Year (Nominal),1962-07-31,89.910336454165,D,3.5452425682126,1962-07,3,0.035452425682126004
2000050,DISCBOND,5004,Fama Bliss Discount Bonds - 4-Year (Nominal),1962-07-31,86.441620270327,D,3.6450195315164,1962-07,4,0.036450195315164
2000051,DISCBOND,5005,Fama Bliss Discount Bonds - 5-Year (Nominal),1962-07-31,83.007503214805,D,3.7227436626114,1962-07,5,0.037227436626114
2000047,DISCBOND,5001,Fama Bliss Discount Bonds - 1-Year (Nominal),1962-08-31,97.019518792894,D,3.0341130788382,1962-08,1,0.030341130788382
2000048,DISCBOND,5002,Fama Bliss Discount Bonds - 2-Year (Nominal),1962-08-31,93.85916524374,D,3.1644036741492,1962-08,2,0.031644036741492
2000049,DISCBOND,5003,Fama Bliss Discount Bonds - 3-Year (Nominal),1962-08-31,90.442837458192,D,3.3453505256663,1962-08,3,0.033453505256663
2000050,DISCBOND,5004,Fama Bliss Discount Bonds - 4-Year (Nominal),1962-08-31,87.041463968909,D,3.4672648275629,1962-08,4,0.034672648275629
2000051,DISCBOND,5005,Fama Bliss Discount Bonds - 5-Year (Nominal),1962-08-31,83.778526912556,D,3.5379303627277,1962-08,5,0.035379303627277
2000047,DISCBOND,5001,Fama Bliss Discount Bonds - 1-Year (Nominal),1962-09-28,97.064907836229,D,2.9627933422725,1962-09,1,0.029627933422725003
2000048,DISCBOND,5002,Fama Bliss Discount Bonds - 2-Year (Nominal),1962-09-28,94.010496307746,D,3.0755481673211,1962-09,2,0.030755481673211002
2000049,DISCBOND,5003,Fama Bliss Discount Bonds - 3-Year (Nominal),1962-09-28,90.494549999883,D,3.3202553241576,1962-09,3,0.033202553241576
2000050,DISCBOND,5004,Fama Bliss Discount Bonds - 4-Year (Nominal),1962-09-28,87.036791403565,D,3.4638641550249,1962-09,4,0.034638641550249004
2000051,DISCBOND,5005,Fama Bliss Discount Bonds - 5-Year (Nominal),1962-09-28,83.242315330585,D,3.6642717243932,1962-09,5,0.036642717243932
2000047,DISCBOND,5001,Fama Bliss Discount Bonds - 1-Year (Nominal),1962-10-31,97.120257828431,D,2.9220203939586,1962-10,1,0.029220203939586
2000048,DISCBOND,5002,Fama Bliss Discount Bonds - 2-Year (Nominal),1962-10-31,94.007110415973,D,3.0899881927871,1962-10,2,0.030899881927871
2000049,DISCBOND,5003,Fama Bliss Discount Bonds - 3-Year (Nominal),1962-10-31,90.547247258467,D,3.3129721598323,1962-10,3,0.033129721598323
2000050,DISCBOND,5004,Fama Bliss Discount Bonds - 4-Year (Nominal),1962-10-31,87.264554567027,D,3.4033146468514,1962-10,4,0.034033146468514
2000051,DISCBOND,5005,Fama Bliss Discount Bonds - 5-Year (Nominal),1962-10-31,83.454152420625,D,3.6154743564635,1962-10,5,0.036154743564635
2000047,DISCBOND,5001,Fama Bliss Discount Bonds - 1-Year (Nominal),1962-11-30,97.128364365133,D,2.9216785644424,1962-11,1,0.029216785644424
2000048,DISCBOND,5002,Fama Bliss Discount Bonds - 2-Year (Nominal),1962-11-30,93.796115110965,D,3.1979566247053,1962-11,2,0.031979566247053
2000049,DISCBOND,5003,Fama Bliss Discount Bonds - 3-Year (Nominal),1962-11-30,90.370737661978,D,3.371909747751,1962-11,3,0.03371909747751
2000050,DISCBOND,5004,Fama Bliss Discount Bonds - 4-Year (Nominal),1962-11-30,87.178765083255,D,3.4278873198231,1962-11,4,0.034278873198231
2000051,DISCBOND,5005,Fama Bliss Discount Bonds - 5-Year (Nominal),1962-11-30,83.7919831363,D,3.5347200474758,1962-11,5,0.035347200474758
2000047,DISCBOND,5001,Fama Bliss Discount Bonds - 1-Year (Nominal),1962-12-31,97.06594148739,D,2.9779629301925,1962-12,1,0.029779629301925
2000048,DISCBOND,5002,Fama Bliss Discount Bonds - 2-Year (Nominal),1962-12-31,93.784244961701,D,3.2042760022105,1962-12,2,0.032042760022105
2000049,DISCBOND,5003,Fama Bliss Discount Bonds - 3-Year (Nominal),1962-12-31,90.348963909618,D,3.3799346565259,1962-12,3,0.033799346565259
2000050,DISCBOND,5004,Fama Bliss Discount Bonds - 4-Year (Nominal),1962-12-31,87.251940408246,D,3.40925963792,1962-12,4,0.0340925963792
2000051,DISCBOND,5005,Fama Bliss Discount Bonds - 5-Year (Nominal),1962-12-31,83.990008371523,D,3.491359858187,1962-12,5,0.03491359858187
2000047,DISCBOND,5001,Fama Bliss Discount Bonds - 1-Year (Nominal),1963-01-31,97.015959179679,D,3.0294693392334,1963-01,1,0.030294693392333996
2000048,DISCBOND,5002,Fama Bliss Discount Bonds - 2-Year (Nominal),1963-01-31,94.065229512874,D,3.06328194358,1963-01,2,0.0306328194358
2000049,DISCBOND,5003,Fama Bliss Discount Bonds - 3-Year (Nominal),1963-01-31,90.301040122599,D,3.3976042064584,1963-01,3,0.033976042064584
2000050,DISCBOND,5004,Fama Bliss Discount Bonds - 4-Year (Nominal),1963-01-31,87.048186609973,D,3.4653353504804,1963-01,4,0.034653353504804
2000051,DISCBOND,5005,Fama Bliss Discount Bonds - 5-Year (Nominal),1963-01-31,83.509048129941,D,3.6023299878889,1963-01,5,0.036023299878889
2000047,DISCBOND,5001,Fama Bliss Discount Bonds - 1-Year (Nominal),1963-02-28,97.08240756333,D,2.9610005650114,1963-02,1,0.029610005650114003
2000048,DISCBOND,5002,Fama Bliss Discount Bonds - 2-Year (Nominal),1963-02-28,93.981012043974,D,3.1081288910221,1963-02,2,0.031081288910220998
2000049,DISCBOND,5003,Fama Bliss Discount Bonds - 3-Year (Nominal),1963-02-28,90.293816309175,D,3.4002684472133,1963-02,3,0.034002684472133
2000050,DISCBOND,5004,Fama Bliss Discount Bonds - 4-Year (Nominal),1963-02-28,86.952208909541,D,3.4928962128802,1963-02,4,0.034928962128802005
2000051,DISCBOND,5005,Fama Bliss Discount Bonds - 5-Year (Nominal),1963-02-28,83.298719282527,D,3.6507393937259,1963-02,5,0.036507393937259
2000047,DISCBOND,5001,Fama Bliss Discount Bonds - 1-Year (Nominal),1963-03-29,96.994065836297,D,3.0271578408997,1963-03,1,0.030271578408997
2000048,DISCBOND,5002,Fama Bliss Discount Bonds - 2-Year (Nominal),1963-03-29,93.83450018886,D,3.1688569404105,1963-03,2,0.031688569404105
2000049,DISCBOND,5003,Fama Bliss Discount Bonds - 3-Year (Nominal),1963-03-29,90.210192259106,D,3.4248757252556,1963-03,3,0.034248757252556
2000050,DISCBOND,5004,Fama Bliss Discount Bonds - 4-Year (Nominal),1963-03-29,86.518438370064,D,3.6128921182456,1963-03,4,0.036128921182456
2000051,DISCBOND,5005,Fama Bliss Discount Bonds - 5-Year (Nominal),1963-03-29,83.212208013016,D,3.6714987696775,1963-03,5,0.036714987696775
2000047,DISCBOND,5001,Fama Bliss Discount Bonds - 1-Year (Nominal),1963-04-30,96.94062522882,D,3.0986611837805,1963-04,1,0.030986611837805
2000048,DISCBOND,5002,Fama Bliss Discount Bonds - 2-Year (Nominal),1963-04-30,93.64711324527,D,3.2773396282123,1963-04,2,0.032773396282123
2000049,DISCBOND,5003,Fama Bliss Discount Bonds - 3-Year (Nominal),1963-04-30,89.974472011066,D,3.5214734454139,1963-04,3,0.035214734454139
2000050,DISCBOND,5004,Fama Bliss Discount Bonds - 4-Year (Nominal),1963-04-30,86.461008173488,D,3.6394090925885,1963-04,4,0.036394090925885
2000051,DISCBOND,5005,Fama Bliss Discount Bonds - 5-Year (Nominal),1963-04-30,83.177635135453,D,3.6798009666183,1963-04,5,0.036798009666183
2000047,DISCBOND,5001,Fama Bliss Discount Bonds - 1-Year (Nominal),1963-05-31,96.915874275031,D,3.1499458233018,1963-05,1,0.031499458233018
2000048,DISCBOND,5002,Fama Bliss Discount Bonds - 2-Year (Nominal),1963-05-31,93.66621152842,D,3.2806213721503,1963-05,2,0.032806213721503
2000049,DISCBOND,5003,Fama Bliss Discount Bonds - 3-Year (Nominal),1963-05-31,89.888946152176,D,3.5499318377077,1963-05,3,0.035499318377077003
2000050,DISCBOND,5004,Fama Bliss Discount Bonds - 4-Year (Nominal),1963-05-31,86.28410949866,D,3.6855940989193,1963-05,4,0.036855940989193
2000051,DISCBOND,5005,Fama Bliss Discount Bonds - 5-Year (Nominal),1963-05-31,82.941900778939,D,3.7365014516367,1963-05,5,0.037365014516367
2000047,DISCBOND,5001,Fama Bliss Discount Bonds - 1-Year (Nominal),1963-06-28,96.897747321957,D,3.1257007490444,1963-06,1,0.031257007490444
2000048,DISCBOND,5002,Fama Bliss Discount Bonds - 2-Year (Nominal),1963-06-28,93.627993438958,D,3.2785651001632,1963-06,2,0.032785651001632
2000049,DISCBOND,5003,Fama Bliss Discount Bonds - 3-Year (Nominal),1963-06-28,89.911431050906,D,3.5351512848128,1963-06,3,0.035351512848128
2000050,DISCBOND,5004,Fama Bliss Discount Bonds - 4-Year (Nominal),1963-06-28,86.170274506547,D,3.7134923228382,1963-06,4,0.037134923228382
2000051,DISCBOND,5005,Fama Bliss Discount Bonds - 5-Year (Nominal),1963-06-28,82.800085469342,D,3.7706895538333,1963-06,5,0.037706895538333
2000047,DISCBOND,5001,Fama Bliss Discount Bonds - 1-Year (Nominal),1963-07-31,96.563509607622,D,3.4873719840196,1963-07,1,0.034873719840196
2000048,DISCBOND,5002,Fama Bliss Discount Bonds - 2-Year (Nominal),1963-07-31,93.017387502454,D,3.6191873959076,1963-07,2,0.036191873959076
2000049,DISCBOND,5003,Fama Bliss Discount Bonds - 3-Year (Nominal),1963-07-31,89.60248154906,D,3.6629173363889,1963-07,3,0.036629173363889
2000050,DISCBOND,5004,Fama Bliss Discount Bonds - 4-Year (Nominal),1963-07-31,85.876933626407,D,3.8037677391456,1963-07,4,0.038037677391456
2000051,DISCBOND,5005,Fama Bliss Discount Bonds - 5-Year (Nominal),1963-07-31,82.515980762638,D,3.8393565584265,1963-07,5,0.038393565584265
2000047,DISCBOND,5001,Fama Bliss Discount Bonds - 1-Year (Nominal),1963-08-30,96.360585646985,D,3.6870898176458,1963-08,1,0.036870898176458
2000048,DISCBOND,5002,Fama Bliss Discount Bonds - 2-Year (Nominal),1963-08-30,92.941763549381,D,3.6498548511698,1963-08,2,0.036498548511698
2000049,DISCBOND,5003,Fama Bliss Discount Bonds - 3-Year (Nominal),1963-08-30,89.549310484668,D,3.6726505277705,1963-08,3,0.036726505277705004
2000050,DISCBOND,5004,Fama Bliss Discount Bonds - 4-Year (Nominal),1963-08-30,85.74134348322,D,3.8406152859333,1963-08,4,0.038406152859333
2000051,DISCBOND,5005,Fama Bliss Discount Bonds - 5-Year (Nominal),1963-08-30,82.356044535169,D,3.8781166076901,1963-08,5,0.038781166076901
2000047,DISCBOND,5001,Fama Bliss Discount Bonds - 1-Year (Nominal),1963-09-30,96.360332667261,D,3.697425743398,1963-09,1,0.03697425743398
2000048,DISCBOND,5002,Fama Bliss Discount Bonds - 2-Year (Nominal),1963-09-30,92.923697877628,D,3.6645541991917,1963-09,2,0.036645541991917
2000049,DISCBOND,5003,Fama Bliss Discount Bonds - 3-Year (Nominal),1963-09-30,89.525930121652,D,3.6846978164897,1963-09,3,0.036846978164897
2000050,DISCBOND,5004,Fama Bliss Discount Bonds - 4-Year (Nominal),1963-09-30,85.709454698412,D,3.8551760816876,1963-09,4,0.038551760816876
2000051,DISCBOND,5005,Fama Bliss Discount Bonds - 5-Year (Nominal),1963-09-30,82.187494641391,D,3.9190456996798,1963-09,5,0.039190456996798
2000047,DISCBOND,5001,Fama Bliss Discount Bonds - 1-Year (Nominal),1963-10-31,96.399942680626,D,3.6664578971086,1963-10,1,0.036664578971086
2000048,DISCBOND,5002,Fama Bliss Discount Bonds - 2-Year (Nominal),1963-10-31,92.760220269251,D,3.7627694250452,1963-10,2,0.037627694250452
2000049,DISCBOND,5003,Fama Bliss Discount Bonds - 3-Year (Nominal),1963-10-31,89.356603723366,D,3.7477455074852,1963-10,3,0.037477455074852
2000050,DISCBOND,5004,Fama Bliss Discount Bonds - 4-Year (Nominal),1963-10-31,85.447087933414,D,3.9291303084948,1963-10,4,0.039291303084948
2000051,DISCBOND,5005,Fama Bliss Discount Bonds - 5-Year (Nominal),1963-10-31,81.945002720811,D,3.9780776756926,1963-10,5,0.039780776756926
2000047,DISCBOND,5001,Fama Bliss Discount Bonds - 1-Year (Nominal),1963-11-29,96.258638799824,D,3.792366212656,1963-11,1,0.037923662126559995
2000048,DISCBOND,5002,Fama Bliss Discount Bonds - 2-Year (Nominal),1963-11-29,92.657942093872,D,3.8023584412307,1963-11,2,0.038023584412307
2000049,DISCBOND,5003,Fama Bliss Discount Bonds - 3-Year (Nominal),1963-11-29,89.245094827496,D,3.7858760382862,1963-11,3,0.037858760382862
2000050,DISCBOND,5004,Fama Bliss Discount Bonds - 4-Year (Nominal),1963-11-29,85.536669791697,D,3.9002825468146,1963-11,4,0.039002825468146
2000051,DISCBOND,5005,Fama Bliss Discount Bonds - 5-Year (Nominal),1963-11-29,82.076841731477,D,3.9459612913302,1963-11,5,0.039459612913302
2000047,DISCBOND,5001,Fama Bliss Discount Bonds - 1-Year (Nominal),1963-12-31,96.233250637591,D,3.8290343153622,1963-12,1,0.038290343153622
2000048,DISCBOND,5002,Fama Bliss Discount Bonds - 2-Year (Nominal),1963-12-31,92.472309032965,D,3.9076944098009,1963-12,2,0.039076944098009
2000049,DISCBOND,5003,Fama Bliss Discount Bonds - 3-Year (Nominal),1963-12-31,88.891539111375,D,3.9251074869064,1963-12,3,0.039251074869064005
2000050,DISCBOND,5004,Fama Bliss Discount Bonds - 4-Year (Nominal),1963-12-31,85.197542640029,D,4.0076850702595,1963-12,4,0.040076850702595
2000051,DISCBOND,5005,Fama Bliss Discount Bonds - 5-Year (Nominal),1963-12-31,81.837649869712,D,4.0042673473609,1963-12,5,0.04004267347360899
2000047,DISCBOND,5001,Fama Bliss Discount Bonds - 1-Year (Nominal),1964-01-31,96.291584926059,D,3.7893073265197,1964-01,1,0.037893073265197
2000048,DISCBOND,5002,Fama Bliss Discount Bonds - 2-Year (Nominal),1964-01-31,92.499533751202,D,3.8929962400769,1964-01,2,0.038929962400769
2000049,DISCBOND,5003,Fama Bliss Discount Bonds - 3-Year (Nominal),1964-01-31,88.845898935872,D,3.9386295582801,1964-01,3,0.039386295582801004
2000050,DISCBOND,5004,Fama Bliss Discount Bonds - 4-Year (Nominal),1964-01-31,85.400161505153,D,3.9428543547593,1964-01,4,0.039428543547592995
2000051,DISCBOND,5005,Fama Bliss Discount Bonds - 5-Year (Nominal),1964-01-31,81.921006959836,D,3.9839286738489,1964-01,5,0.039839286738489
2000047,DISCBOND,5001,Fama Bliss Discount Bonds - 1-Year (Nominal),1964-02-28,96.139865800741,D,3.9474269829566,1964-02,1,0.039474269829566005
2000048,DISCBOND,5002,Fama Bliss Discount Bonds - 2-Year (Nominal),1964-02-28,92.336436758903,D,3.9811143264463,1964-02,2,0.039811143264463
2000049,DISCBOND,5003,Fama Bliss Discount Bonds - 3-Year (Nominal),1964-02-28,88.616157247942,D,4.0248572706763,1964-02,3,0.040248572706763
2000050,DISCBOND,5004,Fama Bliss Discount Bonds - 4-Year (Nominal),1964-02-28,85.160394724807,D,4.0103491544272,1964-02,4,0.040103491544271994
2000051,DISCBOND,5005,Fama Bliss Discount Bonds - 5-Year (Nominal),1964-02-28,81.760823847454,D,4.0230308296338,1964-02,5,0.040230308296338
2000047,DISCBOND,5001,Fama Bliss Discount Bonds - 1-Year (Nominal),1964-03-31,96.165017764643,D,3.9104535149922,1964-03,1,0.039104535149922
2000048,DISCBOND,5002,Fama Bliss Discount Bonds - 2-Year (Nominal),1964-03-31,92.170758020182,D,4.0763631931671,1964-03,2,0.040763631931671
2000049,DISCBOND,5003,Fama Bliss Discount Bonds - 3-Year (Nominal),1964-03-31,88.359940626531,D,4.1250494358037,1964-03,3,0.041250494358037
2000050,DISCBOND,5004,Fama Bliss Discount Bonds - 4-Year (Nominal),1964-03-31,84.731483581382,D,4.1449128588836,1964-03,4,0.041449128588836
2000051,DISCBOND,5005,Fama Bliss Discount Bonds - 5-Year (Nominal),1964-03-31,81.594084541387,D,4.0727317499416,1964-03,5,0.040727317499415994
2000047,DISCBOND,5001,Fama Bliss Discount Bonds - 1-Year (Nominal),1964-04-30,96.287739883164,D,3.7829186990149,1964-04,1,0.037829186990149005
2000048,DISCBOND,5002,Fama Bliss Discount Bonds - 2-Year (Nominal),1964-04-30,92.362071605583,D,3.9781381044931,1964-04,2,0.039781381044931
2000049,DISCBOND,5003,Fama Bliss Discount Bonds - 3-Year (Nominal),1964-04-30,88.585815925743,D,4.047340173014,1964-04,3,0.040473401730139996
2000050,DISCBOND,5004,Fama Bliss Discount Bonds - 4-Year (Nominal),1964-04-30,84.925170543848,D,4.0821956621312,1964-04,4,0.040821956621312
2000051,DISCBOND,5005,Fama Bliss Discount Bonds - 5-Year (Nominal),1964-04-30,81.549777709443,D,4.0768976071565,1964-04,5,0.040768976071565
2000047,DISCBOND,5001,Fama Bliss Discount Bonds - 1-Year (Nominal),1964-05-28,96.240232467726,D,3.8322698824528,1964-05,1,0.038322698824528
2000048,DISCBOND,5002,Fama Bliss Discount Bonds - 2-Year (Nominal),1964-05-28,92.433105008067,D,3.9181476983215,1964-05,2,0.039181476983215
2000049,DISCBOND,5003,Fama Bliss Discount Bonds - 3-Year (Nominal),1964-05-28,88.758505986284,D,3.9641699047925,1964-05,3,0.039641699047925
2000050,DISCBOND,5004,Fama Bliss Discount Bonds - 4-Year (Nominal),1964-05-28,85.104905213631,D,4.0211211105019,1964-05,4,0.040211211105019
2000051,DISCBOND,5005,Fama Bliss Discount Bonds - 5-Year (Nominal),1964-05-28,81.940117493053,D,3.9792687246177,1964-05,5,0.039792687246176996
2000047,DISCBOND,5001,Fama Bliss Discount Bonds - 1-Year (Nominal),1964-06-30,96.290993889666,D,3.7795392952362,1964-06,1,0.037795392952362
2000048,DISCBOND,5002,Fama Bliss Discount Bonds - 2-Year (Nominal),1964-06-30,92.721474983296,D,3.778503957642,1964-06,2,0.03778503957642
2000049,DISCBOND,5003,Fama Bliss Discount Bonds - 3-Year (Nominal),1964-06-30,88.975781092994,D,3.8935326439912,1964-06,3,0.038935326439912
2000050,DISCBOND,5004,Fama Bliss Discount Bonds - 4-Year (Nominal),1964-06-30,85.31752141088,D,3.9724796673846,1964-06,4,0.039724796673846
2000051,DISCBOND,5005,Fama Bliss Discount Bonds - 5-Year (Nominal),1964-06-30,81.957051824802,D,3.9773172034309,1964-06,5,0.039773172034308996
2000047,DISCBOND,5001,Fama Bliss Discount Bonds - 1-Year (Nominal),1964-07-31,96.320882405068,D,3.7588025845087,1964-07,1,0.037588025845087
2000048,DISCBOND,5002,Fama Bliss Discount Bonds - 2-Year (Nominal),1964-07-31,92.952817574709,D,3.6639463454947,1964-07,2,0.036639463454947
2000049,DISCBOND,5003,Fama Bliss Discount Bonds - 3-Year (Nominal),1964-07-31,89.043318768306,D,3.8682403464727,1964-07,3,0.038682403464727
2000050,DISCBOND,5004,Fama Bliss Discount Bonds - 4-Year (Nominal),1964-07-31,85.305830800628,D,3.9704650288565,1964-07,4,0.039704650288565
2000051,DISCBOND,5005,Fama Bliss Discount Bonds - 5-Year (Nominal),1964-07-31,81.83968474813,D,4.0059631508219,1964-07,5,0.040059631508219
2000047,DISCBOND,5001,Fama Bliss Discount Bonds - 1-Year (Nominal),1964-08-31,96.258750744848,D,3.8130300123298,1964-08,1,0.038130300123298
2000048,DISCBOND,5002,Fama Bliss Discount Bonds - 2-Year (Nominal),1964-08-31,92.804481492959,D,3.7337627705982,1964-08,2,0.037337627705982
2000049,DISCBOND,5003,Fama Bliss Discount Bonds - 3-Year (Nominal),1964-08-31,88.95261150475,D,3.9022138850707,1964-08,3,0.039022138850707
2000050,DISCBOND,5004,Fama Bliss Discount Bonds - 4-Year (Nominal),1964-08-31,85.245007116824,D,3.9910159771051,1964-08,4,0.039910159771051
2000051,DISCBOND,5005,Fama Bliss Discount Bonds - 5-Year (Nominal),1964-08-31,81.791921305914,D,4.0220379641095,1964-08,5,0.040220379641095
2000047,DISCBOND,5001,Fama Bliss Discount Bonds - 1-Year (Nominal),1964-09-30,96.177639562196,D,3.8973292317507,1964-09,1,0.038973292317507
2000048,DISCBOND,5002,Fama Bliss Discount Bonds - 2-Year (Nominal),1964-09-30,92.686819984102,D,3.7971951384241,1964-09,2,0.037971951384241004
2000049,DISCBOND,5003,Fama Bliss Discount Bonds - 3-Year (Nominal),1964-09-30,88.864030208219,D,3.9390216220343,1964-09,3,0.039390216220343
2000050,DISCBOND,5004,Fama Bliss Discount Bonds - 4-Year (Nominal),1964-09-30,85.221292949979,D,3.9952352808298,1964-09,4,0.039952352808298
2000051,DISCBOND,5005,Fama Bliss Discount Bonds - 5-Year (Nominal),1964-09-30,81.901262842228,D,3.9909285799384,1964-09,5,0.039909285799384
2000047,DISCBOND,5001,Fama Bliss Discount Bonds - 1-Year (Nominal),1964-10-30,96.179464372755,D,3.9061338258012,1964-10,1,0.039061338258012
2000048,DISCBOND,5002,Fama Bliss Discount Bonds - 2-Year (Nominal),1964-10-30,92.557356171118,D,3.8617932291829,1964-10,2,0.038617932291829
2000049,DISCBOND,5003,Fama Bliss Discount Bonds - 3-Year (Nominal),1964-10-30,88.753106061586,D,3.9734301366756,1964-10,3,0.039734301366756
2000050,DISCBOND,5004,Fama Bliss Discount Bonds - 4-Year (Nominal),1964-10-30,85.200511414592,D,3.9985912305129,1964-10,4,0.039985912305129004
2000051,DISCBOND,5005,Fama Bliss Discount Bonds - 5-Year (Nominal),1964-10-30,81.832801403372,D,4.0054509840389,1964-10,5,0.040054509840389
2000047,DISCBOND,5001,Fama Bliss Discount Bonds - 1-Year (Nominal),1964-11-30,95.873475204713,D,4.2140830419709,1964-11,1,0.042140830419709
2000048,DISCBOND,5002,Fama Bliss Discount Bonds - 2-Year (Nominal),1964-11-30,92.260351249794,D,4.0277850346264,1964-11,2,0.040277850346264
2000049,DISCBOND,5003,Fama Bliss Discount Bonds - 3-Year (Nominal),1964-11-30,88.441804980327,D,4.0941808257661,1964-11,3,0.040941808257661
2000050,DISCBOND,5004,Fama Bliss Discount Bonds - 4-Year (Nominal),1964-11-30,84.938375159601,D,4.0811047639587,1964-11,4,0.040811047639587
2000051,DISCBOND,5005,Fama Bliss Discount Bonds - 5-Year (Nominal),1964-11-30,81.598450097845,D,4.0694281164987,1964-11,5,0.040694281164986995
2000047,DISCBOND,5001,Fama Bliss Discount Bonds - 1-Year (Nominal),1964-12-31,96.030624765732,D,4.0503037416103,1964-12,1,0.040503037416103
2000048,DISCBOND,5002,Fama Bliss Discount Bonds - 2-Year (Nominal),1964-12-31,92.444754774473,D,3.9333364075243,1964-12,2,0.039333364075242995
2000049,DISCBOND,5003,Fama Bliss Discount Bonds - 3-Year (Nominal),1964-12-31,88.777313740834,D,3.975228868941,1964-12,3,0.03975228868941
2000050,DISCBOND,5004,Fama Bliss Discount Bonds - 4-Year (Nominal),1964-12-31,85.206916638216,D,3.9994500971758,1964-12,4,0.039994500971757996
2000051,DISCBOND,5005,Fama Bliss Discount Bonds - 5-Year (Nominal),1964-12-31,81.554982032116,D,4.0756219920504,1964-12,5,0.040756219920504
2000047,DISCBOND,5001,Fama Bliss Discount Bonds - 1-Year (Nominal),1965-01-29,95.983386704845,D,4.0771658233767,1965-01,1,0.040771658233767
2000048,DISCBOND,5002,Fama Bliss Discount Bonds - 2-Year (Nominal),1965-01-29,92.42554731595,D,3.9275775774283,1965-01,2,0.039275775774283005
2000049,DISCBOND,5003,Fama Bliss Discount Bonds - 3-Year (Nominal),1965-01-29,88.831412322566,D,3.9404646646997,1965-01,3,0.039404646646997
2000050,DISCBOND,5004,Fama Bliss Discount Bonds - 4-Year (Nominal),1965-01-29,85.274322518162,D,3.9742537943267,1965-01,4,0.039742537943267
2000051,DISCBOND,5005,Fama Bliss Discount Bonds - 5-Year (Nominal),1965-01-29,81.535217270341,D,4.0782335761751,1965-01,5,0.040782335761751
2000047,DISCBOND,5001,Fama Bliss Discount Bonds - 1-Year (Nominal),1965-02-26,95.86105412321,D,4.2040039374361,1965-02,1,0.042040039374360995
2000048,DISCBOND,5002,Fama Bliss Discount Bonds - 2-Year (Nominal),1965-02-26,92.228135607122,D,4.034194683044,1965-02,2,0.040341946830440005
2000049,DISCBOND,5003,Fama Bliss Discount Bonds - 3-Year (Nominal),1965-02-26,88.671896570545,D,3.9966231119949,1965-02,3,0.039966231119949
2000050,DISCBOND,5004,Fama Bliss Discount Bonds - 4-Year (Nominal),1965-02-26,85.17867352912,D,4.0022535554058,1965-02,4,0.040022535554058
2000051,DISCBOND,5005,Fama Bliss Discount Bonds - 5-Year (Nominal),1965-02-26,81.3603564965,D,4.1211247160619,1965-02,5,0.041211247160619
2000047,DISCBOND,5001,Fama Bliss Discount Bonds - 1-Year (Nominal),1965-03-31,95.944443176944,D,4.1400878948354,1965-03,1,0.041400878948354
2000048,DISCBOND,5002,Fama Bliss Discount Bonds - 2-Year (Nominal),1965-03-31,92.262734697643,D,4.0264933545977,1965-03,2,0.040264933545977
2000049,DISCBOND,5003,Fama Bliss Discount Bonds - 3-Year (Nominal),1965-03-31,88.637396469513,D,4.024219440025,1965-03,3,0.04024219440025
2000050,DISCBOND,5004,Fama Bliss Discount Bonds - 4-Year (Nominal),1965-03-31,85.221349596416,D,4.0034391956604,1965-03,4,0.040034391956604
2000051,DISCBOND,5005,Fama Bliss Discount Bonds - 5-Year (Nominal),1965-03-31,81.451104433637,D,4.1010985183284,1965-03,5,0.041010985183284
2000047,DISCBOND,5001,Fama Bliss Discount Bonds - 1-Year (Nominal),1965-04-30,95.996136835019,D,4.0974497343683,1965-04,1,0.040974497343683
2000048,DISCBOND,5002,Fama Bliss Discount Bonds - 2-Year (Nominal),1965-04-30,92.286271637021,D,4.0247665293254,1965-04,2,0.040247665293254
2000049,DISCBOND,5003,Fama Bliss Discount Bonds - 3-Year (Nominal),1965-04-30,88.577553483598,D,4.0393681484211,1965-04,3,0.040393681484211
2000050,DISCBOND,5004,Fama Bliss Discount Bonds - 4-Year (Nominal),1965-04-30,85.141199442501,D,4.0187259838125,1965-04,4,0.040187259838124996
2000051,DISCBOND,5005,Fama Bliss Discount Bonds - 5-Year (Nominal),1965-04-30,81.387630045077,D,4.1166819428729,1965-04,5,0.041166819428729
2000047,DISCBOND,5001,Fama Bliss Discount Bonds - 1-Year (Nominal),1965-05-28,95.97244305256,D,4.0773958301816,1965-05,1,0.040773958301816
2000048,DISCBOND,5002,Fama Bliss Discount Bonds - 2-Year (Nominal),1965-05-28,92.225011573316,D,4.0303777217292,1965-05,2,0.040303777217291996
2000049,DISCBOND,5003,Fama Bliss Discount Bonds - 3-Year (Nominal),1965-05-28,88.557907463888,D,4.0357087007994,1965-05,3,0.040357087007994
2000050,DISCBOND,5004,Fama Bliss Discount Bonds - 4-Year (Nominal),1965-05-28,85.137899060715,D,4.0169449017966,1965-05,4,0.040169449017966
2000051,DISCBOND,5005,Fama Bliss Discount Bonds - 5-Year (Nominal),1965-05-28,81.363282654597,D,4.1204062083269,1965-05,5,0.041204062083268995
2000047,DISCBOND,5001,Fama Bliss Discount Bonds - 1-Year (Nominal),1965-06-30,96.101597728516,D,3.9764244463099,1965-06,1,0.039764244463099
2000048,DISCBOND,5002,Fama Bliss Discount Bonds - 2-Year (Nominal),1965-06-30,92.437734166601,D,3.9317456138905,1965-06,2,0.039317456138905
2000049,DISCBOND,5003,Fama Bliss Discount Bonds - 3-Year (Nominal),1965-06-30,88.689911112021,D,4.0044583759228,1965-06,3,0.040044583759228
2000050,DISCBOND,5004,Fama Bliss Discount Bonds - 4-Year (Nominal),1965-06-30,85.145723302062,D,4.0173985879156,1965-06,4,0.040173985879156
2000051,DISCBOND,5005,Fama Bliss Discount Bonds - 5-Year (Nominal),1965-06-30,81.481953649511,D,4.0935291960088,1965-06,5,0.040935291960087994
2000047,DISCBOND,5001,Fama Bliss Discount Bonds - 1-Year (Nominal),1965-07-30,96.072397421967,D,4.0178218018018,1965-07,1,0.040178218018018
2000048,DISCBOND,5002,Fama Bliss Discount Bonds - 2-Year (Nominal),1965-07-30,92.302478908086,D,3.9994806590288,1965-07,2,0.039994806590288
2000049,DISCBOND,5003,Fama Bliss Discount Bonds - 3-Year (Nominal),1965-07-30,88.543613904242,D,4.0484370118823,1965-07,3,0.040484370118823006
2000050,DISCBOND,5004,Fama Bliss Discount Bonds - 4-Year (Nominal),1965-07-30,84.812807794985,D,4.1124569909586,1965-07,4,0.041124569909586
2000051,DISCBOND,5005,Fama Bliss Discount Bonds - 5-Year (Nominal),1965-07-30,81.360672091686,D,4.1210472215409,1965-07,5,0.041210472215409
2000047,DISCBOND,5001,Fama Bliss Discount Bonds - 1-Year (Nominal),1965-08-31,95.914028943438,D,4.1717927587646,1965-08,1,0.041717927587646
2000048,DISCBOND,5002,Fama Bliss Discount Bonds - 2-Year (Nominal),1965-08-31,92.151635685267,D,4.0867375891364,1965-08,2,0.040867375891364
2000049,DISCBOND,5003,Fama Bliss Discount Bonds - 3-Year (Nominal),1965-08-31,88.306491806482,D,4.145218829818,1965-08,3,0.04145218829818
2000050,DISCBOND,5004,Fama Bliss Discount Bonds - 4-Year (Nominal),1965-08-31,84.663480907126,D,4.1649988427801,1965-08,4,0.041649988427800995
2000051,DISCBOND,5005,Fama Bliss Discount Bonds - 5-Year (Nominal),1965-08-31,81.237093110166,D,4.1536885011148,1965-08,5,0.041536885011148
2000047,DISCBOND,5001,Fama Bliss Discount Bonds - 1-Year (Nominal),1965-09-30,95.746738853747,D,4.3463617476054,1965-09,1,0.043463617476054
2000048,DISCBOND,5002,Fama Bliss Discount Bonds - 2-Year (Nominal),1965-09-30,91.869370871821,D,4.245941342266,1965-09,2,0.04245941342266
2000049,DISCBOND,5003,Fama Bliss Discount Bonds - 3-Year (Nominal),1965-09-30,87.982725887099,D,4.2637625762694,1965-09,3,0.042637625762694004
2000050,DISCBOND,5004,Fama Bliss Discount Bonds - 4-Year (Nominal),1965-09-30,84.296697889896,D,4.2677642873381,1965-09,4,0.042677642873380994
2000051,DISCBOND,5005,Fama Bliss Discount Bonds - 5-Year (Nominal),1965-09-30,80.854725665963,D,4.2479952321988,1965-09,5,0.042479952321988
2000047,DISCBOND,5001,Fama Bliss Discount Bonds - 1-Year (Nominal),1965-10-29,95.718334650242,D,4.3521845293917,1965-10,1,0.043521845293917
2000048,DISCBOND,5002,Fama Bliss Discount Bonds - 2-Year (Nominal),1965-10-29,91.819922581073,D,4.2553860234576,1965-10,2,0.042553860234575996
2000049,DISCBOND,5003,Fama Bliss Discount Bonds - 3-Year (Nominal),1965-10-29,87.913860429234,D,4.2820253836481,1965-10,3,0.042820253836481
2000050,DISCBOND,5004,Fama Bliss Discount Bonds - 4-Year (Nominal),1965-10-29,84.024132345678,D,4.342730056934,1965-10,4,0.04342730056934
2000051,DISCBOND,5005,Fama Bliss Discount Bonds - 5-Year (Nominal),1965-10-29,80.553255435389,D,4.320298632705,1965-10,5,0.04320298632705
2000047,DISCBOND,5001,Fama Bliss Discount Bonds - 1-Year (Nominal),1965-11-30,95.660552769423,D,4.4364169272369,1965-11,1,0.044364169272369
2000048,DISCBOND,5002,Fama Bliss Discount Bonds - 2-Year (Nominal),1965-11-30,91.776532781275,D,4.2906777616273,1965-11,2,0.042906777616273005
2000049,DISCBOND,5003,Fama Bliss Discount Bonds - 3-Year (Nominal),1965-11-30,87.639235551421,D,4.3980465943354,1965-11,3,0.043980465943354
2000050,DISCBOND,5004,Fama Bliss Discount Bonds - 4-Year (Nominal),1965-11-30,83.765176984323,D,4.4318560994727,1965-11,4,0.044318560994727
2000051,DISCBOND,5005,Fama Bliss Discount Bonds - 5-Year (Nominal),1965-11-30,80.262004592451,D,4.3950685063835,1965-11,5,0.043950685063834996
2000047,DISCBOND,5001,Fama Bliss Discount Bonds - 1-Year (Nominal),1965-12-31,95.244482535605,D,4.8856956634329,1965-12,1,0.048856956634329
2000048,DISCBOND,5002,Fama Bliss Discount Bonds - 2-Year (Nominal),1965-12-31,90.855779084955,D,4.8080119427949,1965-12,2,0.04808011942794901
2000049,DISCBOND,5003,Fama Bliss Discount Bonds - 3-Year (Nominal),1965-12-31,86.344145622686,D,4.8898406544948,1965-12,3,0.048898406544948
2000050,DISCBOND,5004,Fama Bliss Discount Bonds - 4-Year (Nominal),1965-12-31,82.26410164929,D,4.8775433874168,1965-12,4,0.048775433874168
2000051,DISCBOND,5005,Fama Bliss Discount Bonds - 5-Year (Nominal),1965-12-31,78.769726465653,D,4.7702149270387,1965-12,5,0.047702149270387004
2000047,DISCBOND,5001,Fama Bliss Discount Bonds - 1-Year (Nominal),1966-01-31,95.199238310051,D,4.9198245167624,1966-01,1,0.049198245167624
2000048,DISCBOND,5002,Fama Bliss Discount Bonds - 2-Year (Nominal),1966-01-31,90.803561088104,D,4.8235841058953,1966-01,2,0.048235841058953
2000049,DISCBOND,5003,Fama Bliss Discount Bonds - 3-Year (Nominal),1966-01-31,86.314783833531,D,4.9011674171337,1966-01,3,0.049011674171337
2000050,DISCBOND,5004,Fama Bliss Discount Bonds - 4-Year (Nominal),1966-01-31,82.185047672448,D,4.9049200566785,1966-01,4,0.049049200566784995
2000051,DISCBOND,5005,Fama Bliss Discount Bonds - 5-Year (Nominal),1966-01-31,78.56995169649,D,4.8262615166113,1966-01,5,0.048262615166113
2000047,DISCBOND,5001,Fama Bliss Discount Bonds - 1-Year (Nominal),1966-02-28,95.142171706264,D,4.9797868817482,1966-02,1,0.049797868817481994
2000048,DISCBOND,5002,Fama Bliss Discount Bonds - 2-Year (Nominal),1966-02-28,90.652732954272,D,4.89999273629,1966-02,2,0.0489999273629
2000049,DISCBOND,5003,Fama Bliss Discount Bonds - 3-Year (Nominal),1966-02-28,86.202180122231,D,4.9446417857372,1966-02,3,0.049446417857372
2000050,DISCBOND,5004,Fama Bliss Discount Bonds - 4-Year (Nominal),1966-02-28,81.892669753796,D,4.9940175382575,1966-02,4,0.049940175382575
2000051,DISCBOND,5005,Fama Bliss Discount Bonds - 5-Year (Nominal),1966-02-28,78.078863173103,D,4.9517292674598,1966-02,5,0.04951729267459801
2000047,DISCBOND,5001,Fama Bliss Discount Bonds - 1-Year (Nominal),1966-03-31,95.189098954625,D,4.9304757526322,1966-03,1,0.049304757526322
2000048,DISCBOND,5002,Fama Bliss Discount Bonds - 2-Year (Nominal),1966-03-31,90.993272237559,D,4.7257042465932,1966-03,2,0.04725704246593201
2000049,DISCBOND,5003,Fama Bliss Discount Bonds - 3-Year (Nominal),1966-03-31,86.767497335453,D,4.739927069268,1966-03,3,0.04739927069268
2000050,DISCBOND,5004,Fama Bliss Discount Bonds - 4-Year (Nominal),1966-03-31,82.587837262242,D,4.779420655795,1966-03,4,0.04779420655795
2000051,DISCBOND,5005,Fama Bliss Discount Bonds - 5-Year (Nominal),1966-03-31,78.941368568912,D,4.7267054538537,1966-03,5,0.047267054538537
2000047,DISCBOND,5001,Fama Bliss Discount Bonds - 1-Year (Nominal),1966-04-29,95.145278063826,D,4.9901939564553,1966-04,1,0.049901939564553
2000048,DISCBOND,5002,Fama Bliss Discount Bonds - 2-Year (Nominal),1966-04-29,90.763610524049,D,4.832348095627,1966-04,2,0.04832348095627
2000049,DISCBOND,5003,Fama Bliss Discount Bonds - 3-Year (Nominal),1966-04-29,86.415468013531,D,4.857910365229,1966-04,3,0.048579103652290005
2000050,DISCBOND,5004,Fama Bliss Discount Bonds - 4-Year (Nominal),1966-04-29,82.375920629113,D,4.8402949017316,1966-04,4,0.048402949017315997
2000051,DISCBOND,5005,Fama Bliss Discount Bonds - 5-Year (Nominal),1966-04-29,78.654080687294,D,4.7969564960396,1966-04,5,0.047969564960396005
2000047,DISCBOND,5001,Fama Bliss Discount Bonds - 1-Year (Nominal),1966-05-31,95.037013792559,D,5.090375140023,1966-05,1,0.05090375140023
2000048,DISCBOND,5002,Fama Bliss Discount Bonds - 2-Year (Nominal),1966-05-31,90.464318143072,D,5.0038797690535,1966-05,2,0.05003879769053501
2000049,DISCBOND,5003,Fama Bliss Discount Bonds - 3-Year (Nominal),1966-05-31,86.121998150732,D,4.9847291280689,1966-05,3,0.049847291280689
2000050,DISCBOND,5004,Fama Bliss Discount Bonds - 4-Year (Nominal),1966-05-31,81.892304957683,D,4.9975521453085,1966-05,4,0.049975521453085
2000051,DISCBOND,5005,Fama Bliss Discount Bonds - 5-Year (Nominal),1966-05-31,78.355084960481,D,4.8837385148241,1966-05,5,0.048837385148241
2000047,DISCBOND,5001,Fama Bliss Discount Bonds - 1-Year (Nominal),1966-06-30,95.021804925072,D,5.106379519743,1966-06,1,0.051063795197430005
2000048,DISCBOND,5002,Fama Bliss Discount Bonds - 2-Year (Nominal),1966-06-30,90.354378963156,D,5.0784920072065,1966-06,2,0.050784920072065004
2000049,DISCBOND,5003,Fama Bliss Discount Bonds - 3-Year (Nominal),1966-06-30,85.74823814609,D,5.1204788563094,1966-06,3,0.051204788563093996
2000050,DISCBOND,5004,Fama Bliss Discount Bonds - 4-Year (Nominal),1966-06-30,81.49366855045,D,5.1126197026006,1966-06,4,0.051126197026006
2000051,DISCBOND,5005,Fama Bliss Discount Bonds - 5-Year (Nominal),1966-06-30,77.840675459019,D,5.0073774826781,1966-06,5,0.050073774826781
2000047,DISCBOND,5001,Fama Bliss Discount Bonds - 1-Year (Nominal),1966-07-29,94.861999628649,D,5.2459536364187,1966-07,1,0.052459536364187
2000048,DISCBOND,5002,Fama Bliss Discount Bonds - 2-Year (Nominal),1966-07-29,90.101544682629,D,5.1903139007278,1966-07,2,0.051903139007278
2000049,DISCBOND,5003,Fama Bliss Discount Bonds - 3-Year (Nominal),1966-07-29,85.494660786725,D,5.209602379598,1966-07,3,0.05209602379598
2000050,DISCBOND,5004,Fama Bliss Discount Bonds - 4-Year (Nominal),1966-07-29,81.104644389868,D,5.225012661736,1966-07,4,0.05225012661736
2000051,DISCBOND,5005,Fama Bliss Discount Bonds - 5-Year (Nominal),1966-07-29,77.161380927381,D,5.1797455477301,1966-07,5,0.051797455477300997
2000047,DISCBOND,5001,Fama Bliss Discount Bonds - 1-Year (Nominal),1966-08-31,94.241112732361,D,5.9313658722847,1966-08,1,0.059313658722847
2000048,DISCBOND,5002,Fama Bliss Discount Bonds - 2-Year (Nominal),1966-08-31,88.975433471579,D,5.8404941384017,1966-08,2,0.058404941384017
2000049,DISCBOND,5003,Fama Bliss Discount Bonds - 3-Year (Nominal),1966-08-31,84.129211961665,D,5.7658097314003,1966-08,3,0.057658097314003
2000050,DISCBOND,5004,Fama Bliss Discount Bonds - 4-Year (Nominal),1966-08-31,79.283230547305,D,5.7996164964085,1966-08,4,0.057996164964085
2000051,DISCBOND,5005,Fama Bliss Discount Bonds - 5-Year (Nominal),1966-08-31,75.719650629611,D,5.559602935981,1966-08,5,0.05559602935981
2000047,DISCBOND,5001,Fama Bliss Discount Bonds - 1-Year (Nominal),1966-09-30,94.192054043538,D,5.9998742717772,1966-09,1,0.059998742717772
2000048,DISCBOND,5002,Fama Bliss Discount Bonds - 2-Year (Nominal),1966-09-30,89.765034874666,D,5.3913472659468,1966-09,2,0.053913472659468005
2000049,DISCBOND,5003,Fama Bliss Discount Bonds - 3-Year (Nominal),1966-09-30,85.064350863859,D,5.3871520096249,1966-09,3,0.053871520096249
2000050,DISCBOND,5004,Fama Bliss Discount Bonds - 4-Year (Nominal),1966-09-30,80.827486794609,D,5.3176852501793,1966-09,4,0.05317685250179301
2000051,DISCBOND,5005,Fama Bliss Discount Bonds - 5-Year (Nominal),1966-09-30,77.29723350269,D,5.1474197330249,1966-09,5,0.051474197330248994
2000047,DISCBOND,5001,Fama Bliss Discount Bonds - 1-Year (Nominal),1966-10-31,94.459095360493,D,5.7003298524561,1966-10,1,0.05700329852456101
2000048,DISCBOND,5002,Fama Bliss Discount Bonds - 2-Year (Nominal),1966-10-31,89.957578727616,D,5.2843598783687,1966-10,2,0.052843598783686996
2000049,DISCBOND,5003,Fama Bliss Discount Bonds - 3-Year (Nominal),1966-10-31,85.456536433603,D,5.2339631738742,1966-10,3,0.052339631738741996
2000050,DISCBOND,5004,Fama Bliss Discount Bonds - 4-Year (Nominal),1966-10-31,81.188528992228,D,5.2099054342106,1966-10,4,0.052099054342106
2000051,DISCBOND,5005,Fama Bliss Discount Bonds - 5-Year (Nominal),1966-10-31,77.439704743748,D,5.1162144330647,1966-10,5,0.051162144330647
2000047,DISCBOND,5001,Fama Bliss Discount Bonds - 1-Year (Nominal),1966-11-30,94.707500194069,D,5.4376989417191,1966-11,1,0.054376989417191005
2000048,DISCBOND,5002,Fama Bliss Discount Bonds - 2-Year (Nominal),1966-11-30,89.845496870211,D,5.3539346160214,1966-11,2,0.053539346160213996
2000049,DISCBOND,5003,Fama Bliss Discount Bonds - 3-Year (Nominal),1966-11-30,85.225064540383,D,5.3340247338765,1966-11,3,0.053340247338765
2000050,DISCBOND,5004,Fama Bliss Discount Bonds - 4-Year (Nominal),1966-11-30,80.859501161521,D,5.3077919199192,1966-11,4,0.053077919199192004
2000051,DISCBOND,5005,Fama Bliss Discount Bonds - 5-Year (Nominal),1966-11-30,77.112176530014,D,5.1953327999013,1966-11,5,0.051953327999013005
2000047,DISCBOND,5001,Fama Bliss Discount Bonds - 1-Year (Nominal),1966-12-30,95.123724232722,D,5.0129123664085,1966-12,1,0.050129123664085
2000048,DISCBOND,5002,Fama Bliss Discount Bonds - 2-Year (Nominal),1966-12-30,90.841180671559,D,4.7897510841685,1966-12,2,0.047897510841685
2000049,DISCBOND,5003,Fama Bliss Discount Bonds - 3-Year (Nominal),1966-12-30,86.368440419666,D,4.8760223359405,1966-12,3,0.048760223359405004
2000050,DISCBOND,5004,Fama Bliss Discount Bonds - 4-Year (Nominal),1966-12-30,82.732179269076,D,4.7325558400465,1966-12,4,0.047325558400465005
2000051,DISCBOND,5005,Fama Bliss Discount Bonds - 5-Year (Nominal),1966-12-30,79.100177977413,D,4.6839680697507,1966-12,5,0.046839680697507
2000047,DISCBOND,5001,Fama Bliss Discount Bonds - 1-Year (Nominal),1967-01-31,95.493263308635,D,4.6114482260395,1967-01,1,0.046114482260395
2000048,DISCBOND,5002,Fama Bliss Discount Bonds - 2-Year (Nominal),1967-01-31,91.394025199782,D,4.4933487141542,1967-01,2,0.044933487141542
2000049,DISCBOND,5003,Fama Bliss Discount Bonds - 3-Year (Nominal),1967-01-31,87.200232827295,D,4.5654396373587,1967-01,3,0.045654396373586995
2000050,DISCBOND,5004,Fama Bliss Discount Bonds - 4-Year (Nominal),1967-01-31,83.115713899226,D,4.6265792758438,1967-01,4,0.046265792758438
2000051,DISCBOND,5005,Fama Bliss Discount Bonds - 5-Year (Nominal),1967-01-31,79.637055716985,D,4.5513195273444,1967-01,5,0.045513195273443996
2000047,DISCBOND,5001,Fama Bliss Discount Bonds - 1-Year (Nominal),1967-02-28,95.435165590543,D,4.6595405831714,1967-02,1,0.046595405831713996
2000048,DISCBOND,5002,Fama Bliss Discount Bonds - 2-Year (Nominal),1967-02-28,91.1365569685,D,4.6342106923295,1967-02,2,0.046342106923295
2000049,DISCBOND,5003,Fama Bliss Discount Bonds - 3-Year (Nominal),1967-02-28,86.773466840794,D,4.7289765612541,1967-02,3,0.047289765612541
2000050,DISCBOND,5004,Fama Bliss Discount Bonds - 4-Year (Nominal),1967-02-28,82.813379432672,D,4.7177453370448,1967-02,4,0.047177453370448
2000051,DISCBOND,5005,Fama Bliss Discount Bonds - 5-Year (Nominal),1967-02-28,79.096235097603,D,4.6849639364629,1967-02,5,0.046849639364629
2000047,DISCBOND,5001,Fama Bliss Discount Bonds - 1-Year (Nominal),1967-03-31,95.955219494872,D,4.1401998911269,1967-03,1,0.041401998911269
2000048,DISCBOND,5002,Fama Bliss Discount Bonds - 2-Year (Nominal),1967-03-31,92.099947788556,D,4.1260950340507,1967-03,2,0.041260950340507
2000049,DISCBOND,5003,Fama Bliss Discount Bonds - 3-Year (Nominal),1967-03-31,88.058898968136,D,4.2349422757887,1967-03,3,0.042349422757886994
2000050,DISCBOND,5004,Fama Bliss Discount Bonds - 4-Year (Nominal),1967-03-31,84.085427682939,D,4.3304567243236,1967-03,4,0.043304567243236
2000051,DISCBOND,5005,Fama Bliss Discount Bonds - 5-Year (Nominal),1967-03-31,80.383330443655,D,4.3648754287395,1967-03,5,0.043648754287395
2000047,DISCBOND,5001,Fama Bliss Discount Bonds - 1-Year (Nominal),1967-04-28,96.018444086228,D,4.0298664643889,1967-04,1,0.040298664643889
2000048,DISCBOND,5002,Fama Bliss Discount Bonds - 2-Year (Nominal),1967-04-28,91.65953420306,D,4.3366377089102,1967-04,2,0.043366377089102
2000049,DISCBOND,5003,Fama Bliss Discount Bonds - 3-Year (Nominal),1967-04-28,87.332889818714,D,4.5024328479676,1967-04,3,0.045024328479675996
2000050,DISCBOND,5004,Fama Bliss Discount Bonds - 4-Year (Nominal),1967-04-28,83.122807514497,D,4.6118002873053,1967-04,4,0.046118002873053
2000051,DISCBOND,5005,Fama Bliss Discount Bonds - 5-Year (Nominal),1967-04-28,79.31105418649,D,4.6307785364907,1967-04,5,0.046307785364907005
2000047,DISCBOND,5001,Fama Bliss Discount Bonds - 1-Year (Nominal),1967-05-31,96.106167663333,D,3.9608177797377,1967-05,1,0.039608177797377
2000048,DISCBOND,5002,Fama Bliss Discount Bonds - 2-Year (Nominal),1967-05-31,91.731342778838,D,4.3212228894389,1967-05,2,0.043212228894389
2000049,DISCBOND,5003,Fama Bliss Discount Bonds - 3-Year (Nominal),1967-05-31,87.339957987932,D,4.5161948321406,1967-05,3,0.04516194832140599
2000050,DISCBOND,5004,Fama Bliss Discount Bonds - 4-Year (Nominal),1967-05-31,83.232834325867,D,4.5945006495694,1967-05,4,0.045945006495694
2000051,DISCBOND,5005,Fama Bliss Discount Bonds - 5-Year (Nominal),1967-05-31,79.118449234946,D,4.6793538833152,1967-05,5,0.046793538833152
2000047,DISCBOND,5001,Fama Bliss Discount Bonds - 1-Year (Nominal),1967-06-30,95.077903003471,D,5.0612264795378,1967-06,1,0.050612264795378004
2000048,DISCBOND,5002,Fama Bliss Discount Bonds - 2-Year (Nominal),1967-06-30,90.614682592304,D,4.9209553069989,1967-06,2,0.049209553069989004
2000049,DISCBOND,5003,Fama Bliss Discount Bonds - 3-Year (Nominal),1967-06-30,85.928570050925,D,5.0505150509172,1967-06,3,0.050505150509172
2000050,DISCBOND,5004,Fama Bliss Discount Bonds - 4-Year (Nominal),1967-06-30,81.292076285169,D,5.1744968622471,1967-06,4,0.051744968622471
2000051,DISCBOND,5005,Fama Bliss Discount Bonds - 5-Year (Nominal),1967-06-30,76.878675453061,D,5.2530761659189,1967-06,5,0.052530761659189
2000047,DISCBOND,5001,Fama Bliss Discount Bonds - 1-Year (Nominal),1967-07-31,95.018332832857,D,5.0960718595127,1967-07,1,0.050960718595127005
2000048,DISCBOND,5002,Fama Bliss Discount Bonds - 2-Year (Nominal),1967-07-31,90.707406819795,D,4.8698874032491,1967-07,2,0.048698874032491
2000049,DISCBOND,5003,Fama Bliss Discount Bonds - 3-Year (Nominal),1967-07-31,86.183295629969,D,4.9519383257126,1967-07,3,0.049519383257126
2000050,DISCBOND,5004,Fama Bliss Discount Bonds - 4-Year (Nominal),1967-07-31,81.951756386826,D,4.975986215196,1967-07,4,0.04975986215196
2000051,DISCBOND,5005,Fama Bliss Discount Bonds - 5-Year (Nominal),1967-07-31,77.779526982108,D,5.020336995068,1967-07,5,0.05020336995068
2000047,DISCBOND,5001,Fama Bliss Discount Bonds - 1-Year (Nominal),1967-08-31,94.876849449521,D,5.259045692321,1967-08,1,0.05259045692321
2000048,DISCBOND,5002,Fama Bliss Discount Bonds - 2-Year (Nominal),1967-08-31,90.228585494973,D,5.1482472274902,1967-08,2,0.051482472274902
2000049,DISCBOND,5003,Fama Bliss Discount Bonds - 3-Year (Nominal),1967-08-31,85.513840285551,D,5.2116390056087,1967-08,3,0.052116390056087
2000050,DISCBOND,5004,Fama Bliss Discount Bonds - 4-Year (Nominal),1967-08-31,81.270949476062,D,5.1809904511462,1967-08,4,0.051809904511462
2000051,DISCBOND,5005,Fama Bliss Discount Bonds - 5-Year (Nominal),1967-08-31,77.135364104744,D,5.1864827844207,1967-08,5,0.051864827844207
2000047,DISCBOND,5001,Fama Bliss Discount Bonds - 1-Year (Nominal),1967-09-29,94.754959190847,D,5.3582401354168,1967-09,1,0.053582401354168
2000048,DISCBOND,5002,Fama Bliss Discount Bonds - 2-Year (Nominal),1967-09-29,90.114953341244,D,5.1899845505478,1967-09,2,0.051899845505478
2000049,DISCBOND,5003,Fama Bliss Discount Bonds - 3-Year (Nominal),1967-09-29,85.327010918389,D,5.2796608918341,1967-09,3,0.052796608918340995
2000050,DISCBOND,5004,Fama Bliss Discount Bonds - 4-Year (Nominal),1967-09-29,80.904908418784,D,5.2901455178782,1967-09,4,0.052901455178781996
2000051,DISCBOND,5005,Fama Bliss Discount Bonds - 5-Year (Nominal),1967-09-29,77.026886396704,D,5.214598351012,1967-09,5,0.05214598351012
2000047,DISCBOND,5001,Fama Bliss Discount Bonds - 1-Year (Nominal),1967-10-31,94.616752808322,D,5.5184445633106,1967-10,1,0.055184445633106
2000048,DISCBOND,5002,Fama Bliss Discount Bonds - 2-Year (Nominal),1967-10-31,89.4637285317,D,5.5592301647566,1967-10,2,0.055592301647566
2000049,DISCBOND,5003,Fama Bliss Discount Bonds - 3-Year (Nominal),1967-10-31,84.712169881217,D,5.530363913639,1967-10,3,0.055303639136390005
2000050,DISCBOND,5004,Fama Bliss Discount Bonds - 4-Year (Nominal),1967-10-31,80.186075220387,D,5.5242918477031,1967-10,4,0.05524291847703099
2000051,DISCBOND,5005,Fama Bliss Discount Bonds - 5-Year (Nominal),1967-10-31,75.696872650182,D,5.5625707628345,1967-10,5,0.055625707628345
2000047,DISCBOND,5001,Fama Bliss Discount Bonds - 1-Year (Nominal),1967-11-30,94.345093316292,D,5.8210920652583,1967-11,1,0.058210920652583
2000048,DISCBOND,5002,Fama Bliss Discount Bonds - 2-Year (Nominal),1967-11-30,89.47678658072,D,5.5671743698262,1967-11,2,0.055671743698262006
2000049,DISCBOND,5003,Fama Bliss Discount Bonds - 3-Year (Nominal),1967-11-30,84.540346657768,D,5.5929355343659,1967-11,3,0.055929355343659
2000050,DISCBOND,5004,Fama Bliss Discount Bonds - 4-Year (Nominal),1967-11-30,80.059410694512,D,5.5562243236453,1967-11,4,0.055562243236453
2000051,DISCBOND,5005,Fama Bliss Discount Bonds - 5-Year (Nominal),1967-11-30,75.540986707713,D,5.6037549875001,1967-11,5,0.056037549875001
2000047,DISCBOND,5001,Fama Bliss Discount Bonds - 1-Year (Nominal),1967-12-29,94.18355576068,D,5.9436070509927,1967-12,1,0.059436070509927
2000048,DISCBOND,5002,Fama Bliss Discount Bonds - 2-Year (Nominal),1967-12-29,89.181756996164,D,5.7012545466314,1967-12,2,0.057012545466314
2000049,DISCBOND,5003,Fama Bliss Discount Bonds - 3-Year (Nominal),1967-12-29,84.220610921514,D,5.7087099738322,1967-12,3,0.057087099738321996
2000050,DISCBOND,5004,Fama Bliss Discount Bonds - 4-Year (Nominal),1967-12-29,79.609069059095,D,5.6893637084687,1967-12,4,0.056893637084687
2000051,DISCBOND,5005,Fama Bliss Discount Bonds - 5-Year (Nominal),1967-12-29,75.595977298981,D,5.5892170759009,1967-12,5,0.055892170759009006
2000047,DISCBOND,5001,Fama Bliss Discount Bonds - 1-Year (Nominal),1968-01-31,94.662498809512,D,5.4702395818646,1968-01,1,0.054702395818646006
2000048,DISCBOND,5002,Fama Bliss Discount Bonds - 2-Year (Nominal),1968-01-31,89.918952671874,D,5.313072362145,1968-01,2,0.05313072362145
2000049,DISCBOND,5003,Fama Bliss Discount Bonds - 3-Year (Nominal),1968-01-31,85.048435796393,D,5.4032428847923,1968-01,3,0.054032428847923
2000050,DISCBOND,5004,Fama Bliss Discount Bonds - 4-Year (Nominal),1968-01-31,80.446482629605,D,5.4357278891011,1968-01,4,0.054357278891011
2000051,DISCBOND,5005,Fama Bliss Discount Bonds - 5-Year (Nominal),1968-01-31,76.347526082037,D,5.3915825159363,1968-01,5,0.053915825159362996
2000047,DISCBOND,5001,Fama Bliss Discount Bonds - 1-Year (Nominal),1968-02-29,94.621319008999,D,5.5287375816739,1968-02,1,0.055287375816738996
2000048,DISCBOND,5002,Fama Bliss Discount Bonds - 2-Year (Nominal),1968-02-29,89.8343778556,D,5.3674755538459,1968-02,2,0.053674755538459
2000049,DISCBOND,5003,Fama Bliss Discount Bonds - 3-Year (Nominal),1968-02-29,84.617864052166,D,5.577680336074,1968-02,3,0.05577680336074
2000050,DISCBOND,5004,Fama Bliss Discount Bonds - 4-Year (Nominal),1968-02-29,80.221814413534,D,5.5055968659288,1968-02,4,0.055055968659288
2000051,DISCBOND,5005,Fama Bliss Discount Bonds - 5-Year (Nominal),1968-02-29,76.385366487222,D,5.384630270076,1968-02,5,0.053846302700760004
2000047,DISCBOND,5001,Fama Bliss Discount Bonds - 1-Year (Nominal),1968-03-29,94.487771101639,D,5.6855537307818,1968-03,1,0.056855537307818
2000048,DISCBOND,5002,Fama Bliss Discount Bonds - 2-Year (Nominal),1968-03-29,89.54947431412,D,5.5038674293474,1968-03,2,0.055038674293474
2000049,DISCBOND,5003,Fama Bliss Discount Bonds - 3-Year (Nominal),1968-03-29,84.294389625464,D,5.6847793468569,1968-03,3,0.056847793468569004
2000050,DISCBOND,5004,Fama Bliss Discount Bonds - 4-Year (Nominal),1968-03-29,79.539485659659,D,5.7150864474534,1968-03,4,0.057150864474534
2000051,DISCBOND,5005,Fama Bliss Discount Bonds - 5-Year (Nominal),1968-03-29,75.783400880273,D,5.5397470604161,1968-03,5,0.055397470604160996
2000047,DISCBOND,5001,Fama Bliss Discount Bonds - 1-Year (Nominal),1968-04-30,94.261391132956,D,5.9098506135931,1968-04,1,0.059098506135931005
2000048,DISCBOND,5002,Fama Bliss Discount Bonds - 2-Year (Nominal),1968-04-30,89.369212027368,D,5.6196973801961,1968-04,2,0.056196973801961
2000049,DISCBOND,5003,Fama Bliss Discount Bonds - 3-Year (Nominal),1968-04-30,83.892321152455,D,5.8545368582167,1968-04,3,0.058545368582166996
2000050,DISCBOND,5004,Fama Bliss Discount Bonds - 4-Year (Nominal),1968-04-30,79.095026024096,D,5.8670236995767,1968-04,4,0.058670236995767004
2000051,DISCBOND,5005,Fama Bliss Discount Bonds - 5-Year (Nominal),1968-04-30,75.248988215229,D,5.6842397270175,1968-04,5,0.056842397270175
2000047,DISCBOND,5001,Fama Bliss Discount Bonds - 1-Year (Nominal),1968-05-31,94.154267925999,D,6.0567475747448,1968-05,1,0.060567475747448
2000048,DISCBOND,5002,Fama Bliss Discount Bonds - 2-Year (Nominal),1968-05-31,89.102989061801,D,5.7847140280002,1968-05,2,0.057847140280002
2000049,DISCBOND,5003,Fama Bliss Discount Bonds - 3-Year (Nominal),1968-05-31,84.101395577873,D,5.7874233636999,1968-05,3,0.057874233636999
2000050,DISCBOND,5004,Fama Bliss Discount Bonds - 4-Year (Nominal),1968-05-31,79.25131955018,D,5.8096739748475,1968-05,4,0.058096739748475
2000051,DISCBOND,5005,Fama Bliss Discount Bonds - 5-Year (Nominal),1968-05-31,75.4273532728,D,5.6369151231444,1968-05,5,0.056369151231443995
2000047,DISCBOND,5001,Fama Bliss Discount Bonds - 1-Year (Nominal),1968-06-28,94.240138414949,D,5.9000705691831,1968-06,1,0.059000705691831
2000048,DISCBOND,5002,Fama Bliss Discount Bonds - 2-Year (Nominal),1968-06-28,89.505699017411,D,5.5282485701668,1968-06,2,0.055282485701667994
2000049,DISCBOND,5003,Fama Bliss Discount Bonds - 3-Year (Nominal),1968-06-28,84.631426296854,D,5.5520099631818,1968-06,3,0.055520099631818004
2000050,DISCBOND,5004,Fama Bliss Discount Bonds - 4-Year (Nominal),1968-06-28,80.090550664036,D,5.5389263606011,1968-06,4,0.055389263606011
2000051,DISCBOND,5005,Fama Bliss Discount Bonds - 5-Year (Nominal),1968-06-28,76.414669477937,D,5.3740206058914,1968-06,5,0.053740206058914
2000047,DISCBOND,5001,Fama Bliss Discount Bonds - 1-Year (Nominal),1968-07-31,94.748054017805,D,5.3948880307125,1968-07,1,0.053948880307125
2000048,DISCBOND,5002,Fama Bliss Discount Bonds - 2-Year (Nominal),1968-07-31,89.905553116231,D,5.3205238246751,1968-07,2,0.053205238246751003
2000049,DISCBOND,5003,Fama Bliss Discount Bonds - 3-Year (Nominal),1968-07-31,85.820471133177,D,5.1017461493662,1968-07,3,0.051017461493662
2000050,DISCBOND,5004,Fama Bliss Discount Bonds - 4-Year (Nominal),1968-07-31,81.465081576444,D,5.121384929446,1968-07,4,0.051213849294460004
2000051,DISCBOND,5005,Fama Bliss Discount Bonds - 5-Year (Nominal),1968-07-31,77.523566909377,D,5.0889754905017,1968-07,5,0.050889754905017
2000047,DISCBOND,5001,Fama Bliss Discount Bonds - 1-Year (Nominal),1968-08-30,94.792716090485,D,5.3624533071908,1968-08,1,0.053624533071908
2000048,DISCBOND,5002,Fama Bliss Discount Bonds - 2-Year (Nominal),1968-08-30,90.235346133777,D,5.1304206245897,1968-08,2,0.051304206245897
2000049,DISCBOND,5003,Fama Bliss Discount Bonds - 3-Year (Nominal),1968-08-30,85.756689350591,D,5.1171967372398,1968-08,3,0.051171967372398
2000050,DISCBOND,5004,Fama Bliss Discount Bonds - 4-Year (Nominal),1968-08-30,81.488562993475,D,5.1106867478009,1968-08,4,0.051106867478008994
2000051,DISCBOND,5005,Fama Bliss Discount Bonds - 5-Year (Nominal),1968-08-30,77.207463020725,D,5.1678178432746,1968-08,5,0.051678178432746
2000047,DISCBOND,5001,Fama Bliss Discount Bonds - 1-Year (Nominal),1968-09-30,94.768333739361,D,5.3734864813548,1968-09,1,0.053734864813548
2000048,DISCBOND,5002,Fama Bliss Discount Bonds - 2-Year (Nominal),1968-09-30,89.881650212578,D,5.3338189331981,1968-09,2,0.053338189331981
2000049,DISCBOND,5003,Fama Bliss Discount Bonds - 3-Year (Nominal),1968-09-30,85.566437100119,D,5.1959024775047,1968-09,3,0.051959024775047
2000050,DISCBOND,5004,Fama Bliss Discount Bonds - 4-Year (Nominal),1968-09-30,81.436313960416,D,5.1337223752643,1968-09,4,0.051337223752643005
2000051,DISCBOND,5005,Fama Bliss Discount Bonds - 5-Year (Nominal),1968-09-30,77.172149830897,D,5.1854722172286,1968-09,5,0.051854722172286004
2000047,DISCBOND,5001,Fama Bliss Discount Bonds - 1-Year (Nominal),1968-10-31,94.530070589272,D,5.6252194811712,1968-10,1,0.056252194811712
2000048,DISCBOND,5002,Fama Bliss Discount Bonds - 2-Year (Nominal),1968-10-31,89.632884480734,D,5.4799026638383,1968-10,2,0.054799026638383
2000049,DISCBOND,5003,Fama Bliss Discount Bonds - 3-Year (Nominal),1968-10-31,85.381936139798,D,5.2774935651087,1968-10,3,0.052774935651087
2000050,DISCBOND,5004,Fama Bliss Discount Bonds - 4-Year (Nominal),1968-10-31,81.153510526028,D,5.217117580814,1968-10,4,0.05217117580813999
2000051,DISCBOND,5005,Fama Bliss Discount Bonds - 5-Year (Nominal),1968-10-31,76.656520388788,D,5.313798503468,1968-10,5,0.05313798503468
2000047,DISCBOND,5001,Fama Bliss Discount Bonds - 1-Year (Nominal),1968-11-29,94.365461253547,D,5.8154385998142,1968-11,1,0.058154385998142
2000048,DISCBOND,5002,Fama Bliss Discount Bonds - 2-Year (Nominal),1968-11-29,89.463522924204,D,5.5593449187845,1968-11,2,0.05559344918784501
2000049,DISCBOND,5003,Fama Bliss Discount Bonds - 3-Year (Nominal),1968-11-29,85.096277535837,D,5.3746549771569,1968-11,3,0.053746549771569
2000050,DISCBOND,5004,Fama Bliss Discount Bonds - 4-Year (Nominal),1968-11-29,80.658709159373,D,5.3662340136099,1968-11,4,0.053662340136099
2000051,DISCBOND,5005,Fama Bliss Discount Bonds - 5-Year (Nominal),1968-11-29,75.980900078356,D,5.4877498236355,1968-11,5,0.054877498236355
2000047,DISCBOND,5001,Fama Bliss Discount Bonds - 1-Year (Nominal),1968-12-31,93.71895976194,D,6.4869671834553,1968-12,1,0.064869671834553
2000048,DISCBOND,5002,Fama Bliss Discount Bonds - 2-Year (Nominal),1968-12-31,88.171437699201,D,6.2943555515694,1968-12,2,0.062943555515694
2000049,DISCBOND,5003,Fama Bliss Discount Bonds - 3-Year (Nominal),1968-12-31,83.387767423643,D,6.0556188790862,1968-12,3,0.060556188790862005
2000050,DISCBOND,5004,Fama Bliss Discount Bonds - 4-Year (Nominal),1968-12-31,77.868351396035,D,6.2580513607916,1968-12,4,0.062580513607916
2000051,DISCBOND,5005,Fama Bliss Discount Bonds - 5-Year (Nominal),1968-12-31,72.860547910364,D,6.3289893447672,1968-12,5,0.063289893447672
2000047,DISCBOND,5001,Fama Bliss Discount Bonds - 1-Year (Nominal),1969-01-31,94.101640096509,D,6.0961731397791,1969-01,1,0.060961731397791
2000048,DISCBOND,5002,Fama Bliss Discount Bonds - 2-Year (Nominal),1969-01-31,88.47596329019,D,6.1387824592688,1969-01,2,0.061387824592687996
2000049,DISCBOND,5003,Fama Bliss Discount Bonds - 3-Year (Nominal),1969-01-31,83.554753776563,D,5.9889346844754,1969-01,3,0.059889346844754006
2000050,DISCBOND,5004,Fama Bliss Discount Bonds - 4-Year (Nominal),1969-01-31,79.218850389539,D,5.8199115286756,1969-01,4,0.058199115286756
2000051,DISCBOND,5005,Fama Bliss Discount Bonds - 5-Year (Nominal),1969-01-31,73.854945947757,D,6.0580244668559,1969-01,5,0.060580244668559005
2000047,DISCBOND,5001,Fama Bliss Discount Bonds - 1-Year (Nominal),1969-02-28,93.581894482297,D,6.6515493408592,1969-02,1,0.066515493408592
2000048,DISCBOND,5002,Fama Bliss Discount Bonds - 2-Year (Nominal),1969-02-28,88.199501988101,D,6.2956922199446,1969-02,2,0.062956922199446
2000049,DISCBOND,5003,Fama Bliss Discount Bonds - 3-Year (Nominal),1969-02-28,82.619736574604,D,6.358246720458,1969-02,3,0.06358246720458
2000050,DISCBOND,5004,Fama Bliss Discount Bonds - 4-Year (Nominal),1969-02-28,78.119474551889,D,6.1690449203498,1969-02,4,0.061690449203498005
2000051,DISCBOND,5005,Fama Bliss Discount Bonds - 5-Year (Nominal),1969-02-28,73.011911793506,D,6.2875062466732,1969-02,5,0.062875062466732
2000047,DISCBOND,5001,Fama Bliss Discount Bonds - 1-Year (Nominal),1969-03-28,93.667333654347,D,6.4887362837789,1969-03,1,0.06488736283778901
2000048,DISCBOND,5002,Fama Bliss Discount Bonds - 2-Year (Nominal),1969-03-28,88.655871972708,D,5.9957559047636,1969-03,2,0.059957559047636
2000049,DISCBOND,5003,Fama Bliss Discount Bonds - 3-Year (Nominal),1969-03-28,83.113070887923,D,6.1487608860026,1969-03,3,0.061487608860026
2000050,DISCBOND,5004,Fama Bliss Discount Bonds - 4-Year (Nominal),1969-03-28,78.262001770563,D,6.1151344467393,1969-03,4,0.061151344467393
2000051,DISCBOND,5005,Fama Bliss Discount Bonds - 5-Year (Nominal),1969-03-28,73.054107922264,D,6.27252225137,1969-03,5,0.0627252225137
2000047,DISCBOND,5001,Fama Bliss Discount Bonds - 1-Year (Nominal),1969-04-30,94.007915643264,D,6.179119829257,1969-04,1,0.06179119829257
2000048,DISCBOND,5002,Fama Bliss Discount Bonds - 2-Year (Nominal),1969-04-30,88.563076887032,D,6.0727577330542,1969-04,2,0.060727577330541994
2000049,DISCBOND,5003,Fama Bliss Discount Bonds - 3-Year (Nominal),1969-04-30,83.273246774494,D,6.1070054519236,1969-04,3,0.061070054519236
2000050,DISCBOND,5004,Fama Bliss Discount Bonds - 4-Year (Nominal),1969-04-30,78.809727239201,D,5.9492691580344,1969-04,4,0.059492691580344
2000051,DISCBOND,5005,Fama Bliss Discount Bonds - 5-Year (Nominal),1969-04-30,73.32327494434,D,6.2024431525898,1969-04,5,0.062024431525898004
2000047,DISCBOND,5001,Fama Bliss Discount Bonds - 1-Year (Nominal),1969-05-29,93.725370811551,D,6.4801266995704,1969-05,1,0.064801266995704
2000048,DISCBOND,5002,Fama Bliss Discount Bonds - 2-Year (Nominal),1969-05-29,87.886602566667,D,6.4649966382591,1969-05,2,0.064649966382591
2000049,DISCBOND,5003,Fama Bliss Discount Bonds - 3-Year (Nominal),1969-05-29,82.221138508315,D,6.5074299649725,1969-05,3,0.065074299649725
2000050,DISCBOND,5004,Fama Bliss Discount Bonds - 4-Year (Nominal),1969-05-29,77.461859968188,D,6.3715203554386,1969-05,4,0.063715203554386
2000051,DISCBOND,5005,Fama Bliss Discount Bonds - 5-Year (Nominal),1969-05-29,72.111187608297,D,6.5284880423376,1969-05,5,0.065284880423376
2000047,DISCBOND,5001,Fama Bliss Discount Bonds - 1-Year (Nominal),1969-06-30,92.909157933153,D,7.3547966629063,1969-06,1,0.073547966629063
2000048,DISCBOND,5002,Fama Bliss Discount Bonds - 2-Year (Nominal),1969-06-30,86.916902322067,D,7.0108834749612,1969-06,2,0.07010883474961199
2000049,DISCBOND,5003,Fama Bliss Discount Bonds - 3-Year (Nominal),1969-06-30,80.988376990157,D,7.0224049814415,1969-06,3,0.070224049814415
2000050,DISCBOND,5004,Fama Bliss Discount Bonds - 4-Year (Nominal),1969-06-30,76.197921597283,D,6.7958999823423,1969-06,4,0.067958999823423
2000051,DISCBOND,5005,Fama Bliss Discount Bonds - 5-Year (Nominal),1969-06-30,71.019061071621,D,6.8481899001772,1969-06,5,0.068481899001772
2000047,DISCBOND,5001,Fama Bliss Discount Bonds - 1-Year (Nominal),1969-07-31,92.92451052905,D,7.3382737195031,1969-07,1,0.073382737195031
2000048,DISCBOND,5002,Fama Bliss Discount Bonds - 2-Year (Nominal),1969-07-31,86.507379833106,D,7.2569640256832,1969-07,2,0.072569640256832
2000049,DISCBOND,5003,Fama Bliss Discount Bonds - 3-Year (Nominal),1969-07-31,80.768509044819,D,7.1129389860881,1969-07,3,0.07112938986088099
2000050,DISCBOND,5004,Fama Bliss Discount Bonds - 4-Year (Nominal),1969-07-31,76.040974993869,D,6.8427594913168,1969-07,4,0.068427594913168
2000051,DISCBOND,5005,Fama Bliss Discount Bonds - 5-Year (Nominal),1969-07-31,71.250409869711,D,6.7756793668535,1969-07,5,0.067756793668535
2000047,DISCBOND,5001,Fama Bliss Discount Bonds - 1-Year (Nominal),1969-08-29,92.609028145005,D,7.6365113804367,1969-08,1,0.076365113804367
2000048,DISCBOND,5002,Fama Bliss Discount Bonds - 2-Year (Nominal),1969-08-29,86.407292521648,D,7.2849468885011,1969-08,2,0.072849468885011
2000049,DISCBOND,5003,Fama Bliss Discount Bonds - 3-Year (Nominal),1969-08-29,80.56026510896,D,7.185801050823,1969-08,3,0.07185801050823
2000050,DISCBOND,5004,Fama Bliss Discount Bonds - 4-Year (Nominal),1969-08-29,75.488955874762,D,7.0151807678678,1969-08,4,0.070151807678678
2000051,DISCBOND,5005,Fama Bliss Discount Bonds - 5-Year (Nominal),1969-08-29,70.606474904357,D,6.953346500768,1969-08,5,0.06953346500768
2000047,DISCBOND,5001,Fama Bliss Discount Bonds - 1-Year (Nominal),1969-09-30,92.497223528695,D,7.7991557826201,1969-09,1,0.077991557826201
2000048,DISCBOND,5002,Fama Bliss Discount Bonds - 2-Year (Nominal),1969-09-30,85.533361633741,D,7.8131845802401,1969-09,2,0.078131845802401
2000049,DISCBOND,5003,Fama Bliss Discount Bonds - 3-Year (Nominal),1969-09-30,79.209711869912,D,7.7690425670488,1969-09,3,0.07769042567048799
2000050,DISCBOND,5004,Fama Bliss Discount Bonds - 4-Year (Nominal),1969-09-30,73.127432286206,D,7.8295285748344,1969-09,4,0.078295285748344
2000051,DISCBOND,5005,Fama Bliss Discount Bonds - 5-Year (Nominal),1969-09-30,67.485677348085,D,7.8607884268553,1969-09,5,0.078607884268553
2000047,DISCBOND,5001,Fama Bliss Discount Bonds - 1-Year (Nominal),1969-10-31,92.914725630455,D,7.3689935674794,1969-10,1,0.073689935674794
2000048,DISCBOND,5002,Fama Bliss Discount Bonds - 2-Year (Nominal),1969-10-31,86.583333739782,D,7.2229311716002,1969-10,2,0.072229311716002
2000049,DISCBOND,5003,Fama Bliss Discount Bonds - 3-Year (Nominal),1969-10-31,80.570818298023,D,7.1945518542893,1969-10,3,0.07194551854289301
2000050,DISCBOND,5004,Fama Bliss Discount Bonds - 4-Year (Nominal),1969-10-31,74.87956288399,D,7.2272797563967,1969-10,4,0.072272797563967
2000051,DISCBOND,5005,Fama Bliss Discount Bonds - 5-Year (Nominal),1969-10-31,70.040914156741,D,7.1179120797298,1969-10,5,0.071179120797298
2000047,DISCBOND,5001,Fama Bliss Discount Bonds - 1-Year (Nominal),1969-11-28,92.379649330505,D,7.8831523244468,1969-11,1,0.078831523244468
2000048,DISCBOND,5002,Fama Bliss Discount Bonds - 2-Year (Nominal),1969-11-28,86.107356752054,D,7.4583330806524,1969-11,2,0.074583330806524
2000049,DISCBOND,5003,Fama Bliss Discount Bonds - 3-Year (Nominal),1969-11-28,79.769419915656,D,7.5137464778563,1969-11,3,0.07513746477856299
2000050,DISCBOND,5004,Fama Bliss Discount Bonds - 4-Year (Nominal),1969-11-28,74.133085965114,D,7.4673623499552,1969-11,4,0.074673623499552
2000051,DISCBOND,5005,Fama Bliss Discount Bonds - 5-Year (Nominal),1969-11-28,68.98924708425,D,7.4162631855445,1969-11,5,0.074162631855445
2000047,DISCBOND,5001,Fama Bliss Discount Bonds - 1-Year (Nominal),1969-12-31,92.28937606798,D,8.0241153292788,1969-12,1,0.080241153292788
2000048,DISCBOND,5002,Fama Bliss Discount Bonds - 2-Year (Nominal),1969-12-31,85.023089831294,D,8.1123660656285,1969-12,2,0.081123660656285
2000049,DISCBOND,5003,Fama Bliss Discount Bonds - 3-Year (Nominal),1969-12-31,78.311490742186,D,8.1566433668206,1969-12,3,0.081566433668206
2000050,DISCBOND,5004,Fama Bliss Discount Bonds - 4-Year (Nominal),1969-12-31,72.049014255077,D,8.1899792361288,1969-12,4,0.081899792361288
2000051,DISCBOND,5005,Fama Bliss Discount Bonds - 5-Year (Nominal),1969-12-31,67.125669904732,D,7.9677069417216,1969-12,5,0.079677069417216
2000047,DISCBOND,5001,Fama Bliss Discount Bonds - 1-Year (Nominal),1970-01-30,92.331787945583,D,8.0000889723888,1970-01,1,0.08000088972388801
2000048,DISCBOND,5002,Fama Bliss Discount Bonds - 2-Year (Nominal),1970-01-30,85.221270171175,D,7.9850183122886,1970-01,2,0.079850183122886
2000049,DISCBOND,5003,Fama Bliss Discount Bonds - 3-Year (Nominal),1970-01-30,78.488717442079,D,8.0591233949238,1970-01,3,0.080591233949238
2000050,DISCBOND,5004,Fama Bliss Discount Bonds - 4-Year (Nominal),1970-01-30,72.344305301356,D,8.0822645884288,1970-01,4,0.08082264588428799
2000051,DISCBOND,5005,Fama Bliss Discount Bonds - 5-Year (Nominal),1970-01-30,66.797786629936,D,8.0611705801052,1970-01,5,0.080611705801052
2000047,DISCBOND,5001,Fama Bliss Discount Bonds - 1-Year (Nominal),1970-02-27,93.332679900025,D,6.9189435745367,1970-02,1,0.069189435745367
2000048,DISCBOND,5002,Fama Bliss Discount Bonds - 2-Year (Nominal),1970-02-27,86.86978013376,D,7.0187690938127,1970-02,2,0.07018769093812699
2000049,DISCBOND,5003,Fama Bliss Discount Bonds - 3-Year (Nominal),1970-02-27,80.966594963336,D,7.0249531553783,1970-02,3,0.070249531553783
2000050,DISCBOND,5004,Fama Bliss Discount Bonds - 4-Year (Nominal),1970-02-27,75.0741496266,D,7.1575426467383,1970-02,4,0.07157542646738299
2000051,DISCBOND,5005,Fama Bliss Discount Bonds - 5-Year (Nominal),1970-02-27,69.949905141332,D,7.1399921121476,1970-02,5,0.071399921121476
2000047,DISCBOND,5001,Fama Bliss Discount Bonds - 1-Year (Nominal),1970-03-31,93.607429109208,D,6.6060434829375,1970-03,1,0.066060434829375
2000048,DISCBOND,5002,Fama Bliss Discount Bonds - 2-Year (Nominal),1970-03-31,87.098465650675,D,6.9065459117861,1970-03,2,0.06906545911786101
2000049,DISCBOND,5003,Fama Bliss Discount Bonds - 3-Year (Nominal),1970-03-31,81.405072434684,D,6.8577535376663,1970-03,3,0.068577535376663
2000050,DISCBOND,5004,Fama Bliss Discount Bonds - 4-Year (Nominal),1970-03-31,75.201754346513,D,7.1297744363422,1970-03,4,0.071297744363422
2000051,DISCBOND,5005,Fama Bliss Discount Bonds - 5-Year (Nominal),1970-03-31,70.288161642876,D,7.047474124202,1970-03,5,0.07047474124202
2000047,DISCBOND,5001,Fama Bliss Discount Bonds - 1-Year (Nominal),1970-04-30,92.786183005648,D,7.4872447306507,1970-04,1,0.07487244730650701
2000048,DISCBOND,5002,Fama Bliss Discount Bonds - 2-Year (Nominal),1970-04-30,85.95891828092,D,7.5754121845289,1970-04,2,0.075754121845289
2000049,DISCBOND,5003,Fama Bliss Discount Bonds - 3-Year (Nominal),1970-04-30,79.284640807402,D,7.7304658856524,1970-04,3,0.077304658856524
2000050,DISCBOND,5004,Fama Bliss Discount Bonds - 4-Year (Nominal),1970-04-30,73.153800825562,D,7.8098035093006,1970-04,4,0.078098035093006
2000051,DISCBOND,5005,Fama Bliss Discount Bonds - 5-Year (Nominal),1970-04-30,67.906673034477,D,7.7364781622001,1970-04,5,0.077364781622001
2000047,DISCBOND,5001,Fama Bliss Discount Bonds - 1-Year (Nominal),1970-05-29,92.85396555219,D,7.4345880506483,1970-05,1,0.074345880506483
2000048,DISCBOND,5002,Fama Bliss Discount Bonds - 2-Year (Nominal),1970-05-29,85.608008197986,D,7.7377687541802,1970-05,2,0.077377687541802
2000049,DISCBOND,5003,Fama Bliss Discount Bonds - 3-Year (Nominal),1970-05-29,79.562134613961,D,7.6002407755542,1970-05,3,0.076002407755542
2000050,DISCBOND,5004,Fama Bliss Discount Bonds - 4-Year (Nominal),1970-05-29,73.532084383235,D,7.6704476446363,1970-05,4,0.076704476446363
2000051,DISCBOND,5005,Fama Bliss Discount Bonds - 5-Year (Nominal),1970-05-29,68.354594101138,D,7.6008984006446,1970-05,5,0.076008984006446
2000047,DISCBOND,5001,Fama Bliss Discount Bonds - 1-Year (Nominal),1970-06-30,93.064999120526,D,7.18720216879,1970-06,1,0.0718720216879
2000048,DISCBOND,5002,Fama Bliss Discount Bonds - 2-Year (Nominal),1970-06-30,86.141167909122,D,7.448933412294,1970-06,2,0.07448933412294
2000049,DISCBOND,5003,Fama Bliss Discount Bonds - 3-Year (Nominal),1970-06-30,79.695099138565,D,7.5654033402377,1970-06,3,0.075654033402377
2000050,DISCBOND,5004,Fama Bliss Discount Bonds - 4-Year (Nominal),1970-06-30,73.732793984617,D,7.6232848245661,1970-06,4,0.076232848245661
2000051,DISCBOND,5005,Fama Bliss Discount Bonds - 5-Year (Nominal),1970-06-30,68.58505906766,D,7.5377789240574,1970-06,5,0.07537778924057399
2000047,DISCBOND,5001,Fama Bliss Discount Bonds - 1-Year (Nominal),1970-07-31,93.43768746583,D,6.8061890028294,1970-07,1,0.06806189002829399
2000048,DISCBOND,5002,Fama Bliss Discount Bonds - 2-Year (Nominal),1970-07-31,86.603393192167,D,7.1817214873979,1970-07,2,0.071817214873979
2000049,DISCBOND,5003,Fama Bliss Discount Bonds - 3-Year (Nominal),1970-07-31,80.28417091747,D,7.3132451598219,1970-07,3,0.073132451598219
2000050,DISCBOND,5004,Fama Bliss Discount Bonds - 4-Year (Nominal),1970-07-31,74.126789569529,D,7.4797067414458,1970-07,4,0.074797067414458
2000051,DISCBOND,5005,Fama Bliss Discount Bonds - 5-Year (Nominal),1970-07-31,69.171059232282,D,7.3677152591815,1970-07,5,0.073677152591815
2000047,DISCBOND,5001,Fama Bliss Discount Bonds - 1-Year (Nominal),1970-08-31,93.430000350132,D,6.7957689435701,1970-08,1,0.067957689435701
2000048,DISCBOND,5002,Fama Bliss Discount Bonds - 2-Year (Nominal),1970-08-31,86.905196190034,D,7.0080180179838,1970-08,2,0.070080180179838
2000049,DISCBOND,5003,Fama Bliss Discount Bonds - 3-Year (Nominal),1970-08-31,80.589084479344,D,7.1870026167102,1970-08,3,0.071870026167102
2000050,DISCBOND,5004,Fama Bliss Discount Bonds - 4-Year (Nominal),1970-08-31,74.500914723006,D,7.3589695629202,1970-08,4,0.073589695629202
2000051,DISCBOND,5005,Fama Bliss Discount Bonds - 5-Year (Nominal),1970-08-31,69.607693051768,D,7.2498742588411,1970-08,5,0.07249874258841099
2000047,DISCBOND,5001,Fama Bliss Discount Bonds - 1-Year (Nominal),1970-09-30,93.622638846191,D,6.5897963735043,1970-09,1,0.065897963735043
2000048,DISCBOND,5002,Fama Bliss Discount Bonds - 2-Year (Nominal),1970-09-30,87.720227493671,D,6.5508834517331,1970-09,2,0.065508834517331
2000049,DISCBOND,5003,Fama Bliss Discount Bonds - 3-Year (Nominal),1970-09-30,81.502187381629,D,6.8242428178845,1970-09,3,0.068242428178845
2000050,DISCBOND,5004,Fama Bliss Discount Bonds - 4-Year (Nominal),1970-09-30,75.645075220472,D,6.9731701986618,1970-09,4,0.069731701986618
2000051,DISCBOND,5005,Fama Bliss Discount Bonds - 5-Year (Nominal),1970-09-30,70.294779942693,D,7.0455920537161,1970-09,5,0.070455920537161
2000047,DISCBOND,5001,Fama Bliss Discount Bonds - 1-Year (Nominal),1970-10-30,93.891905987373,D,6.3199152870197,1970-10,1,0.063199152870197
2000048,DISCBOND,5002,Fama Bliss Discount Bonds - 2-Year (Nominal),1970-10-30,87.767674894843,D,6.5060214660349,1970-10,2,0.065060214660349
2000049,DISCBOND,5003,Fama Bliss Discount Bonds - 3-Year (Nominal),1970-10-30,81.762419579202,D,6.6995123039535,1970-10,3,0.066995123039535
2000050,DISCBOND,5004,Fama Bliss Discount Bonds - 4-Year (Nominal),1970-10-30,76.014090707191,D,6.8469071658335,1970-10,4,0.06846907165833499
2000051,DISCBOND,5005,Fama Bliss Discount Bonds - 5-Year (Nominal),1970-10-30,70.894345462557,D,6.8720591067914,1970-10,5,0.068720591067914
2000047,DISCBOND,5001,Fama Bliss Discount Bonds - 1-Year (Nominal),1970-11-30,95.031944313441,D,5.0957094977953,1970-11,1,0.050957094977953005
2000048,DISCBOND,5002,Fama Bliss Discount Bonds - 2-Year (Nominal),1970-11-30,89.910986557676,D,5.3102278967527,1970-11,2,0.053102278967527
2000049,DISCBOND,5003,Fama Bliss Discount Bonds - 3-Year (Nominal),1970-11-30,84.440265325612,D,5.6323838598823,1970-11,3,0.056323838598823006
2000050,DISCBOND,5004,Fama Bliss Discount Bonds - 4-Year (Nominal),1970-11-30,79.230020814894,D,5.8203727074043,1970-11,4,0.058203727074043005
2000051,DISCBOND,5005,Fama Bliss Discount Bonds - 5-Year (Nominal),1970-11-30,74.462555560698,D,5.9007091026395,1970-11,5,0.059007091026395
2000047,DISCBOND,5001,Fama Bliss Discount Bonds - 1-Year (Nominal),1970-12-31,95.234722504177,D,4.8825578502651,1970-12,1,0.048825578502651006
2000048,DISCBOND,5002,Fama Bliss Discount Bonds - 2-Year (Nominal),1970-12-31,89.778108432776,D,5.39884676468,1970-12,2,0.0539884676468
2000049,DISCBOND,5003,Fama Bliss Discount Bonds - 3-Year (Nominal),1970-12-31,84.105322515776,D,5.7647467271778,1970-12,3,0.057647467271778004
2000050,DISCBOND,5004,Fama Bliss Discount Bonds - 4-Year (Nominal),1970-12-31,79.254253707849,D,5.8087490391009,1970-12,4,0.058087490391009
2000051,DISCBOND,5005,Fama Bliss Discount Bonds - 5-Year (Nominal),1970-12-31,74.375406077426,D,5.9176545045634,1970-12,5,0.059176545045633994
2000047,DISCBOND,5001,Fama Bliss Discount Bonds - 1-Year (Nominal),1971-01-29,95.759113097378,D,4.3098231732291,1971-01,1,0.043098231732291
2000048,DISCBOND,5002,Fama Bliss Discount Bonds - 2-Year (Nominal),1971-01-29,91.097178236652,D,4.6430867265765,1971-01,2,0.046430867265764994
2000049,DISCBOND,5003,Fama Bliss Discount Bonds - 3-Year (Nominal),1971-01-29,85.430953125231,D,5.234382593598,1971-01,3,0.05234382593598
2000050,DISCBOND,5004,Fama Bliss Discount Bonds - 4-Year (Nominal),1971-01-29,79.895314584452,D,5.5998179365764,1971-01,4,0.055998179365764005
2000051,DISCBOND,5005,Fama Bliss Discount Bonds - 5-Year (Nominal),1971-01-29,75.362088446253,D,5.6511238049389,1971-01,5,0.056511238049389
2000047,DISCBOND,5001,Fama Bliss Discount Bonds - 1-Year (Nominal),1971-02-26,96.268888810613,D,3.7714997910252,1971-02,1,0.037714997910252
2000048,DISCBOND,5002,Fama Bliss Discount Bonds - 2-Year (Nominal),1971-02-26,91.764619733884,D,4.279581181232,1971-02,2,0.042795811812320006
2000049,DISCBOND,5003,Fama Bliss Discount Bonds - 3-Year (Nominal),1971-02-26,86.463546918384,D,4.8349961953776,1971-02,3,0.048349961953776
2000050,DISCBOND,5004,Fama Bliss Discount Bonds - 4-Year (Nominal),1971-02-26,81.343313985133,D,5.151702920493,1971-02,4,0.05151702920493
2000051,DISCBOND,5005,Fama Bliss Discount Bonds - 5-Year (Nominal),1971-02-26,76.690832223,D,5.3019498504678,1971-02,5,0.053019498504678
2000047,DISCBOND,5001,Fama Bliss Discount Bonds - 1-Year (Nominal),1971-03-31,96.313894824775,D,3.7557590730734,1971-03,1,0.037557590730734
2000048,DISCBOND,5002,Fama Bliss Discount Bonds - 2-Year (Nominal),1971-03-31,92.045895896364,D,4.14414324469,1971-03,2,0.0414414324469
2000049,DISCBOND,5003,Fama Bliss Discount Bonds - 3-Year (Nominal),1971-03-31,87.357340798937,D,4.5095552715139,1971-03,3,0.045095552715139
2000050,DISCBOND,5004,Fama Bliss Discount Bonds - 4-Year (Nominal),1971-03-31,82.472553452581,D,4.8143184659324,1971-03,4,0.048143184659324004
2000051,DISCBOND,5005,Fama Bliss Discount Bonds - 5-Year (Nominal),1971-03-31,77.951767335051,D,4.9761450110416,1971-03,5,0.049761450110416
2000047,DISCBOND,5001,Fama Bliss Discount Bonds - 1-Year (Nominal),1971-04-30,95.564684429493,D,4.5491480119855,1971-04,1,0.045491480119855
2000048,DISCBOND,5002,Fama Bliss Discount Bonds - 2-Year (Nominal),1971-04-30,90.084112826756,D,5.214175566084,1971-04,2,0.05214175566084
2000049,DISCBOND,5003,Fama Bliss Discount Bonds - 3-Year (Nominal),1971-04-30,84.257956701736,D,5.7043634219608,1971-04,3,0.057043634219608
2000050,DISCBOND,5004,Fama Bliss Discount Bonds - 4-Year (Nominal),1971-04-30,79.297053495691,D,5.795261135487,1971-04,4,0.05795261135487
2000051,DISCBOND,5005,Fama Bliss Discount Bonds - 5-Year (Nominal),1971-04-30,74.165220835348,D,5.9709537920843,1971-04,5,0.059709537920843
2000047,DISCBOND,5001,Fama Bliss Discount Bonds - 1-Year (Nominal),1971-05-28,95.177375231089,D,4.8892123006878,1971-05,1,0.048892123006877994
2000048,DISCBOND,5002,Fama Bliss Discount Bonds - 2-Year (Nominal),1971-05-28,89.691237218711,D,5.4102105789919,1971-05,2,0.054102105789919
2000049,DISCBOND,5003,Fama Bliss Discount Bonds - 3-Year (Nominal),1971-05-28,83.863772587815,D,5.8445322613207,1971-05,3,0.058445322613207
2000050,DISCBOND,5004,Fama Bliss Discount Bonds - 4-Year (Nominal),1971-05-28,79.138782007917,D,5.8371843121616,1971-05,4,0.058371843121616
2000051,DISCBOND,5005,Fama Bliss Discount Bonds - 5-Year (Nominal),1971-05-28,73.305253587906,D,6.2039592348612,1971-05,5,0.062039592348612
2000047,DISCBOND,5001,Fama Bliss Discount Bonds - 1-Year (Nominal),1971-06-30,94.10841721329,D,6.0556786139084,1971-06,1,0.060556786139084
2000048,DISCBOND,5002,Fama Bliss Discount Bonds - 2-Year (Nominal),1971-06-30,88.227656629905,D,6.2624852447398,1971-06,2,0.062624852447398
2000049,DISCBOND,5003,Fama Bliss Discount Bonds - 3-Year (Nominal),1971-06-30,81.875713726756,D,6.6716850929268,1971-06,3,0.06671685092926799
2000050,DISCBOND,5004,Fama Bliss Discount Bonds - 4-Year (Nominal),1971-06-30,76.755011075324,D,6.6092610274112,1971-06,4,0.066092610274112
2000051,DISCBOND,5005,Fama Bliss Discount Bonds - 5-Year (Nominal),1971-06-30,71.223055971551,D,6.7796422029701,1971-06,5,0.067796422029701
2000047,DISCBOND,5001,Fama Bliss Discount Bonds - 1-Year (Nominal),1971-07-30,94.041347934705,D,6.1100829610742,1971-07,1,0.061100829610742
2000048,DISCBOND,5002,Fama Bliss Discount Bonds - 2-Year (Nominal),1971-07-30,88.111949498756,D,6.3108115828151,1971-07,2,0.063108115828151
2000049,DISCBOND,5003,Fama Bliss Discount Bonds - 3-Year (Nominal),1971-07-30,81.693940899808,D,6.727390829983,1971-07,3,0.06727390829983
2000050,DISCBOND,5004,Fama Bliss Discount Bonds - 4-Year (Nominal),1971-07-30,76.086282220556,D,6.8232080912036,1971-07,4,0.068232080912036
2000051,DISCBOND,5005,Fama Bliss Discount Bonds - 5-Year (Nominal),1971-07-30,70.83568660661,D,6.8885960805439,1971-07,5,0.068885960805439
2000047,DISCBOND,5001,Fama Bliss Discount Bonds - 1-Year (Nominal),1971-08-31,94.855666002964,D,5.2669456278498,1971-08,1,0.052669456278498006
2000048,DISCBOND,5002,Fama Bliss Discount Bonds - 2-Year (Nominal),1971-08-31,89.669935157797,D,5.4442743128001,1971-08,2,0.054442743128000994
2000049,DISCBOND,5003,Fama Bliss Discount Bonds - 3-Year (Nominal),1971-08-31,84.263673105323,D,5.7073114324993,1971-08,3,0.057073114324993
2000050,DISCBOND,5004,Fama Bliss Discount Bonds - 4-Year (Nominal),1971-08-31,79.314807897175,D,5.7976048197667,1971-08,4,0.057976048197666996
2000051,DISCBOND,5005,Fama Bliss Discount Bonds - 5-Year (Nominal),1971-08-31,73.983207651179,D,6.0200434862163,1971-08,5,0.060200434862163005
2000047,DISCBOND,5001,Fama Bliss Discount Bonds - 1-Year (Nominal),1971-09-30,94.868761927675,D,5.2675702866897,1971-09,1,0.052675702866896996
2000048,DISCBOND,5002,Fama Bliss Discount Bonds - 2-Year (Nominal),1971-09-30,89.786248634852,D,5.3943072399847,1971-09,2,0.053943072399847
2000049,DISCBOND,5003,Fama Bliss Discount Bonds - 3-Year (Nominal),1971-09-30,84.403093899419,D,5.6470473574315,1971-09,3,0.056470473574315
2000050,DISCBOND,5004,Fama Bliss Discount Bonds - 4-Year (Nominal),1971-09-30,79.38870659371,D,5.7664020944826,1971-09,4,0.057664020944826
2000051,DISCBOND,5005,Fama Bliss Discount Bonds - 5-Year (Nominal),1971-09-30,74.202282489333,D,5.9609728777806,1971-09,5,0.059609728777806
2000047,DISCBOND,5001,Fama Bliss Discount Bonds - 1-Year (Nominal),1971-10-29,95.481777893177,D,4.5857849671812,1971-10,1,0.045857849671812
2000048,DISCBOND,5002,Fama Bliss Discount Bonds - 2-Year (Nominal),1971-10-29,90.523873708226,D,4.9574555868466,1971-10,2,0.049574555868466
2000049,DISCBOND,5003,Fama Bliss Discount Bonds - 3-Year (Nominal),1971-10-29,85.506317869775,D,5.2050701509416,1971-10,3,0.052050701509416
2000050,DISCBOND,5004,Fama Bliss Discount Bonds - 4-Year (Nominal),1971-10-29,80.449539013151,D,5.4273489928753,1971-10,4,0.054273489928753
2000051,DISCBOND,5005,Fama Bliss Discount Bonds - 5-Year (Nominal),1971-10-29,75.341677699085,D,5.656535322963,1971-10,5,0.05656535322963
2000047,DISCBOND,5001,Fama Bliss Discount Bonds - 1-Year (Nominal),1971-11-30,95.358915980259,D,4.7392509003902,1971-11,1,0.047392509003901996
2000048,DISCBOND,5002,Fama Bliss Discount Bonds - 2-Year (Nominal),1971-11-30,90.368471375118,D,5.0568102470471,1971-11,2,0.050568102470471
2000049,DISCBOND,5003,Fama Bliss Discount Bonds - 3-Year (Nominal),1971-11-30,85.348161217219,D,5.2810428576413,1971-11,3,0.05281042857641301
2000050,DISCBOND,5004,Fama Bliss Discount Bonds - 4-Year (Nominal),1971-11-30,80.282598589399,D,5.4941957732977,1971-11,4,0.054941957732977
2000051,DISCBOND,5005,Fama Bliss Discount Bonds - 5-Year (Nominal),1971-11-30,75.102695020001,D,5.720006295386,1971-11,5,0.05720006295386
2000047,DISCBOND,5001,Fama Bliss Discount Bonds - 1-Year (Nominal),1971-12-31,95.918031135266,D,4.1790698507802,1971-12,1,0.041790698507802
2000048,DISCBOND,5002,Fama Bliss Discount Bonds - 2-Year (Nominal),1971-12-31,90.787822885248,D,4.8256404757838,1971-12,2,0.048256404757837996
2000049,DISCBOND,5003,Fama Bliss Discount Bonds - 3-Year (Nominal),1971-12-31,85.862063222794,D,5.0763007612952,1971-12,3,0.050763007612952
2000050,DISCBOND,5004,Fama Bliss Discount Bonds - 4-Year (Nominal),1971-12-31,81.207788471606,D,5.2004138472491,1971-12,4,0.052004138472491
2000051,DISCBOND,5005,Fama Bliss Discount Bonds - 5-Year (Nominal),1971-12-31,76.219280621048,D,5.4251691403833,1971-12,5,0.054251691403833
2000047,DISCBOND,5001,Fama Bliss Discount Bonds - 1-Year (Nominal),1972-01-31,95.948581611992,D,4.1244747867788,1972-01,1,0.041244747867788
2000048,DISCBOND,5002,Fama Bliss Discount Bonds - 2-Year (Nominal),1972-01-31,90.831558876584,D,4.8015922924217,1972-01,2,0.048015922924217
2000049,DISCBOND,5003,Fama Bliss Discount Bonds - 3-Year (Nominal),1972-01-31,85.214534837112,D,5.3284064255023,1972-01,3,0.053284064255023
2000050,DISCBOND,5004,Fama Bliss Discount Bonds - 4-Year (Nominal),1972-01-31,80.328640602391,D,5.4760989652421,1972-01,4,0.054760989652421
2000051,DISCBOND,5005,Fama Bliss Discount Bonds - 5-Year (Nominal),1972-01-31,75.119961076984,D,5.7154138706815,1972-01,5,0.057154138706815
2000047,DISCBOND,5001,Fama Bliss Discount Bonds - 1-Year (Nominal),1972-02-29,95.802502454192,D,4.2881379701165,1972-02,1,0.042881379701165
2000048,DISCBOND,5002,Fama Bliss Discount Bonds - 2-Year (Nominal),1972-02-29,90.908907715298,D,4.7656097469039,1972-02,2,0.047656097469039004
2000049,DISCBOND,5003,Fama Bliss Discount Bonds - 3-Year (Nominal),1972-02-29,85.447059200282,D,5.2424399050052,1972-02,3,0.052424399050052
2000050,DISCBOND,5004,Fama Bliss Discount Bonds - 4-Year (Nominal),1972-02-29,80.464649646265,D,5.4375304417689,1972-02,4,0.054375304417689
2000051,DISCBOND,5005,Fama Bliss Discount Bonds - 5-Year (Nominal),1972-02-29,75.33616790029,D,5.6610948299479,1972-02,5,0.056610948299479
2000047,DISCBOND,5001,Fama Bliss Discount Bonds - 1-Year (Nominal),1972-03-30,95.185279630994,D,4.934488187142,1972-03,1,0.04934488187142
2000048,DISCBOND,5002,Fama Bliss Discount Bonds - 2-Year (Nominal),1972-03-30,89.554336572713,D,5.5237984617674,1972-03,2,0.055237984617674
2000049,DISCBOND,5003,Fama Bliss Discount Bonds - 3-Year (Nominal),1972-03-30,84.077694591845,D,5.7756882668616,1972-03,3,0.057756882668616
2000050,DISCBOND,5004,Fama Bliss Discount Bonds - 4-Year (Nominal),1972-03-30,79.043748486398,D,5.8711750235611,1972-03,4,0.058711750235610996
2000051,DISCBOND,5005,Fama Bliss Discount Bonds - 5-Year (Nominal),1972-03-30,74.074364092684,D,5.9954431464753,1972-03,5,0.059954431464753
2000047,DISCBOND,5001,Fama Bliss Discount Bonds - 1-Year (Nominal),1972-04-28,95.566997729189,D,4.5095538644561,1972-04,1,0.045095538644561
2000048,DISCBOND,5002,Fama Bliss Discount Bonds - 2-Year (Nominal),1972-04-28,90.262594311973,D,5.1083570873133,1972-04,2,0.051083570873133005
2000049,DISCBOND,5003,Fama Bliss Discount Bonds - 3-Year (Nominal),1972-04-28,84.702610299673,D,5.5240359740913,1972-04,3,0.05524035974091299
2000050,DISCBOND,5004,Fama Bliss Discount Bonds - 4-Year (Nominal),1972-04-28,79.766536615446,D,5.6400635953115,1972-04,4,0.056400635953115
2000051,DISCBOND,5005,Fama Bliss Discount Bonds - 5-Year (Nominal),1972-04-28,74.823962629109,D,5.7942899719503,1972-04,5,0.057942899719503
2000047,DISCBOND,5001,Fama Bliss Discount Bonds - 1-Year (Nominal),1972-05-31,95.478054395767,D,4.6273761811727,1972-05,1,0.046273761811727
2000048,DISCBOND,5002,Fama Bliss Discount Bonds - 2-Year (Nominal),1972-05-31,90.585705698302,D,4.9436879568086,1972-05,2,0.049436879568086
2000049,DISCBOND,5003,Fama Bliss Discount Bonds - 3-Year (Nominal),1972-05-31,85.114264460299,D,5.3774288307748,1972-05,3,0.053774288307748004
2000050,DISCBOND,5004,Fama Bliss Discount Bonds - 4-Year (Nominal),1972-05-31,80.094880811814,D,5.5565678302476,1972-05,4,0.055565678302475996
2000051,DISCBOND,5005,Fama Bliss Discount Bonds - 5-Year (Nominal),1972-05-31,75.147628604123,D,5.7111829166265,1972-05,5,0.057111829166265
2000047,DISCBOND,5001,Fama Bliss Discount Bonds - 1-Year (Nominal),1972-06-30,94.901233262791,D,5.2477260705229,1972-06,1,0.052477260705229
2000048,DISCBOND,5002,Fama Bliss Discount Bonds - 2-Year (Nominal),1972-06-30,89.731223209126,D,5.4324533074656,1972-06,2,0.054324533074656005
2000049,DISCBOND,5003,Fama Bliss Discount Bonds - 3-Year (Nominal),1972-06-30,84.2868016926,D,5.6981633961264,1972-06,3,0.056981633961264
2000050,DISCBOND,5004,Fama Bliss Discount Bonds - 4-Year (Nominal),1972-06-30,79.120993620928,D,5.8507912496238,1972-06,4,0.058507912496238
2000051,DISCBOND,5005,Fama Bliss Discount Bonds - 5-Year (Nominal),1972-06-30,74.423474542452,D,5.9047398534609,1972-06,5,0.059047398534609004
2000047,DISCBOND,5001,Fama Bliss Discount Bonds - 1-Year (Nominal),1972-07-31,95.173889148732,D,4.9464555458441,1972-07,1,0.049464555458441
2000048,DISCBOND,5002,Fama Bliss Discount Bonds - 2-Year (Nominal),1972-07-31,90.042547424787,D,5.2443939102106,1972-07,2,0.052443939102106
2000049,DISCBOND,5003,Fama Bliss Discount Bonds - 3-Year (Nominal),1972-07-31,84.375625006888,D,5.6630544798986,1972-07,3,0.056630544798986
2000050,DISCBOND,5004,Fama Bliss Discount Bonds - 4-Year (Nominal),1972-07-31,79.11178046305,D,5.8577097759698,1972-07,4,0.058577097759698
2000051,DISCBOND,5005,Fama Bliss Discount Bonds - 5-Year (Nominal),1972-07-31,74.514351902531,D,5.886794264148,1972-07,5,0.05886794264148001
2000047,DISCBOND,5001,Fama Bliss Discount Bonds - 1-Year (Nominal),1972-08-31,94.665641250067,D,5.4819068419156,1972-08,1,0.054819068419156
2000048,DISCBOND,5002,Fama Bliss Discount Bonds - 2-Year (Nominal),1972-08-31,89.363869511895,D,5.6303993541937,1972-08,2,0.056303993541937
2000049,DISCBOND,5003,Fama Bliss Discount Bonds - 3-Year (Nominal),1972-08-31,83.835194529166,D,5.8879971789409,1972-08,3,0.058879971789409
2000050,DISCBOND,5004,Fama Bliss Discount Bonds - 4-Year (Nominal),1972-08-31,78.295299566753,D,6.1128786316588,1972-08,4,0.061128786316588
2000051,DISCBOND,5005,Fama Bliss Discount Bonds - 5-Year (Nominal),1972-08-31,73.778709051029,D,6.0786688518466,1972-08,5,0.060786688518466
2000047,DISCBOND,5001,Fama Bliss Discount Bonds - 1-Year (Nominal),1972-09-29,94.527058707976,D,5.6438685977391,1972-09,1,0.056438685977391004
2000048,DISCBOND,5002,Fama Bliss Discount Bonds - 2-Year (Nominal),1972-09-29,89.056894637548,D,5.7868106241555,1972-09,2,0.057868106241555
2000049,DISCBOND,5003,Fama Bliss Discount Bonds - 3-Year (Nominal),1972-09-29,83.692890609899,D,5.9284578252447,1972-09,3,0.059284578252447
2000050,DISCBOND,5004,Fama Bliss Discount Bonds - 4-Year (Nominal),1972-09-29,78.619841034071,D,6.0054256054975,1972-09,4,0.060054256054975
2000051,DISCBOND,5005,Fama Bliss Discount Bonds - 5-Year (Nominal),1972-09-29,73.86703092423,D,6.0514400056717,1972-09,5,0.060514400056717
2000047,DISCBOND,5001,Fama Bliss Discount Bonds - 1-Year (Nominal),1972-10-31,94.61366313778,D,5.5368289727439,1972-10,1,0.055368289727439006
2000048,DISCBOND,5002,Fama Bliss Discount Bonds - 2-Year (Nominal),1972-10-31,89.12976107306,D,5.7538444252926,1972-10,2,0.057538444252926
2000049,DISCBOND,5003,Fama Bliss Discount Bonds - 3-Year (Nominal),1972-10-31,83.695203155931,D,5.9329508468134,1972-10,3,0.059329508468134
2000050,DISCBOND,5004,Fama Bliss Discount Bonds - 4-Year (Nominal),1972-10-31,78.415614454884,D,6.082844512921,1972-10,4,0.06082844512921
2000051,DISCBOND,5005,Fama Bliss Discount Bonds - 5-Year (Nominal),1972-10-31,73.736529945078,D,6.0900998082276,1972-10,5,0.060900998082275996
2000047,DISCBOND,5001,Fama Bliss Discount Bonds - 1-Year (Nominal),1972-11-30,94.750351560167,D,5.3924631634905,1972-11,1,0.053924631634905
2000048,DISCBOND,5002,Fama Bliss Discount Bonds - 2-Year (Nominal),1972-11-30,89.345861434654,D,5.640489895783,1972-11,2,0.056404898957830005
2000049,DISCBOND,5003,Fama Bliss Discount Bonds - 3-Year (Nominal),1972-11-30,84.041767705364,D,5.8058134684164,1972-11,3,0.058058134684163994
2000050,DISCBOND,5004,Fama Bliss Discount Bonds - 4-Year (Nominal),1972-11-30,78.617768615462,D,6.0101947713085,1972-11,4,0.060101947713085
2000051,DISCBOND,5005,Fama Bliss Discount Bonds - 5-Year (Nominal),1972-11-30,74.053136838529,D,6.004455395864,1972-11,5,0.06004455395864
2000047,DISCBOND,5001,Fama Bliss Discount Bonds - 1-Year (Nominal),1972-12-29,94.596528287618,D,5.5246687789353,1972-12,1,0.055246687789353
2000048,DISCBOND,5002,Fama Bliss Discount Bonds - 2-Year (Nominal),1972-12-29,88.811672313791,D,5.9163958166108,1972-12,2,0.059163958166108
2000049,DISCBOND,5003,Fama Bliss Discount Bonds - 3-Year (Nominal),1972-12-29,83.526218660035,D,5.9893807233396,1972-12,3,0.059893807233396004
2000050,DISCBOND,5004,Fama Bliss Discount Bonds - 4-Year (Nominal),1972-12-29,78.436519006052,D,6.0595629437906,1972-12,4,0.060595629437906
2000051,DISCBOND,5005,Fama Bliss Discount Bonds - 5-Year (Nominal),1972-12-29,73.441371350873,D,6.1668970416957,1972-12,5,0.061668970416957
2000047,DISCBOND,5001,Fama Bliss Discount Bonds - 1-Year (Nominal),1973-01-31,94.041024922483,D,6.1439063582733,1973-01,1,0.061439063582733
2000048,DISCBOND,5002,Fama Bliss Discount Bonds - 2-Year (Nominal),1973-01-31,88.322845943403,D,6.2085690443699,1973-01,2,0.06208569044369901
2000049,DISCBOND,5003,Fama Bliss Discount Bonds - 3-Year (Nominal),1973-01-31,82.850918325141,D,6.2766437798564,1973-01,3,0.062766437798564
2000050,DISCBOND,5004,Fama Bliss Discount Bonds - 4-Year (Nominal),1973-01-31,77.490413266059,D,6.3710353479173,1973-01,4,0.063710353479173
2000051,DISCBOND,5005,Fama Bliss Discount Bonds - 5-Year (Nominal),1973-01-31,72.971203573559,D,6.2986543649834,1973-01,5,0.062986543649834
2000047,DISCBOND,5001,Fama Bliss Discount Bonds - 1-Year (Nominal),1973-02-28,93.796488600047,D,6.4042765644136,1973-02,1,0.064042765644136
2000048,DISCBOND,5002,Fama Bliss Discount Bonds - 2-Year (Nominal),1973-02-28,87.779247875844,D,6.5172535025419,1973-02,2,0.065172535025419
2000049,DISCBOND,5003,Fama Bliss Discount Bonds - 3-Year (Nominal),1973-02-28,82.099828317047,D,6.5804846711031,1973-02,3,0.065804846711031
2000050,DISCBOND,5004,Fama Bliss Discount Bonds - 4-Year (Nominal),1973-02-28,76.754737511036,D,6.6093500696552,1973-02,4,0.066093500696552
2000051,DISCBOND,5005,Fama Bliss Discount Bonds - 5-Year (Nominal),1973-02-28,71.91834840694,D,6.5891644947523,1973-02,5,0.065891644947523
2000047,DISCBOND,5001,Fama Bliss Discount Bonds - 1-Year (Nominal),1973-03-30,93.322356038898,D,6.9300359340878,1973-03,1,0.069300359340878
2000048,DISCBOND,5002,Fama Bliss Discount Bonds - 2-Year (Nominal),1973-03-30,87.269669003092,D,6.7990471368301,1973-03,2,0.067990471368301
2000049,DISCBOND,5003,Fama Bliss Discount Bonds - 3-Year (Nominal),1973-03-30,81.770831988907,D,6.6960891173385,1973-03,3,0.06696089117338501
2000050,DISCBOND,5004,Fama Bliss Discount Bonds - 4-Year (Nominal),1973-03-30,76.671940339716,D,6.6317749222707,1973-03,4,0.066317749222707
2000051,DISCBOND,5005,Fama Bliss Discount Bonds - 5-Year (Nominal),1973-03-30,71.697470022877,D,6.6470100430905,1973-03,5,0.066470100430905
2000047,DISCBOND,5001,Fama Bliss Discount Bonds - 1-Year (Nominal),1973-04-30,93.518678820973,D,6.7008996159177,1973-04,1,0.06700899615917699
2000048,DISCBOND,5002,Fama Bliss Discount Bonds - 2-Year (Nominal),1973-04-30,87.579749012684,D,6.6310195212626,1973-04,2,0.066310195212626
2000049,DISCBOND,5003,Fama Bliss Discount Bonds - 3-Year (Nominal),1973-04-30,81.946373141863,D,6.6307827174795,1973-04,3,0.066307827174795
2000050,DISCBOND,5004,Fama Bliss Discount Bonds - 4-Year (Nominal),1973-04-30,76.951295585198,D,6.5499372282554,1973-04,4,0.06549937228255401
2000051,DISCBOND,5005,Fama Bliss Discount Bonds - 5-Year (Nominal),1973-04-30,72.019774140143,D,6.5681881726019,1973-04,5,0.065681881726019
2000047,DISCBOND,5001,Fama Bliss Discount Bonds - 1-Year (Nominal),1973-05-31,93.291426943366,D,6.9441969351667,1973-05,1,0.06944196935166701
2000048,DISCBOND,5002,Fama Bliss Discount Bonds - 2-Year (Nominal),1973-05-31,87.424850986629,D,6.7287478328503,1973-05,2,0.067287478328503
2000049,DISCBOND,5003,Fama Bliss Discount Bonds - 3-Year (Nominal),1973-05-31,82.026080352206,D,6.616516212008,1973-05,3,0.06616516212008
2000050,DISCBOND,5004,Fama Bliss Discount Bonds - 4-Year (Nominal),1973-05-31,76.961370498733,D,6.5421834965358,1973-05,4,0.065421834965358
2000051,DISCBOND,5005,Fama Bliss Discount Bonds - 5-Year (Nominal),1973-05-31,71.89992188328,D,6.5942866345016,1973-05,5,0.065942866345016
2000047,DISCBOND,5001,Fama Bliss Discount Bonds - 1-Year (Nominal),1973-06-29,92.741285730746,D,7.5563469852266,1973-06,1,0.075563469852266
2000048,DISCBOND,5002,Fama Bliss Discount Bonds - 2-Year (Nominal),1973-06-29,86.981783350537,D,6.9640340489298,1973-06,2,0.069640340489298
2000049,DISCBOND,5003,Fama Bliss Discount Bonds - 3-Year (Nominal),1973-06-29,81.321914380922,D,6.8792569987287,1973-06,3,0.068792569987287
2000050,DISCBOND,5004,Fama Bliss Discount Bonds - 4-Year (Nominal),1973-06-29,76.431436323595,D,6.7102105560014,1973-06,4,0.067102105560014
2000051,DISCBOND,5005,Fama Bliss Discount Bonds - 5-Year (Nominal),1973-06-29,71.447726512407,D,6.71672118274,1973-06,5,0.0671672118274
2000047,DISCBOND,5001,Fama Bliss Discount Bonds - 1-Year (Nominal),1973-07-31,91.735507535628,D,8.6260667544732,1973-07,1,0.086260667544732
2000048,DISCBOND,5002,Fama Bliss Discount Bonds - 2-Year (Nominal),1973-07-31,85.281400912797,D,7.9606899245819,1973-07,2,0.079606899245819
2000049,DISCBOND,5003,Fama Bliss Discount Bonds - 3-Year (Nominal),1973-07-31,79.153960367171,D,7.7925123885125,1973-07,3,0.077925123885125
2000050,DISCBOND,5004,Fama Bliss Discount Bonds - 4-Year (Nominal),1973-07-31,73.122728825364,D,7.8311376960863,1973-07,4,0.078311376960863
2000051,DISCBOND,5005,Fama Bliss Discount Bonds - 5-Year (Nominal),1973-07-31,68.238134537615,D,7.6391463198311,1973-07,5,0.076391463198311
2000047,DISCBOND,5001,Fama Bliss Discount Bonds - 1-Year (Nominal),1973-08-31,91.99495638498,D,8.3665657028439,1973-08,1,0.083665657028439
2000048,DISCBOND,5002,Fama Bliss Discount Bonds - 2-Year (Nominal),1973-08-31,85.837170169133,D,7.6568808224407,1973-08,2,0.076568808224407
2000049,DISCBOND,5003,Fama Bliss Discount Bonds - 3-Year (Nominal),1973-08-31,80.448981230835,D,7.2449497682923,1973-08,3,0.072449497682923
2000050,DISCBOND,5004,Fama Bliss Discount Bonds - 4-Year (Nominal),1973-08-31,75.180502664676,D,7.1270751458311,1973-08,4,0.071270751458311
2000051,DISCBOND,5005,Fama Bliss Discount Bonds - 5-Year (Nominal),1973-08-31,70.282358048569,D,7.0491246596985,1973-08,5,0.070491246596985
2000047,DISCBOND,5001,Fama Bliss Discount Bonds - 1-Year (Nominal),1973-09-28,92.587125578992,D,7.660035849606,1973-09,1,0.07660035849606
2000048,DISCBOND,5002,Fama Bliss Discount Bonds - 2-Year (Nominal),1973-09-28,86.974012613131,D,6.958975353467,1973-09,2,0.06958975353467
2000049,DISCBOND,5003,Fama Bliss Discount Bonds - 3-Year (Nominal),1973-09-28,81.984023312515,D,6.6034348652768,1973-09,3,0.066034348652768
2000050,DISCBOND,5004,Fama Bliss Discount Bonds - 4-Year (Nominal),1973-09-28,76.804423896109,D,6.584169517433,1973-09,4,0.06584169517433
2000051,DISCBOND,5005,Fama Bliss Discount Bonds - 5-Year (Nominal),1973-09-28,72.085908542739,D,6.5390659275823,1973-09,5,0.065390659275823
2000047,DISCBOND,5001,Fama Bliss Discount Bonds - 1-Year (Nominal),1973-10-31,93.125895685163,D,7.1217891238917,1973-10,1,0.071217891238917
2000048,DISCBOND,5002,Fama Bliss Discount Bonds - 2-Year (Nominal),1973-10-31,87.421710255858,D,6.7213266538138,1973-10,2,0.067213266538138
2000049,DISCBOND,5003,Fama Bliss Discount Bonds - 3-Year (Nominal),1973-10-31,81.954215788587,D,6.6397113577721,1973-10,3,0.066397113577721
2000050,DISCBOND,5004,Fama Bliss Discount Bonds - 4-Year (Nominal),1973-10-31,76.563863579239,D,6.6715549773456,1973-10,4,0.066715549773456
2000051,DISCBOND,5005,Fama Bliss Discount Bonds - 5-Year (Nominal),1973-10-31,71.765206752782,D,6.6317741976487,1973-10,5,0.066317741976487
2000047,DISCBOND,5001,Fama Bliss Discount Bonds - 1-Year (Nominal),1973-11-30,92.863498117616,D,7.4242941837858,1973-11,1,0.074242941837858
2000048,DISCBOND,5002,Fama Bliss Discount Bonds - 2-Year (Nominal),1973-11-30,87.503700687263,D,6.6927917096143,1973-11,2,0.066927917096143
2000049,DISCBOND,5003,Fama Bliss Discount Bonds - 3-Year (Nominal),1973-11-30,82.008762242822,D,6.6054374985029,1973-11,3,0.066054374985029
2000050,DISCBOND,5004,Fama Bliss Discount Bonds - 4-Year (Nominal),1973-11-30,76.793292172039,D,6.5968040690536,1973-11,4,0.065968040690536
2000051,DISCBOND,5005,Fama Bliss Discount Bonds - 5-Year (Nominal),1973-11-30,71.852967268955,D,6.6073448485786,1973-11,5,0.066073448485786
2000047,DISCBOND,5001,Fama Bliss Discount Bonds - 1-Year (Nominal),1973-12-31,93.123550572826,D,7.1243073728138,1973-12,1,0.071243073728138
2000048,DISCBOND,5002,Fama Bliss Discount Bonds - 2-Year (Nominal),1973-12-31,87.478510451558,D,6.6888508813606,1973-12,2,0.066888508813606
2000049,DISCBOND,5003,Fama Bliss Discount Bonds - 3-Year (Nominal),1973-12-31,81.946756506727,D,6.6306269187607,1973-12,3,0.066306269187607
2000050,DISCBOND,5004,Fama Bliss Discount Bonds - 4-Year (Nominal),1973-12-31,76.622165367675,D,6.6570946496578,1973-12,4,0.066570946496578
2000051,DISCBOND,5005,Fama Bliss Discount Bonds - 5-Year (Nominal),1973-12-31,71.610642661849,D,6.6821910118797,1973-12,5,0.066821910118797
2000047,DISCBOND,5001,Fama Bliss Discount Bonds - 1-Year (Nominal),1974-01-31,93.346350912666,D,6.8853407148282,1974-01,1,0.068853407148282
2000048,DISCBOND,5002,Fama Bliss Discount Bonds - 2-Year (Nominal),1974-01-31,87.529161417727,D,6.6690444119538,1974-01,2,0.066690444119538
2000049,DISCBOND,5003,Fama Bliss Discount Bonds - 3-Year (Nominal),1974-01-31,81.755315237208,D,6.7085191082036,1974-01,3,0.06708519108203599
2000050,DISCBOND,5004,Fama Bliss Discount Bonds - 4-Year (Nominal),1974-01-31,76.330143913752,D,6.7479346485046,1974-01,4,0.067479346485046
2000051,DISCBOND,5005,Fama Bliss Discount Bonds - 5-Year (Nominal),1974-01-31,71.374139083853,D,6.7409976848031,1974-01,5,0.067409976848031
2000047,DISCBOND,5001,Fama Bliss Discount Bonds - 1-Year (Nominal),1974-02-28,93.220233803862,D,7.020538695973,1974-02,1,0.07020538695973
2000048,DISCBOND,5002,Fama Bliss Discount Bonds - 2-Year (Nominal),1974-02-28,87.275862964559,D,6.814146700369,1974-02,2,0.06814146700369
2000049,DISCBOND,5003,Fama Bliss Discount Bonds - 3-Year (Nominal),1974-02-28,81.804337631554,D,6.688555884399,1974-02,3,0.06688555884399
2000050,DISCBOND,5004,Fama Bliss Discount Bonds - 4-Year (Nominal),1974-02-28,76.190372661756,D,6.7937237754948,1974-02,4,0.067937237754948
2000051,DISCBOND,5005,Fama Bliss Discount Bonds - 5-Year (Nominal),1974-02-28,71.143702862189,D,6.8056380735544,1974-02,5,0.068056380735544
2000047,DISCBOND,5001,Fama Bliss Discount Bonds - 1-Year (Nominal),1974-03-29,92.164297338845,D,8.115268860399,1974-03,1,0.08115268860399
2000048,DISCBOND,5002,Fama Bliss Discount Bonds - 2-Year (Nominal),1974-03-29,85.70182861854,D,7.6832263835664,1974-03,2,0.07683226383566401
2000049,DISCBOND,5003,Fama Bliss Discount Bonds - 3-Year (Nominal),1974-03-29,79.625575024314,D,7.5737449784569,1974-03,3,0.075737449784569
2000050,DISCBOND,5004,Fama Bliss Discount Bonds - 4-Year (Nominal),1974-03-29,74.042879474751,D,7.4977389112685,1974-03,4,0.07497738911268499
2000051,DISCBOND,5005,Fama Bliss Discount Bonds - 5-Year (Nominal),1974-03-29,68.999887830815,D,7.4131820449377,1974-03,5,0.074131820449377
2000047,DISCBOND,5001,Fama Bliss Discount Bonds - 1-Year (Nominal),1974-04-30,91.694956766226,D,8.6702805334841,1974-04,1,0.086702805334841
2000048,DISCBOND,5002,Fama Bliss Discount Bonds - 2-Year (Nominal),1974-04-30,84.944776545299,D,8.1472807816426,1974-04,2,0.081472807816426
2000049,DISCBOND,5003,Fama Bliss Discount Bonds - 3-Year (Nominal),1974-04-30,78.528091988258,D,8.0571257565617,1974-04,3,0.08057125756561699
2000050,DISCBOND,5004,Fama Bliss Discount Bonds - 4-Year (Nominal),1974-04-30,72.610410402362,D,8.0070316993574,1974-04,4,0.080070316993574
2000051,DISCBOND,5005,Fama Bliss Discount Bonds - 5-Year (Nominal),1974-04-30,67.230287906444,D,7.9365774770829,1974-04,5,0.079365774770829
2000047,DISCBOND,5001,Fama Bliss Discount Bonds - 1-Year (Nominal),1974-05-31,92.04235265789,D,8.3149169519901,1974-05,1,0.08314916951990099
2000048,DISCBOND,5002,Fama Bliss Discount Bonds - 2-Year (Nominal),1974-05-31,85.300799684473,D,7.9711569677981,1974-05,2,0.079711569677981
2000049,DISCBOND,5003,Fama Bliss Discount Bonds - 3-Year (Nominal),1974-05-31,78.794748543416,D,7.936879836139,1974-05,3,0.07936879836139
2000050,DISCBOND,5004,Fama Bliss Discount Bonds - 4-Year (Nominal),1974-05-31,72.889311145144,D,7.9002935496949,1974-05,4,0.07900293549694899
2000051,DISCBOND,5005,Fama Bliss Discount Bonds - 5-Year (Nominal),1974-05-31,67.932939596337,D,7.72874781725,1974-05,5,0.07728747817250001
2000047,DISCBOND,5001,Fama Bliss Discount Bonds - 1-Year (Nominal),1974-06-28,91.70846697685,D,8.6083785413409,1974-06,1,0.086083785413409
2000048,DISCBOND,5002,Fama Bliss Discount Bonds - 2-Year (Nominal),1974-06-28,84.697078865219,D,8.2704655699131,1974-06,2,0.08270465569913099
2000049,DISCBOND,5003,Fama Bliss Discount Bonds - 3-Year (Nominal),1974-06-28,78.282862650294,D,8.1390835781962,1974-06,3,0.08139083578196199
2000050,DISCBOND,5004,Fama Bliss Discount Bonds - 4-Year (Nominal),1974-06-28,71.950200555876,D,8.2130230756255,1974-06,4,0.082130230756255
2000051,DISCBOND,5005,Fama Bliss Discount Bonds - 5-Year (Nominal),1974-06-28,66.754981831573,D,8.0739768863926,1974-06,5,0.080739768863926
2000047,DISCBOND,5001,Fama Bliss Discount Bonds - 1-Year (Nominal),1974-07-31,91.706715133623,D,8.657458003252,1974-07,1,0.08657458003252
2000048,DISCBOND,5002,Fama Bliss Discount Bonds - 2-Year (Nominal),1974-07-31,84.591843914316,D,8.3666165827813,1974-07,2,0.083666165827813
2000049,DISCBOND,5003,Fama Bliss Discount Bonds - 3-Year (Nominal),1974-07-31,77.927499701863,D,8.3206411820458,1974-07,3,0.08320641182045801
2000050,DISCBOND,5004,Fama Bliss Discount Bonds - 4-Year (Nominal),1974-07-31,71.633980184221,D,8.3343077838517,1974-07,4,0.08334307783851701
2000051,DISCBOND,5005,Fama Bliss Discount Bonds - 5-Year (Nominal),1974-07-31,66.395067574102,D,8.1864623194664,1974-07,5,0.081864623194664
2000047,DISCBOND,5001,Fama Bliss Discount Bonds - 1-Year (Nominal),1974-08-30,90.800289036937,D,9.6772852549256,1974-08,1,0.096772852549256
2000048,DISCBOND,5002,Fama Bliss Discount Bonds - 2-Year (Nominal),1974-08-30,84.064066168604,D,8.6558348534057,1974-08,2,0.086558348534057
2000049,DISCBOND,5003,Fama Bliss Discount Bonds - 3-Year (Nominal),1974-08-30,77.653395096236,D,8.4151270222184,1974-08,3,0.084151270222184
2000050,DISCBOND,5004,Fama Bliss Discount Bonds - 4-Year (Nominal),1974-08-30,71.660796485958,D,8.3192627579927,1974-08,4,0.083192627579927
2000051,DISCBOND,5005,Fama Bliss Discount Bonds - 5-Year (Nominal),1974-08-30,65.753214620344,D,8.37605318639,1974-08,5,0.08376053186389999
2000047,DISCBOND,5001,Fama Bliss Discount Bonds - 1-Year (Nominal),1974-09-30,92.411425983664,D,7.8919557153592,1974-09,1,0.078919557153592
2000048,DISCBOND,5002,Fama Bliss Discount Bonds - 2-Year (Nominal),1974-09-30,85.136678381422,D,8.0346057116513,1974-09,2,0.080346057116513
2000049,DISCBOND,5003,Fama Bliss Discount Bonds - 3-Year (Nominal),1974-09-30,79.090183942778,D,7.8122463690851,1974-09,3,0.078122463690851
2000050,DISCBOND,5004,Fama Bliss Discount Bonds - 4-Year (Nominal),1974-09-30,72.994545989239,D,7.8696365026749,1974-09,4,0.078696365026749
2000051,DISCBOND,5005,Fama Bliss Discount Bonds - 5-Year (Nominal),1974-09-30,67.596633398662,D,7.8365339776892,1974-09,5,0.078365339776892
2000047,DISCBOND,5001,Fama Bliss Discount Bonds - 1-Year (Nominal),1974-10-31,92.64351068635,D,7.6411276871624,1974-10,1,0.076411276871624
2000048,DISCBOND,5002,Fama Bliss Discount Bonds - 2-Year (Nominal),1974-10-31,85.740544992742,D,7.7027701584979,1974-10,2,0.077027701584979
2000049,DISCBOND,5003,Fama Bliss Discount Bonds - 3-Year (Nominal),1974-10-31,79.306367136358,D,7.7213411536514,1974-10,3,0.077213411536514
2000050,DISCBOND,5004,Fama Bliss Discount Bonds - 4-Year (Nominal),1974-10-31,73.287329454616,D,7.7642434697726,1974-10,4,0.077642434697726
2000051,DISCBOND,5005,Fama Bliss Discount Bonds - 5-Year (Nominal),1974-10-31,67.782509991188,D,7.7730603197104,1974-10,5,0.077730603197104
2000047,DISCBOND,5001,Fama Bliss Discount Bonds - 1-Year (Nominal),1974-11-29,92.783411390928,D,7.5108097675126,1974-11,1,0.075108097675126
2000048,DISCBOND,5002,Fama Bliss Discount Bonds - 2-Year (Nominal),1974-11-29,86.567302352363,D,7.1926947894469,1974-11,2,0.071926947894469
2000049,DISCBOND,5003,Fama Bliss Discount Bonds - 3-Year (Nominal),1974-11-29,80.274900283021,D,7.3104205517529,1974-11,3,0.073104205517529
2000050,DISCBOND,5004,Fama Bliss Discount Bonds - 4-Year (Nominal),1974-11-29,74.584030036345,D,7.3210655708901,1974-11,4,0.07321065570890099
2000051,DISCBOND,5005,Fama Bliss Discount Bonds - 5-Year (Nominal),1974-11-29,69.084301863192,D,7.3887558930026,1974-11,5,0.07388755893002599
2000047,DISCBOND,5001,Fama Bliss Discount Bonds - 1-Year (Nominal),1974-12-31,93.355715193862,D,6.8753094587215,1974-12,1,0.068753094587215
2000048,DISCBOND,5002,Fama Bliss Discount Bonds - 2-Year (Nominal),1974-12-31,86.625019754724,D,7.1692541458904,1974-12,2,0.071692541458904
2000049,DISCBOND,5003,Fama Bliss Discount Bonds - 3-Year (Nominal),1974-12-31,80.707198776165,D,7.1447472304309,1974-12,3,0.07144747230430899
2000050,DISCBOND,5004,Fama Bliss Discount Bonds - 4-Year (Nominal),1974-12-31,75.168067704764,D,7.140983378561,1974-12,4,0.07140983378561
2000051,DISCBOND,5005,Fama Bliss Discount Bonds - 5-Year (Nominal),1974-12-31,70.130341725007,D,7.0924065358483,1974-12,5,0.070924065358483
2000047,DISCBOND,5001,Fama Bliss Discount Bonds - 1-Year (Nominal),1975-01-31,94.113757417316,D,6.083261751161,1975-01,1,0.06083261751161
2000048,DISCBOND,5002,Fama Bliss Discount Bonds - 2-Year (Nominal),1975-01-31,87.545883526096,D,6.6412597484084,1975-01,2,0.066412597484084
2000049,DISCBOND,5003,Fama Bliss Discount Bonds - 3-Year (Nominal),1975-01-31,81.430967733359,D,6.8409044207822,1975-01,3,0.068409044207822
2000050,DISCBOND,5004,Fama Bliss Discount Bonds - 4-Year (Nominal),1975-01-31,75.486367603968,D,7.0256407653345,1975-01,4,0.070256407653345
2000051,DISCBOND,5005,Fama Bliss Discount Bonds - 5-Year (Nominal),1975-01-31,69.911552976352,D,7.1548647313492,1975-01,5,0.071548647313492
2000047,DISCBOND,5001,Fama Bliss Discount Bonds - 1-Year (Nominal),1975-02-28,94.321495637762,D,5.8621682772922,1975-02,1,0.058621682772922006
2000048,DISCBOND,5002,Fama Bliss Discount Bonds - 2-Year (Nominal),1975-02-28,88.318253360709,D,6.2026722022617,1975-02,2,0.062026722022617
2000049,DISCBOND,5003,Fama Bliss Discount Bonds - 3-Year (Nominal),1975-02-28,82.271745491782,D,6.498813554112,1975-02,3,0.06498813554112
2000050,DISCBOND,5004,Fama Bliss Discount Bonds - 4-Year (Nominal),1975-02-28,76.758395784561,D,6.6081593670821,1975-02,4,0.066081593670821
2000051,DISCBOND,5005,Fama Bliss Discount Bonds - 5-Year (Nominal),1975-02-28,70.665954846503,D,6.9365237326923,1975-02,5,0.069365237326923
2000047,DISCBOND,5001,Fama Bliss Discount Bonds - 1-Year (Nominal),1975-03-31,93.98182085384,D,6.1899232095309,1975-03,1,0.061899232095308995
2000048,DISCBOND,5002,Fama Bliss Discount Bonds - 2-Year (Nominal),1975-03-31,87.470419531327,D,6.6843190316977,1975-03,2,0.066843190316977
2000049,DISCBOND,5003,Fama Bliss Discount Bonds - 3-Year (Nominal),1975-03-31,81.111241312109,D,6.9719206972579,1975-03,3,0.069719206972579
2000050,DISCBOND,5004,Fama Bliss Discount Bonds - 4-Year (Nominal),1975-03-31,74.964322085306,D,7.2039472791202,1975-03,4,0.072039472791202
2000051,DISCBOND,5005,Fama Bliss Discount Bonds - 5-Year (Nominal),1975-03-31,69.415572677152,D,7.2931864769871,1975-03,5,0.072931864769871
2000047,DISCBOND,5001,Fama Bliss Discount Bonds - 1-Year (Nominal),1975-04-30,93.536046728904,D,6.6640721707158,1975-04,1,0.066640721707158
2000048,DISCBOND,5002,Fama Bliss Discount Bonds - 2-Year (Nominal),1975-04-30,86.275494508656,D,7.3812292624071,1975-04,2,0.073812292624071
2000049,DISCBOND,5003,Fama Bliss Discount Bonds - 3-Year (Nominal),1975-04-30,79.369356066443,D,7.7089677147283,1975-04,3,0.077089677147283
2000050,DISCBOND,5004,Fama Bliss Discount Bonds - 4-Year (Nominal),1975-04-30,73.033690139248,D,7.850856442064,1975-04,4,0.07850856442064
2000051,DISCBOND,5005,Fama Bliss Discount Bonds - 5-Year (Nominal),1975-04-30,67.50818728679,D,7.8498234361525,1975-04,5,0.07849823436152499
2000047,DISCBOND,5001,Fama Bliss Discount Bonds - 1-Year (Nominal),1975-05-30,94.192171485204,D,5.9997492461149,1975-05,1,0.059997492461148993
2000048,DISCBOND,5002,Fama Bliss Discount Bonds - 2-Year (Nominal),1975-05-30,87.296669914977,D,6.7743337975894,1975-05,2,0.067743337975894
2000049,DISCBOND,5003,Fama Bliss Discount Bonds - 3-Year (Nominal),1975-05-30,80.802086931687,D,7.0926251597692,1975-05,3,0.070926251597692
2000050,DISCBOND,5004,Fama Bliss Discount Bonds - 4-Year (Nominal),1975-05-30,74.700605706025,D,7.2820742109097,1975-05,4,0.072820742109097
2000051,DISCBOND,5005,Fama Bliss Discount Bonds - 5-Year (Nominal),1975-05-30,69.002499672144,D,7.4124258313106,1975-05,5,0.074124258313106
2000047,DISCBOND,5001,Fama Bliss Discount Bonds - 1-Year (Nominal),1975-06-30,93.501483267558,D,6.7009300428782,1975-06,1,0.067009300428782
2000048,DISCBOND,5002,Fama Bliss Discount Bonds - 2-Year (Nominal),1975-06-30,86.813519984274,D,7.0607186161061,1975-06,2,0.070607186161061
2000049,DISCBOND,5003,Fama Bliss Discount Bonds - 3-Year (Nominal),1975-06-30,80.225916008884,D,7.3374188269619,1975-06,3,0.073374188269619
2000050,DISCBOND,5004,Fama Bliss Discount Bonds - 4-Year (Nominal),1975-06-30,74.703365616068,D,7.2911259940741,1975-06,4,0.07291125994074099
2000051,DISCBOND,5005,Fama Bliss Discount Bonds - 5-Year (Nominal),1975-06-30,68.368946994892,D,7.5967038978998,1975-06,5,0.075967038978998
2000047,DISCBOND,5001,Fama Bliss Discount Bonds - 1-Year (Nominal),1975-07-31,93.082432952728,D,7.1684709598141,1975-07,1,0.07168470959814101
2000048,DISCBOND,5002,Fama Bliss Discount Bonds - 2-Year (Nominal),1975-07-31,86.024377219804,D,7.5372987534613,1975-07,2,0.07537298753461301
2000049,DISCBOND,5003,Fama Bliss Discount Bonds - 3-Year (Nominal),1975-07-31,79.198724523804,D,7.7665739463873,1975-07,3,0.07766573946387301
2000050,DISCBOND,5004,Fama Bliss Discount Bonds - 4-Year (Nominal),1975-07-31,73.388175387791,D,7.729889769692,1975-07,4,0.07729889769692
2000051,DISCBOND,5005,Fama Bliss Discount Bonds - 5-Year (Nominal),1975-07-31,67.563790333444,D,7.8333752632077,1975-07,5,0.07833375263207701
2000047,DISCBOND,5001,Fama Bliss Discount Bonds - 1-Year (Nominal),1975-08-29,92.905351779677,D,7.2989023125022,1975-08,1,0.072989023125022
2000048,DISCBOND,5002,Fama Bliss Discount Bonds - 2-Year (Nominal),1975-08-29,85.765199561217,D,7.646419549851,1975-08,2,0.07646419549851
2000049,DISCBOND,5003,Fama Bliss Discount Bonds - 3-Year (Nominal),1975-08-29,79.135164263809,D,7.779115817147,1975-08,3,0.07779115817147
2000050,DISCBOND,5004,Fama Bliss Discount Bonds - 4-Year (Nominal),1975-08-29,72.962484962801,D,7.8644597090922,1975-08,4,0.078644597090922
2000051,DISCBOND,5005,Fama Bliss Discount Bonds - 5-Year (Nominal),1975-08-29,67.087435535487,D,7.9747286938613,1975-08,5,0.079747286938613
2000047,DISCBOND,5001,Fama Bliss Discount Bonds - 1-Year (Nominal),1975-09-30,92.72668461347,D,7.5307574560997,1975-09,1,0.075307574560997
2000048,DISCBOND,5002,Fama Bliss Discount Bonds - 2-Year (Nominal),1975-09-30,85.188442779453,D,8.0042557631007,1975-09,2,0.080042557631007
2000049,DISCBOND,5003,Fama Bliss Discount Bonds - 3-Year (Nominal),1975-09-30,78.6256379297,D,8.0157454864582,1975-09,3,0.080157454864582
2000050,DISCBOND,5004,Fama Bliss Discount Bonds - 4-Year (Nominal),1975-09-30,71.904475016335,D,8.2514442000882,1975-09,4,0.082514442000882
2000051,DISCBOND,5005,Fama Bliss Discount Bonds - 5-Year (Nominal),1975-09-30,66.635031909361,D,8.109907205942,1975-09,5,0.08109907205941999
2000047,DISCBOND,5001,Fama Bliss Discount Bonds - 1-Year (Nominal),1975-10-31,94.051729267531,D,6.1493722402852,1975-10,1,0.061493722402852
2000048,DISCBOND,5002,Fama Bliss Discount Bonds - 2-Year (Nominal),1975-10-31,87.079686069099,D,6.9078649268202,1975-10,2,0.06907864926820201
2000049,DISCBOND,5003,Fama Bliss Discount Bonds - 3-Year (Nominal),1975-10-31,80.779222417973,D,7.1085218814007,1975-10,3,0.07108521881400699
2000050,DISCBOND,5004,Fama Bliss Discount Bonds - 4-Year (Nominal),1975-10-31,74.701226277751,D,7.286851119453,1975-10,4,0.07286851119453
2000051,DISCBOND,5005,Fama Bliss Discount Bonds - 5-Year (Nominal),1975-10-31,68.565764017266,D,7.5392745723696,1975-10,5,0.075392745723696
2000047,DISCBOND,5001,Fama Bliss Discount Bonds - 1-Year (Nominal),1975-11-28,93.732221754695,D,6.4200497568981,1975-11,1,0.064200497568981
2000048,DISCBOND,5002,Fama Bliss Discount Bonds - 2-Year (Nominal),1975-11-28,86.654800068833,D,7.1325769236524,1975-11,2,0.071325769236524
2000049,DISCBOND,5003,Fama Bliss Discount Bonds - 3-Year (Nominal),1975-11-28,80.239098906333,D,7.3185914280582,1975-11,3,0.073185914280582
2000050,DISCBOND,5004,Fama Bliss Discount Bonds - 4-Year (Nominal),1975-11-28,74.48116946107,D,7.3504925525039,1975-11,4,0.07350492552503901
2000051,DISCBOND,5005,Fama Bliss Discount Bonds - 5-Year (Nominal),1975-11-28,67.999956193615,D,7.7048188004542,1975-11,5,0.077048188004542
2000047,DISCBOND,5001,Fama Bliss Discount Bonds - 1-Year (Nominal),1975-12-31,94.185561853888,D,5.9739618544442,1975-12,1,0.059739618544442
2000048,DISCBOND,5002,Fama Bliss Discount Bonds - 2-Year (Nominal),1975-12-31,87.608895225393,D,6.6143824766045,1975-12,2,0.066143824766045
2000049,DISCBOND,5003,Fama Bliss Discount Bonds - 3-Year (Nominal),1975-12-31,81.201006710855,D,6.947762747174,1975-12,3,0.06947762747174
2000050,DISCBOND,5004,Fama Bliss Discount Bonds - 4-Year (Nominal),1975-12-31,75.205812259455,D,7.1186660455324,1975-12,4,0.071186660455324
2000051,DISCBOND,5005,Fama Bliss Discount Bonds - 5-Year (Nominal),1975-12-31,69.203134218511,D,7.3544209447959,1975-12,5,0.073544209447959
2000047,DISCBOND,5001,Fama Bliss Discount Bonds - 1-Year (Nominal),1976-01-30,94.605734299625,D,5.5149904137092,1976-01,1,0.055149904137092004
2000048,DISCBOND,5002,Fama Bliss Discount Bonds - 2-Year (Nominal),1976-01-30,88.102604488438,D,6.3161002933762,1976-01,2,0.063161002933762
2000049,DISCBOND,5003,Fama Bliss Discount Bonds - 3-Year (Nominal),1976-01-30,81.340774898373,D,6.871541182261,1976-01,3,0.06871541182261
2000050,DISCBOND,5004,Fama Bliss Discount Bonds - 4-Year (Nominal),1976-01-30,75.058648668908,D,7.1626980001412,1976-01,4,0.071626980001412
2000051,DISCBOND,5005,Fama Bliss Discount Bonds - 5-Year (Nominal),1976-01-30,69.1179550827,D,7.3790262747539,1976-01,5,0.073790262747539
2000047,DISCBOND,5001,Fama Bliss Discount Bonds - 1-Year (Nominal),1976-02-27,94.134943732421,D,6.0111483444372,1976-02,1,0.060111483444372
2000048,DISCBOND,5002,Fama Bliss Discount Bonds - 2-Year (Nominal),1976-02-27,87.488548342092,D,6.6648541446,1976-02,2,0.06664854144599999
2000049,DISCBOND,5003,Fama Bliss Discount Bonds - 3-Year (Nominal),1976-02-27,80.926268467653,D,7.0415291279593,1976-02,3,0.07041529127959299
2000050,DISCBOND,5004,Fama Bliss Discount Bonds - 4-Year (Nominal),1976-02-27,74.96276264558,D,7.1896940186465,1976-02,4,0.071896940186465
2000051,DISCBOND,5005,Fama Bliss Discount Bonds - 5-Year (Nominal),1976-02-27,69.280863023603,D,7.3319941734276,1976-02,5,0.073319941734276
2000047,DISCBOND,5001,Fama Bliss Discount Bonds - 1-Year (Nominal),1976-03-31,94.183110153921,D,5.9929318210613,1976-03,1,0.059929318210613
2000048,DISCBOND,5002,Fama Bliss Discount Bonds - 2-Year (Nominal),1976-03-31,87.606845793504,D,6.615552138575,1976-03,2,0.06615552138575
2000049,DISCBOND,5003,Fama Bliss Discount Bonds - 3-Year (Nominal),1976-03-31,81.240417926197,D,6.9315734286663,1976-03,3,0.069315734286663
2000050,DISCBOND,5004,Fama Bliss Discount Bonds - 4-Year (Nominal),1976-03-31,75.08150325911,D,7.1599948649932,1976-03,4,0.071599948649932
2000051,DISCBOND,5005,Fama Bliss Discount Bonds - 5-Year (Nominal),1976-03-31,69.442728287004,D,7.289362125552,1976-03,5,0.07289362125552
2000047,DISCBOND,5001,Fama Bliss Discount Bonds - 1-Year (Nominal),1976-04-30,94.209152920555,D,5.9816728461722,1976-04,1,0.05981672846172201
2000048,DISCBOND,5002,Fama Bliss Discount Bonds - 2-Year (Nominal),1976-04-30,87.733747193701,D,6.5611539530246,1976-04,2,0.065611539530246
2000049,DISCBOND,5003,Fama Bliss Discount Bonds - 3-Year (Nominal),1976-04-30,81.368482835479,D,6.8727394284852,1976-04,3,0.068727394284852
2000050,DISCBOND,5004,Fama Bliss Discount Bonds - 4-Year (Nominal),1976-04-30,75.535264816118,D,7.009463034416,1976-04,4,0.07009463034416
2000051,DISCBOND,5005,Fama Bliss Discount Bonds - 5-Year (Nominal),1976-04-30,69.529442619846,D,7.2644170298384,1976-04,5,0.072644170298384
2000047,DISCBOND,5001,Fama Bliss Discount Bonds - 1-Year (Nominal),1976-05-28,93.517653501064,D,6.6473600779211,1976-05,1,0.066473600779211
2000048,DISCBOND,5002,Fama Bliss Discount Bonds - 2-Year (Nominal),1976-05-28,86.510372188959,D,7.2156402808632,1976-05,2,0.072156402808632
2000049,DISCBOND,5003,Fama Bliss Discount Bonds - 3-Year (Nominal),1976-05-28,80.056193156417,D,7.3944539536201,1976-05,3,0.073944539536201
2000050,DISCBOND,5004,Fama Bliss Discount Bonds - 4-Year (Nominal),1976-05-28,73.952864657116,D,7.528087840145,1976-05,4,0.07528087840145
2000051,DISCBOND,5005,Fama Bliss Discount Bonds - 5-Year (Nominal),1976-05-28,68.299999509148,D,7.6168612245236,1976-05,5,0.076168612245236
2000047,DISCBOND,5001,Fama Bliss Discount Bonds - 1-Year (Nominal),1976-06-30,93.854969377065,D,6.3419474148918,1976-06,1,0.063419474148918
2000048,DISCBOND,5002,Fama Bliss Discount Bonds - 2-Year (Nominal),1976-06-30,87.082005235395,D,6.9159961189448,1976-06,2,0.06915996118944799
2000049,DISCBOND,5003,Fama Bliss Discount Bonds - 3-Year (Nominal),1976-06-30,80.821428796881,D,7.1040890634229,1976-06,3,0.071040890634229
2000050,DISCBOND,5004,Fama Bliss Discount Bonds - 4-Year (Nominal),1976-06-30,74.498405604485,D,7.354774202422,1976-06,4,0.07354774202422
2000051,DISCBOND,5005,Fama Bliss Discount Bonds - 5-Year (Nominal),1976-06-30,68.846438317225,D,7.4617449964529,1976-06,5,0.074617449964529
2000047,DISCBOND,5001,Fama Bliss Discount Bonds - 1-Year (Nominal),1976-07-30,94.175088411669,D,6.0179371263998,1976-07,1,0.060179371263998
2000048,DISCBOND,5002,Fama Bliss Discount Bonds - 2-Year (Nominal),1976-07-30,87.524971599123,D,6.6531882443483,1976-07,2,0.066531882443483
2000049,DISCBOND,5003,Fama Bliss Discount Bonds - 3-Year (Nominal),1976-07-30,81.278071147213,D,6.9034934996931,1976-07,3,0.069034934996931
2000050,DISCBOND,5004,Fama Bliss Discount Bonds - 4-Year (Nominal),1976-07-30,75.072658673198,D,7.1580384660685,1976-07,4,0.071580384660685
2000051,DISCBOND,5005,Fama Bliss Discount Bonds - 5-Year (Nominal),1976-07-30,69.511365237093,D,7.2656359637371,1976-07,5,0.072656359637371
2000047,DISCBOND,5001,Fama Bliss Discount Bonds - 1-Year (Nominal),1976-08-31,94.343997950979,D,5.8222530919037,1976-08,1,0.058222530919036994
2000048,DISCBOND,5002,Fama Bliss Discount Bonds - 2-Year (Nominal),1976-08-31,87.849662021633,D,6.4771609291705,1976-08,2,0.064771609291705
2000049,DISCBOND,5003,Fama Bliss Discount Bonds - 3-Year (Nominal),1976-08-31,81.882660221538,D,6.6627647469466,1976-08,3,0.06662764746946599
2000050,DISCBOND,5004,Fama Bliss Discount Bonds - 4-Year (Nominal),1976-08-31,75.644960216978,D,6.9827672758152,1976-08,4,0.06982767275815199
2000051,DISCBOND,5005,Fama Bliss Discount Bonds - 5-Year (Nominal),1976-08-31,69.886050650092,D,7.1621576630839,1976-08,5,0.071621576630839
2000047,DISCBOND,5001,Fama Bliss Discount Bonds - 1-Year (Nominal),1976-09-30,94.438622750651,D,5.7220057203562,1976-09,1,0.057220057203562
2000048,DISCBOND,5002,Fama Bliss Discount Bonds - 2-Year (Nominal),1976-09-30,88.314446596762,D,6.2218472555176,1976-09,2,0.062218472555176006
2000049,DISCBOND,5003,Fama Bliss Discount Bonds - 3-Year (Nominal),1976-09-30,82.148425049555,D,6.5667445416837,1976-09,3,0.065667445416837
2000050,DISCBOND,5004,Fama Bliss Discount Bonds - 4-Year (Nominal),1976-09-30,76.393683645394,D,6.7271467180366,1976-09,4,0.067271467180366
2000051,DISCBOND,5005,Fama Bliss Discount Bonds - 5-Year (Nominal),1976-09-30,70.434605098166,D,7.0058708192751,1976-09,5,0.070058708192751
2000047,DISCBOND,5001,Fama Bliss Discount Bonds - 1-Year (Nominal),1976-10-29,94.693045452004,D,5.423246189684,1976-10,1,0.05423246189684
2000048,DISCBOND,5002,Fama Bliss Discount Bonds - 2-Year (Nominal),1976-10-29,88.744235744845,D,5.9542725178451,1976-10,2,0.059542725178450995
2000049,DISCBOND,5003,Fama Bliss Discount Bonds - 3-Year (Nominal),1976-10-29,82.92333347688,D,6.2304101734821,1976-10,3,0.062304101734820996
2000050,DISCBOND,5004,Fama Bliss Discount Bonds - 4-Year (Nominal),1976-10-29,77.150553748189,D,6.4719871531818,1976-10,4,0.064719871531818
2000051,DISCBOND,5005,Fama Bliss Discount Bonds - 5-Year (Nominal),1976-10-29,71.412313226334,D,6.726625847467,1976-10,5,0.06726625847467
2000047,DISCBOND,5001,Fama Bliss Discount Bonds - 1-Year (Nominal),1976-11-30,95.203937444417,D,4.9148885335798,1976-11,1,0.049148885335798004
2000048,DISCBOND,5002,Fama Bliss Discount Bonds - 2-Year (Nominal),1976-11-30,89.896305092036,D,5.3256672777488,1976-11,2,0.053256672777488
2000049,DISCBOND,5003,Fama Bliss Discount Bonds - 3-Year (Nominal),1976-11-30,84.525327630753,D,5.6039655423921,1976-11,3,0.056039655423920996
2000050,DISCBOND,5004,Fama Bliss Discount Bonds - 4-Year (Nominal),1976-11-30,79.126007102089,D,5.857226546233,1976-11,4,0.05857226546233
2000051,DISCBOND,5005,Fama Bliss Discount Bonds - 5-Year (Nominal),1976-11-30,73.876325407022,D,6.0522388941267,1976-11,5,0.060522388941267
2000047,DISCBOND,5001,Fama Bliss Discount Bonds - 1-Year (Nominal),1976-12-31,95.356657347766,D,4.7676659362509,1976-12,1,0.047676659362509
2000048,DISCBOND,5002,Fama Bliss Discount Bonds - 2-Year (Nominal),1976-12-31,89.969854596303,D,5.2992948856483,1976-12,2,0.052992948856483
2000049,DISCBOND,5003,Fama Bliss Discount Bonds - 3-Year (Nominal),1976-12-31,84.327407852562,D,5.6821085365086,1976-12,3,0.056821085365085996
2000050,DISCBOND,5004,Fama Bliss Discount Bonds - 4-Year (Nominal),1976-12-31,79.373617607369,D,5.7711509097179,1976-12,4,0.057711509097178995
2000051,DISCBOND,5005,Fama Bliss Discount Bonds - 5-Year (Nominal),1976-12-31,73.738863972085,D,6.0894670928566,1976-12,5,0.060894670928566
2000047,DISCBOND,5001,Fama Bliss Discount Bonds - 1-Year (Nominal),1977-01-31,94.56600813505,D,5.5872096541537,1977-01,1,0.055872096541537
2000048,DISCBOND,5002,Fama Bliss Discount Bonds - 2-Year (Nominal),1977-01-31,88.556424092356,D,6.0765138381935,1977-01,2,0.060765138381935
2000049,DISCBOND,5003,Fama Bliss Discount Bonds - 3-Year (Nominal),1977-01-31,82.331004227657,D,6.4807477651837,1977-01,3,0.064807477651837
2000050,DISCBOND,5004,Fama Bliss Discount Bonds - 4-Year (Nominal),1977-01-31,76.452553682118,D,6.7124962718272,1977-01,4,0.067124962718272
2000051,DISCBOND,5005,Fama Bliss Discount Bonds - 5-Year (Nominal),1977-01-31,71.354676412919,D,6.7538466699839,1977-01,5,0.067538466699839
2000047,DISCBOND,5001,Fama Bliss Discount Bonds - 1-Year (Nominal),1977-02-28,94.688467056666,D,5.457797719685,1977-02,1,0.05457797719685
2000048,DISCBOND,5002,Fama Bliss Discount Bonds - 2-Year (Nominal),1977-02-28,88.712972012493,D,5.9882030726171,1977-02,2,0.059882030726171
2000049,DISCBOND,5003,Fama Bliss Discount Bonds - 3-Year (Nominal),1977-02-28,82.484439431398,D,6.4128279090988,1977-02,3,0.064128279090988
2000050,DISCBOND,5004,Fama Bliss Discount Bonds - 4-Year (Nominal),1977-02-28,76.311534197462,D,6.7586522521592,1977-02,4,0.067586522521592
2000051,DISCBOND,5005,Fama Bliss Discount Bonds - 5-Year (Nominal),1977-02-28,70.919015042201,D,6.8763996369397,1977-02,5,0.068763996369397
2000047,DISCBOND,5001,Fama Bliss Discount Bonds - 1-Year (Nominal),1977-03-31,94.788841021658,D,5.3518494397575,1977-03,1,0.053518494397575
2000048,DISCBOND,5002,Fama Bliss Discount Bonds - 2-Year (Nominal),1977-03-31,88.857297043,D,5.915028128191,1977-03,2,0.05915028128191
2000049,DISCBOND,5003,Fama Bliss Discount Bonds - 3-Year (Nominal),1977-03-31,82.63808386019,D,6.3508519937893,1977-03,3,0.063508519937893
2000050,DISCBOND,5004,Fama Bliss Discount Bonds - 4-Year (Nominal),1977-03-31,76.56394217757,D,6.6715293306206,1977-03,4,0.066715293306206
2000051,DISCBOND,5005,Fama Bliss Discount Bonds - 5-Year (Nominal),1977-03-31,70.962634338125,D,6.8565772388158,1977-03,5,0.068565772388158
2000047,DISCBOND,5001,Fama Bliss Discount Bonds - 1-Year (Nominal),1977-04-29,94.732676299328,D,5.4259854171285,1977-04,1,0.054259854171284996
2000048,DISCBOND,5002,Fama Bliss Discount Bonds - 2-Year (Nominal),1977-04-29,88.675619971799,D,6.0010391079951,1977-04,2,0.06001039107995101
2000049,DISCBOND,5003,Fama Bliss Discount Bonds - 3-Year (Nominal),1977-04-29,82.728943953379,D,6.308499535505,1977-04,3,0.06308499535505
2000050,DISCBOND,5004,Fama Bliss Discount Bonds - 4-Year (Nominal),1977-04-29,76.434101011026,D,6.709340169444,1977-04,4,0.06709340169444
2000051,DISCBOND,5005,Fama Bliss Discount Bonds - 5-Year (Nominal),1977-04-29,71.042276682688,D,6.8304153558672,1977-04,5,0.068304153558672
2000047,DISCBOND,5001,Fama Bliss Discount Bonds - 1-Year (Nominal),1977-05-31,94.511014066339,D,5.6453807313379,1977-05,1,0.056453807313379
2000048,DISCBOND,5002,Fama Bliss Discount Bonds - 2-Year (Nominal),1977-05-31,88.548226673522,D,6.081142411641,1977-05,2,0.06081142411641
2000049,DISCBOND,5003,Fama Bliss Discount Bonds - 3-Year (Nominal),1977-05-31,82.698573674941,D,6.33226122488,1977-05,3,0.0633226122488
2000050,DISCBOND,5004,Fama Bliss Discount Bonds - 4-Year (Nominal),1977-05-31,76.648726992957,D,6.6529869103146,1977-05,4,0.066529869103146
2000051,DISCBOND,5005,Fama Bliss Discount Bonds - 5-Year (Nominal),1977-05-31,71.209918339887,D,6.7982117269037,1977-05,5,0.067982117269037
2000047,DISCBOND,5001,Fama Bliss Discount Bonds - 1-Year (Nominal),1977-06-30,94.545009699934,D,5.6094171758971,1977-06,1,0.056094171758971
2000048,DISCBOND,5002,Fama Bliss Discount Bonds - 2-Year (Nominal),1977-06-30,88.757109651245,D,5.9715127543228,1977-06,2,0.059715127543228004
2000049,DISCBOND,5003,Fama Bliss Discount Bonds - 3-Year (Nominal),1977-06-30,83.083053637759,D,6.1720114522517,1977-06,3,0.061720114522516994
2000050,DISCBOND,5004,Fama Bliss Discount Bonds - 4-Year (Nominal),1977-06-30,77.204850362594,D,6.4632708082024,1977-06,4,0.064632708082024
2000051,DISCBOND,5005,Fama Bliss Discount Bonds - 5-Year (Nominal),1977-06-30,71.824194789965,D,6.6153507754577,1977-06,5,0.066153507754577
2000047,DISCBOND,5001,Fama Bliss Discount Bonds - 1-Year (Nominal),1977-07-29,94.032951205935,D,6.118963462088,1977-07,1,0.06118963462088
2000048,DISCBOND,5002,Fama Bliss Discount Bonds - 2-Year (Nominal),1977-07-29,88.004512921842,D,6.3716480592331,1977-07,2,0.063716480592331
2000049,DISCBOND,5003,Fama Bliss Discount Bonds - 3-Year (Nominal),1977-07-29,82.20959131624,D,6.5120988579969,1977-07,3,0.06512098857996901
2000050,DISCBOND,5004,Fama Bliss Discount Bonds - 4-Year (Nominal),1977-07-29,76.198629599273,D,6.7817326422634,1977-07,4,0.067817326422634
2000051,DISCBOND,5005,Fama Bliss Discount Bonds - 5-Year (Nominal),1977-07-29,70.77063514084,D,6.9069512663212,1977-07,5,0.069069512663212
2000047,DISCBOND,5001,Fama Bliss Discount Bonds - 1-Year (Nominal),1977-08-31,93.954004080734,D,6.2364841763417,1977-08,1,0.062364841763417
2000048,DISCBOND,5002,Fama Bliss Discount Bonds - 2-Year (Nominal),1977-08-31,87.843412969873,D,6.4807177294387,1977-08,2,0.064807177294387
2000049,DISCBOND,5003,Fama Bliss Discount Bonds - 3-Year (Nominal),1977-08-31,82.010005450009,D,6.617006950277,1977-08,3,0.06617006950277
2000050,DISCBOND,5004,Fama Bliss Discount Bonds - 4-Year (Nominal),1977-08-31,76.286032614677,D,6.7623764690778,1977-08,4,0.06762376469077801
2000051,DISCBOND,5005,Fama Bliss Discount Bonds - 5-Year (Nominal),1977-08-31,71.019349362941,D,6.8406078982495,1977-08,5,0.068406078982495
2000047,DISCBOND,5001,Fama Bliss Discount Bonds - 1-Year (Nominal),1977-09-30,93.743111315413,D,6.4789511520507,1977-09,1,0.064789511520507
2000048,DISCBOND,5002,Fama Bliss Discount Bonds - 2-Year (Nominal),1977-09-30,87.499613011446,D,6.6951338971945,1977-09,2,0.066951338971945
2000049,DISCBOND,5003,Fama Bliss Discount Bonds - 3-Year (Nominal),1977-09-30,81.55721080738,D,6.7893146183007,1977-09,3,0.067893146183007
2000050,DISCBOND,5004,Fama Bliss Discount Bonds - 4-Year (Nominal),1977-09-30,75.908588903637,D,6.8862921971565,1977-09,4,0.068862921971565
2000051,DISCBOND,5005,Fama Bliss Discount Bonds - 5-Year (Nominal),1977-09-30,70.480206852639,D,6.992933419611,1977-09,5,0.06992933419611
2000047,DISCBOND,5001,Fama Bliss Discount Bonds - 1-Year (Nominal),1977-10-31,93.4425105423,D,6.7823799307856,1977-10,1,0.06782379930785601
2000048,DISCBOND,5002,Fama Bliss Discount Bonds - 2-Year (Nominal),1977-10-31,86.902087921613,D,7.0194063644737,1977-10,2,0.070194063644737
2000049,DISCBOND,5003,Fama Bliss Discount Bonds - 3-Year (Nominal),1977-10-31,80.745500212524,D,7.1224274674183,1977-10,3,0.07122427467418299
2000050,DISCBOND,5004,Fama Bliss Discount Bonds - 4-Year (Nominal),1977-10-31,74.93385044331,D,7.2141113931655,1977-10,4,0.072141113931655
2000051,DISCBOND,5005,Fama Bliss Discount Bonds - 5-Year (Nominal),1977-10-31,69.524935472121,D,7.2736797343403,1977-10,5,0.072736797343403
2000047,DISCBOND,5001,Fama Bliss Discount Bonds - 1-Year (Nominal),1977-11-30,93.589316259084,D,6.6253951550457,1977-11,1,0.066253951550457
2000048,DISCBOND,5002,Fama Bliss Discount Bonds - 2-Year (Nominal),1977-11-30,86.965074068325,D,6.9831797712821,1977-11,2,0.069831797712821
2000049,DISCBOND,5003,Fama Bliss Discount Bonds - 3-Year (Nominal),1977-11-30,80.954680192624,D,7.0491270036256,1977-11,3,0.07049127003625599
2000050,DISCBOND,5004,Fama Bliss Discount Bonds - 4-Year (Nominal),1977-11-30,75.193936791951,D,7.1226113112516,1977-11,4,0.07122611311251599
2000051,DISCBOND,5005,Fama Bliss Discount Bonds - 5-Year (Nominal),1977-11-30,69.758376481026,D,7.1987088618682,1977-11,5,0.071987088618682
2000047,DISCBOND,5001,Fama Bliss Discount Bonds - 1-Year (Nominal),1977-12-30,93.411016737454,D,6.8348153731234,1977-12,1,0.068348153731234
2000048,DISCBOND,5002,Fama Bliss Discount Bonds - 2-Year (Nominal),1977-12-30,86.778238606636,D,7.0810151520542,1977-12,2,0.070810151520542
2000049,DISCBOND,5003,Fama Bliss Discount Bonds - 3-Year (Nominal),1977-12-30,80.627818627493,D,7.1644625939685,1977-12,3,0.071644625939685
2000050,DISCBOND,5004,Fama Bliss Discount Bonds - 4-Year (Nominal),1977-12-30,74.579426834541,D,7.3226064659542,1977-12,4,0.073226064659542
2000051,DISCBOND,5005,Fama Bliss Discount Bonds - 5-Year (Nominal),1977-12-30,68.879355983579,D,7.4481111404254,1977-12,5,0.07448111140425401
2000047,DISCBOND,5001,Fama Bliss Discount Bonds - 1-Year (Nominal),1978-01-31,93.174077146156,D,7.0700645193896,1978-01,1,0.070700645193896
2000048,DISCBOND,5002,Fama Bliss Discount Bonds - 2-Year (Nominal),1978-01-31,86.370540745301,D,7.3261765957718,1978-01,2,0.073261765957718
2000049,DISCBOND,5003,Fama Bliss Discount Bonds - 3-Year (Nominal),1978-01-31,80.079928919145,D,7.4048315075009,1978-01,3,0.074048315075009
2000050,DISCBOND,5004,Fama Bliss Discount Bonds - 4-Year (Nominal),1978-01-31,73.988681849958,D,7.5366137704007,1978-01,4,0.07536613770400699
2000051,DISCBOND,5005,Fama Bliss Discount Bonds - 5-Year (Nominal),1978-01-31,68.409624209335,D,7.5889747422578,1978-01,5,0.07588974742257801
2000047,DISCBOND,5001,Fama Bliss Discount Bonds - 1-Year (Nominal),1978-02-28,93.115116603289,D,7.133364535508,1978-02,1,0.07133364535508
2000048,DISCBOND,5002,Fama Bliss Discount Bonds - 2-Year (Nominal),1978-02-28,86.188798933628,D,7.4213317896603,1978-02,2,0.074213317896603
2000049,DISCBOND,5003,Fama Bliss Discount Bonds - 3-Year (Nominal),1978-02-28,79.711904218542,D,7.5583751753575,1978-02,3,0.075583751753575
2000050,DISCBOND,5004,Fama Bliss Discount Bonds - 4-Year (Nominal),1978-02-28,73.623175336356,D,7.6605055111382,1978-02,4,0.07660505511138199
2000051,DISCBOND,5005,Fama Bliss Discount Bonds - 5-Year (Nominal),1978-02-28,67.947400082078,D,7.7244933191673,1978-02,5,0.077244933191673
2000047,DISCBOND,5001,Fama Bliss Discount Bonds - 1-Year (Nominal),1978-03-31,93.105316499305,D,7.16351619707,1978-03,1,0.0716351619707
2000048,DISCBOND,5002,Fama Bliss Discount Bonds - 2-Year (Nominal),1978-03-31,85.964616262596,D,7.5513763307607,1978-03,2,0.07551376330760701
2000049,DISCBOND,5003,Fama Bliss Discount Bonds - 3-Year (Nominal),1978-03-31,79.496737424915,D,7.6414952369629,1978-03,3,0.076414952369629
2000050,DISCBOND,5004,Fama Bliss Discount Bonds - 4-Year (Nominal),1978-03-31,73.322872053714,D,7.752130304165,1978-03,4,0.07752130304165
2000051,DISCBOND,5005,Fama Bliss Discount Bonds - 5-Year (Nominal),1978-03-31,67.784247743928,D,7.7725478633998,1978-03,5,0.077725478633998
2000047,DISCBOND,5001,Fama Bliss Discount Bonds - 1-Year (Nominal),1978-04-28,92.87455977234,D,7.3517586738621,1978-04,1,0.073517586738621
2000048,DISCBOND,5002,Fama Bliss Discount Bonds - 2-Year (Nominal),1978-04-28,85.832203491131,D,7.6075321881613,1978-04,2,0.07607532188161299
2000049,DISCBOND,5003,Fama Bliss Discount Bonds - 3-Year (Nominal),1978-04-28,79.175712188526,D,7.7620872382913,1978-04,3,0.077620872382913
2000050,DISCBOND,5004,Fama Bliss Discount Bonds - 4-Year (Nominal),1978-04-28,73.073863850199,D,7.8264039378097,1978-04,4,0.078264039378097
2000051,DISCBOND,5005,Fama Bliss Discount Bonds - 5-Year (Nominal),1978-04-28,67.321073573079,D,7.9052740110003,1978-04,5,0.079052740110003
2000047,DISCBOND,5001,Fama Bliss Discount Bonds - 1-Year (Nominal),1978-05-31,92.530599461178,D,7.7630791187909,1978-05,1,0.077630791187909
2000048,DISCBOND,5002,Fama Bliss Discount Bonds - 2-Year (Nominal),1978-05-31,85.322396547504,D,7.9366601924733,1978-05,2,0.07936660192473301
2000049,DISCBOND,5003,Fama Bliss Discount Bonds - 3-Year (Nominal),1978-05-31,78.738708521334,D,7.9751263194668,1978-05,3,0.079751263194668
2000050,DISCBOND,5004,Fama Bliss Discount Bonds - 4-Year (Nominal),1978-05-31,72.594766719551,D,8.0179172043935,1978-05,4,0.080179172043935
2000051,DISCBOND,5005,Fama Bliss Discount Bonds - 5-Year (Nominal),1978-05-31,66.612336386955,D,8.1211576803747,1978-05,5,0.08121157680374701
2000047,DISCBOND,5001,Fama Bliss Discount Bonds - 1-Year (Nominal),1978-06-30,92.153767694851,D,8.1936102267436,1978-06,1,0.081936102267436
2000048,DISCBOND,5002,Fama Bliss Discount Bonds - 2-Year (Nominal),1978-06-30,84.703258966225,D,8.2894500372858,1978-06,2,0.082894500372858
2000049,DISCBOND,5003,Fama Bliss Discount Bonds - 3-Year (Nominal),1978-06-30,77.92908512312,D,8.304780659662,1978-06,3,0.08304780659662
2000050,DISCBOND,5004,Fama Bliss Discount Bonds - 4-Year (Nominal),1978-06-30,71.718093027932,D,8.304990006554,1978-06,4,0.08304990006554
2000051,DISCBOND,5005,Fama Bliss Discount Bonds - 5-Year (Nominal),1978-06-30,65.982150836654,D,8.3111641180824,1978-06,5,0.08311164118082401
2000047,DISCBOND,5001,Fama Bliss Discount Bonds - 1-Year (Nominal),1978-07-31,92.265221964036,D,8.0502908939514,1978-07,1,0.080502908939514
2000048,DISCBOND,5002,Fama Bliss Discount Bonds - 2-Year (Nominal),1978-07-31,84.724292234447,D,8.2770527058243,1978-07,2,0.082770527058243
2000049,DISCBOND,5003,Fama Bliss Discount Bonds - 3-Year (Nominal),1978-07-31,78.056615931059,D,8.250325035246,1978-07,3,0.08250325035246
2000050,DISCBOND,5004,Fama Bliss Discount Bonds - 4-Year (Nominal),1978-07-31,72.006982015884,D,8.2101774807682,1978-07,4,0.08210177480768201
2000051,DISCBOND,5005,Fama Bliss Discount Bonds - 5-Year (Nominal),1978-07-31,66.226219683,D,8.2463931063957,1978-07,5,0.08246393106395701
2000047,DISCBOND,5001,Fama Bliss Discount Bonds - 1-Year (Nominal),1978-08-31,92.077645605535,D,8.2537990911626,1978-08,1,0.082537990911626
2000048,DISCBOND,5002,Fama Bliss Discount Bonds - 2-Year (Nominal),1978-08-31,84.792778102441,D,8.2593046443762,1978-08,2,0.082593046443762
2000049,DISCBOND,5003,Fama Bliss Discount Bonds - 3-Year (Nominal),1978-08-31,78.268163784743,D,8.160190051088,1978-08,3,0.08160190051088
2000050,DISCBOND,5004,Fama Bliss Discount Bonds - 4-Year (Nominal),1978-08-31,72.097772788351,D,8.1730780051566,1978-08,4,0.081730780051566
2000051,DISCBOND,5005,Fama Bliss Discount Bonds - 5-Year (Nominal),1978-08-31,66.391330350354,D,8.1875874880123,1978-08,5,0.08187587488012299
2000047,DISCBOND,5001,Fama Bliss Discount Bonds - 1-Year (Nominal),1978-09-29,91.824073041753,D,8.5530021784014,1978-09,1,0.08553002178401399
2000048,DISCBOND,5002,Fama Bliss Discount Bonds - 2-Year (Nominal),1978-09-29,84.452266897868,D,8.4260999913379,1978-09,2,0.084260999913379
2000049,DISCBOND,5003,Fama Bliss Discount Bonds - 3-Year (Nominal),1978-09-29,78.05105768063,D,8.2451732244941,1978-09,3,0.082451732244941
2000050,DISCBOND,5004,Fama Bliss Discount Bonds - 4-Year (Nominal),1978-09-29,71.80449492754,D,8.2692499950896,1978-09,4,0.082692499950896
2000051,DISCBOND,5005,Fama Bliss Discount Bonds - 5-Year (Nominal),1978-09-29,66.082893406613,D,8.2761356209699,1978-09,5,0.08276135620969899
2000047,DISCBOND,5001,Fama Bliss Discount Bonds - 1-Year (Nominal),1978-10-31,90.931826627365,D,9.5060118171326,1978-10,1,0.09506011817132601
2000048,DISCBOND,5002,Fama Bliss Discount Bonds - 2-Year (Nominal),1978-10-31,83.114738724311,D,9.2347566024151,1978-10,2,0.092347566024151
2000049,DISCBOND,5003,Fama Bliss Discount Bonds - 3-Year (Nominal),1978-10-31,76.19609921177,D,9.0619974718155,1978-10,3,0.090619974718155
2000050,DISCBOND,5004,Fama Bliss Discount Bonds - 4-Year (Nominal),1978-10-31,69.789062715014,D,8.9984858960004,1978-10,4,0.089984858960004
2000051,DISCBOND,5005,Fama Bliss Discount Bonds - 5-Year (Nominal),1978-10-31,64.64890862526,D,8.7192013186404,1978-10,5,0.08719201318640399
2000047,DISCBOND,5001,Fama Bliss Discount Bonds - 1-Year (Nominal),1978-11-30,90.715912256239,D,9.7437405927731,1978-11,1,0.09743740592773101
2000048,DISCBOND,5002,Fama Bliss Discount Bonds - 2-Year (Nominal),1978-11-30,83.070787862766,D,9.2865751211323,1978-11,2,0.092865751211323
2000049,DISCBOND,5003,Fama Bliss Discount Bonds - 3-Year (Nominal),1978-11-30,76.596959750348,D,8.8789850302008,1978-11,3,0.088789850302008
2000050,DISCBOND,5004,Fama Bliss Discount Bonds - 4-Year (Nominal),1978-11-30,70.62171521852,D,8.6898609313614,1978-11,4,0.086898609313614
2000051,DISCBOND,5005,Fama Bliss Discount Bonds - 5-Year (Nominal),1978-11-30,65.254629891838,D,8.5327879472196,1978-11,5,0.085327879472196
2000047,DISCBOND,5001,Fama Bliss Discount Bonds - 1-Year (Nominal),1978-12-29,90.304953470279,D,10.142213346259,1978-12,1,0.10142213346259
2000048,DISCBOND,5002,Fama Bliss Discount Bonds - 2-Year (Nominal),1978-12-29,82.416883173643,D,9.6294210558371,1978-12,2,0.096294210558371
2000049,DISCBOND,5003,Fama Bliss Discount Bonds - 3-Year (Nominal),1978-12-29,75.453984208481,D,9.3625888828413,1978-12,3,0.093625888828413
2000050,DISCBOND,5004,Fama Bliss Discount Bonds - 4-Year (Nominal),1978-12-29,69.458528003317,D,9.0923254340134,1978-12,4,0.090923254340134
2000051,DISCBOND,5005,Fama Bliss Discount Bonds - 5-Year (Nominal),1978-12-29,63.685500370455,D,9.0143866068316,1978-12,5,0.090143866068316
2000047,DISCBOND,5001,Fama Bliss Discount Bonds - 1-Year (Nominal),1979-01-31,90.682236101777,D,9.7808701391913,1979-01,1,0.097808701391913
2000048,DISCBOND,5002,Fama Bliss Discount Bonds - 2-Year (Nominal),1979-01-31,82.913287483321,D,9.3687426708982,1979-01,2,0.093687426708982
2000049,DISCBOND,5003,Fama Bliss Discount Bonds - 3-Year (Nominal),1979-01-31,76.532220624909,D,8.9234272025875,1979-01,3,0.08923427202587501
2000050,DISCBOND,5004,Fama Bliss Discount Bonds - 4-Year (Nominal),1979-01-31,70.572940587648,D,8.7071212338911,1979-01,4,0.08707121233891099
2000051,DISCBOND,5005,Fama Bliss Discount Bonds - 5-Year (Nominal),1979-01-31,64.712664791198,D,8.6994980167679,1979-01,5,0.086994980167679
2000047,DISCBOND,5001,Fama Bliss Discount Bonds - 1-Year (Nominal),1979-02-28,90.545523677267,D,9.9046080875558,1979-02,1,0.09904608087555801
2000048,DISCBOND,5002,Fama Bliss Discount Bonds - 2-Year (Nominal),1979-02-28,82.520956360422,D,9.605895420711,1979-02,2,0.09605895420711001
2000049,DISCBOND,5003,Fama Bliss Discount Bonds - 3-Year (Nominal),1979-02-28,76.283270054147,D,9.0321327359419,1979-02,3,0.090321327359419
2000050,DISCBOND,5004,Fama Bliss Discount Bonds - 4-Year (Nominal),1979-02-28,69.676292584046,D,9.0265691516472,1979-02,4,0.090265691516472
2000051,DISCBOND,5005,Fama Bliss Discount Bonds - 5-Year (Nominal),1979-02-28,63.621196435521,D,9.03456890629,1979-02,5,0.0903456890629
2000047,DISCBOND,5001,Fama Bliss Discount Bonds - 1-Year (Nominal),1979-03-30,90.818383793874,D,9.5783614288681,1979-03,1,0.095783614288681
2000048,DISCBOND,5002,Fama Bliss Discount Bonds - 2-Year (Nominal),1979-03-30,82.765099404334,D,9.4323440923915,1979-03,2,0.094323440923915
2000049,DISCBOND,5003,Fama Bliss Discount Bonds - 3-Year (Nominal),1979-03-30,76.208052077288,D,9.0402567073285,1979-03,3,0.09040256707328499
2000050,DISCBOND,5004,Fama Bliss Discount Bonds - 4-Year (Nominal),1979-03-30,69.888549479113,D,8.9444564219499,1979-03,4,0.08944456421949899
2000051,DISCBOND,5005,Fama Bliss Discount Bonds - 5-Year (Nominal),1979-03-30,64.003198648686,D,8.9149725939817,1979-03,5,0.089149725939817
2000047,DISCBOND,5001,Fama Bliss Discount Bonds - 1-Year (Nominal),1979-04-30,90.675349772758,D,9.7617201276098,1979-04,1,0.097617201276098
2000048,DISCBOND,5002,Fama Bliss Discount Bonds - 2-Year (Nominal),1979-04-30,82.456703352664,D,9.6316479020303,1979-04,2,0.096316479020303
2000049,DISCBOND,5003,Fama Bliss Discount Bonds - 3-Year (Nominal),1979-04-30,75.920657733867,D,9.1743342581514,1979-04,3,0.09174334258151401
2000050,DISCBOND,5004,Fama Bliss Discount Bonds - 4-Year (Nominal),1979-04-30,69.509136635165,D,9.0927994920322,1979-04,4,0.090927994920322
2000051,DISCBOND,5005,Fama Bliss Discount Bonds - 5-Year (Nominal),1979-04-30,63.555935497016,D,9.0550724361805,1979-04,5,0.090550724361805
2000047,DISCBOND,5001,Fama Bliss Discount Bonds - 1-Year (Nominal),1979-05-31,90.827497002896,D,9.6208115796356,1979-05,1,0.09620811579635599
2000048,DISCBOND,5002,Fama Bliss Discount Bonds - 2-Year (Nominal),1979-05-31,83.08876041655,D,9.2757438401524,1979-05,2,0.09275743840152399
2000049,DISCBOND,5003,Fama Bliss Discount Bonds - 3-Year (Nominal),1979-05-31,76.810850296371,D,8.810234340811,1979-05,3,0.08810234340811
2000050,DISCBOND,5004,Fama Bliss Discount Bonds - 4-Year (Nominal),1979-05-31,70.289560520074,D,8.8076399988878,1979-05,4,0.08807639998887799
2000051,DISCBOND,5005,Fama Bliss Discount Bonds - 5-Year (Nominal),1979-05-31,64.76648305068,D,8.6781287173232,1979-05,5,0.086781287173232
2000047,DISCBOND,5001,Fama Bliss Discount Bonds - 1-Year (Nominal),1979-06-29,91.249610861629,D,9.1072430881657,1979-06,1,0.091072430881657
2000048,DISCBOND,5002,Fama Bliss Discount Bonds - 2-Year (Nominal),1979-06-29,84.102986119782,D,8.6327544618674,1979-06,2,0.086327544618674
2000049,DISCBOND,5003,Fama Bliss Discount Bonds - 3-Year (Nominal),1979-06-29,77.394703759626,D,8.5261549089118,1979-06,3,0.085261549089118
2000050,DISCBOND,5004,Fama Bliss Discount Bonds - 4-Year (Nominal),1979-06-29,71.167002195957,D,8.4918904801495,1979-06,4,0.084918904801495
2000051,DISCBOND,5005,Fama Bliss Discount Bonds - 5-Year (Nominal),1979-06-29,65.866604586167,D,8.3416310555421,1979-06,5,0.08341631055542101
2000047,DISCBOND,5001,Fama Bliss Discount Bonds - 1-Year (Nominal),1979-07-31,90.99052301105,D,9.4156865803638,1979-07,1,0.09415686580363801
2000048,DISCBOND,5002,Fama Bliss Discount Bonds - 2-Year (Nominal),1979-07-31,83.427484775099,D,9.0472254291986,1979-07,2,0.09047225429198599
2000049,DISCBOND,5003,Fama Bliss Discount Bonds - 3-Year (Nominal),1979-07-31,76.814857013564,D,8.792404056907,1979-07,3,0.08792404056907
2000050,DISCBOND,5004,Fama Bliss Discount Bonds - 4-Year (Nominal),1979-07-31,70.597846963899,D,8.7102298225091,1979-07,4,0.08710229822509101
2000051,DISCBOND,5005,Fama Bliss Discount Bonds - 5-Year (Nominal),1979-07-31,65.072239774578,D,8.5840358087429,1979-07,5,0.085840358087429
2000047,DISCBOND,5001,Fama Bliss Discount Bonds - 1-Year (Nominal),1979-08-31,90.460217621191,D,10.053546029451,1979-08,1,0.10053546029451
2000048,DISCBOND,5002,Fama Bliss Discount Bonds - 2-Year (Nominal),1979-08-31,82.595709641213,D,9.5475436104498,1979-08,2,0.095475436104498
2000049,DISCBOND,5003,Fama Bliss Discount Bonds - 3-Year (Nominal),1979-08-31,75.818167162374,D,9.2193225587118,1979-08,3,0.09219322558711801
2000050,DISCBOND,5004,Fama Bliss Discount Bonds - 4-Year (Nominal),1979-08-31,69.630097644888,D,9.0431381414485,1979-08,4,0.090431381414485
2000051,DISCBOND,5005,Fama Bliss Discount Bonds - 5-Year (Nominal),1979-08-31,64.208579788957,D,8.8509670906677,1979-08,5,0.088509670906677
2000047,DISCBOND,5001,Fama Bliss Discount Bonds - 1-Year (Nominal),1979-09-28,89.881423776906,D,10.580923162079,1979-09,1,0.10580923162078999
2000048,DISCBOND,5002,Fama Bliss Discount Bonds - 2-Year (Nominal),1979-09-28,82.185339603319,D,9.7695139828373,1979-09,2,0.097695139828373
2000049,DISCBOND,5003,Fama Bliss Discount Bonds - 3-Year (Nominal),1979-09-28,75.151348612469,D,9.4961871299301,1979-09,3,0.09496187129930099
2000050,DISCBOND,5004,Fama Bliss Discount Bonds - 4-Year (Nominal),1979-09-28,69.120552258783,D,9.214018898423,1979-09,4,0.09214018898422999
2000051,DISCBOND,5005,Fama Bliss Discount Bonds - 5-Year (Nominal),1979-09-28,63.443596523636,D,9.0904161964325,1979-09,5,0.09090416196432499
2000047,DISCBOND,5001,Fama Bliss Discount Bonds - 1-Year (Nominal),1979-10-31,88.290602899507,D,12.419624567164,1979-10,1,0.12419624567164
2000048,DISCBOND,5002,Fama Bliss Discount Bonds - 2-Year (Nominal),1979-10-31,79.233732881152,D,11.638402881471,1979-10,2,0.11638402881471001
2000049,DISCBOND,5003,Fama Bliss Discount Bonds - 3-Year (Nominal),1979-10-31,71.440059765221,D,11.220627133079,1979-10,3,0.11220627133079
2000050,DISCBOND,5004,Fama Bliss Discount Bonds - 4-Year (Nominal),1979-10-31,64.858377280799,D,10.816694155224,1979-10,4,0.10816694155224
2000051,DISCBOND,5005,Fama Bliss Discount Bonds - 5-Year (Nominal),1979-10-31,58.784018258492,D,10.61437105283,1979-10,5,0.1061437105283
2000047,DISCBOND,5001,Fama Bliss Discount Bonds - 1-Year (Nominal),1979-11-30,89.447232136022,D,11.182770187221,1979-11,1,0.11182770187220999
2000048,DISCBOND,5002,Fama Bliss Discount Bonds - 2-Year (Nominal),1979-11-30,80.282145460891,D,10.9661248272,1979-11,2,0.109661248272
2000049,DISCBOND,5003,Fama Bliss Discount Bonds - 3-Year (Nominal),1979-11-30,73.725843549839,D,10.151289477813,1979-11,3,0.10151289477813
2000050,DISCBOND,5004,Fama Bliss Discount Bonds - 4-Year (Nominal),1979-11-30,67.125033904119,D,9.9585075311581,1979-11,4,0.09958507531158099
2000051,DISCBOND,5005,Fama Bliss Discount Bonds - 5-Year (Nominal),1979-11-30,60.722578387918,D,9.9661698931797,1979-11,5,0.099661698931797
2000047,DISCBOND,5001,Fama Bliss Discount Bonds - 1-Year (Nominal),1979-12-31,89.416014109476,D,11.156473688965,1979-12,1,0.11156473688965
2000048,DISCBOND,5002,Fama Bliss Discount Bonds - 2-Year (Nominal),1979-12-31,80.490959204213,D,10.836421412756,1979-12,2,0.10836421412755999
2000049,DISCBOND,5003,Fama Bliss Discount Bonds - 3-Year (Nominal),1979-12-31,73.234460819395,D,10.373996437164,1979-12,3,0.10373996437163999
2000050,DISCBOND,5004,Fama Bliss Discount Bonds - 4-Year (Nominal),1979-12-31,66.725187127387,D,10.114692156113,1979-12,4,0.10114692156112999
2000051,DISCBOND,5005,Fama Bliss Discount Bonds - 5-Year (Nominal),1979-12-31,60.749752154033,D,9.9572315549245,1979-12,5,0.09957231554924499
2000047,DISCBOND,5001,Fama Bliss Discount Bonds - 1-Year (Nominal),1980-01-31,89.034205916078,D,11.614955395846,1980-01,1,0.11614955395846
2000048,DISCBOND,5002,Fama Bliss Discount Bonds - 2-Year (Nominal),1980-01-31,79.689213538518,D,11.367369111143,1980-01,2,0.11367369111143001
2000049,DISCBOND,5003,Fama Bliss Discount Bonds - 3-Year (Nominal),1980-01-31,72.350658239229,D,10.77834503166,1980-01,3,0.10778345031660001
2000050,DISCBOND,5004,Fama Bliss Discount Bonds - 4-Year (Nominal),1980-01-31,65.183947215284,D,10.691601120183,1980-01,4,0.10691601120183
2000051,DISCBOND,5005,Fama Bliss Discount Bonds - 5-Year (Nominal),1980-01-31,58.854885713074,D,10.590300823601,1980-01,5,0.10590300823601
2000047,DISCBOND,5001,Fama Bliss Discount Bonds - 1-Year (Nominal),1980-02-29,86.634294280779,D,14.386860789131,1980-02,1,0.14386860789130998
2000048,DISCBOND,5002,Fama Bliss Discount Bonds - 2-Year (Nominal),1980-02-29,76.122612969162,D,13.678717402832,1980-02,2,0.13678717402832
2000049,DISCBOND,5003,Fama Bliss Discount Bonds - 3-Year (Nominal),1980-02-29,67.203013962015,D,13.248403356151,1980-02,3,0.13248403356151
2000050,DISCBOND,5004,Fama Bliss Discount Bonds - 4-Year (Nominal),1980-02-29,60.214600950155,D,12.672703411987,1980-02,4,0.12672703411987
2000051,DISCBOND,5005,Fama Bliss Discount Bonds - 5-Year (Nominal),1980-02-29,54.322156499208,D,12.198075802496,1980-02,5,0.12198075802496
2000047,DISCBOND,5001,Fama Bliss Discount Bonds - 1-Year (Nominal),1980-03-31,86.174256107216,D,14.879870597269,1980-03,1,0.14879870597269002
2000048,DISCBOND,5002,Fama Bliss Discount Bonds - 2-Year (Nominal),1980-03-31,75.604936420707,D,13.982430418207,1980-03,2,0.13982430418207
2000049,DISCBOND,5003,Fama Bliss Discount Bonds - 3-Year (Nominal),1980-03-31,67.673061286733,D,13.016066998077,1980-03,3,0.13016066998077
2000050,DISCBOND,5004,Fama Bliss Discount Bonds - 4-Year (Nominal),1980-03-31,61.190111852704,D,12.279614513952,1980-03,4,0.12279614513952
2000051,DISCBOND,5005,Fama Bliss Discount Bonds - 5-Year (Nominal),1980-03-31,54.255642001088,D,12.235968411635,1980-03,5,0.12235968411635
2000047,DISCBOND,5001,Fama Bliss Discount Bonds - 1-Year (Nominal),1980-04-30,90.145365215747,D,10.374664957668,1980-04,1,0.10374664957667999
2000048,DISCBOND,5002,Fama Bliss Discount Bonds - 2-Year (Nominal),1980-04-30,81.037208285811,D,10.513088761833,1980-04,2,0.10513088761833
2000049,DISCBOND,5003,Fama Bliss Discount Bonds - 3-Year (Nominal),1980-04-30,73.700773432892,D,10.181193908914,1980-04,3,0.10181193908914
2000050,DISCBOND,5004,Fama Bliss Discount Bonds - 4-Year (Nominal),1980-04-30,66.971715747427,D,10.015635420817,1980-04,4,0.10015635420817
2000051,DISCBOND,5005,Fama Bliss Discount Bonds - 5-Year (Nominal),1980-04-30,60.115858626765,D,10.172355950763,1980-04,5,0.10172355950763
2000047,DISCBOND,5001,Fama Bliss Discount Bonds - 1-Year (Nominal),1980-05-30,91.849779710756,D,8.524933629016,1980-05,1,0.08524933629015999
2000048,DISCBOND,5002,Fama Bliss Discount Bonds - 2-Year (Nominal),1980-05-30,83.969591730982,D,8.7597725592149,1980-05,2,0.087597725592149
2000049,DISCBOND,5003,Fama Bliss Discount Bonds - 3-Year (Nominal),1980-05-30,76.156972896643,D,9.0708345979818,1980-05,3,0.090708345979818
2000050,DISCBOND,5004,Fama Bliss Discount Bonds - 4-Year (Nominal),1980-05-30,68.972508620435,D,9.2738507857096,1980-05,4,0.092738507857096
2000051,DISCBOND,5005,Fama Bliss Discount Bonds - 5-Year (Nominal),1980-05-30,61.901645710061,D,9.5819675365099,1980-05,5,0.095819675365099
2000047,DISCBOND,5001,Fama Bliss Discount Bonds - 1-Year (Nominal),1980-06-30,92.113928310245,D,8.2144023865158,1980-06,1,0.08214402386515801
2000048,DISCBOND,5002,Fama Bliss Discount Bonds - 2-Year (Nominal),1980-06-30,83.958641747464,D,8.742293427154,1980-06,2,0.08742293427153999
2000049,DISCBOND,5003,Fama Bliss Discount Bonds - 3-Year (Nominal),1980-06-30,76.255566966583,D,9.0359923948876,1980-06,3,0.090359923948876
2000050,DISCBOND,5004,Fama Bliss Discount Bonds - 4-Year (Nominal),1980-06-30,69.323402122636,D,9.1596910957586,1980-06,4,0.091596910957586
2000051,DISCBOND,5005,Fama Bliss Discount Bonds - 5-Year (Nominal),1980-06-30,62.519635162422,D,9.3989402644319,1980-06,5,0.093989402644319
2000047,DISCBOND,5001,Fama Bliss Discount Bonds - 1-Year (Nominal),1980-07-31,91.481417889358,D,8.9034317507218,1980-07,1,0.089034317507218
2000048,DISCBOND,5002,Fama Bliss Discount Bonds - 2-Year (Nominal),1980-07-31,82.765328953157,D,9.471021230943,1980-07,2,0.09471021230943
2000049,DISCBOND,5003,Fama Bliss Discount Bonds - 3-Year (Nominal),1980-07-31,74.715144599531,D,9.7340249535557,1980-07,3,0.097340249535557
2000050,DISCBOND,5004,Fama Bliss Discount Bonds - 4-Year (Nominal),1980-07-31,67.739561441049,D,9.7308305866265,1980-07,4,0.09730830586626499
2000051,DISCBOND,5005,Fama Bliss Discount Bonds - 5-Year (Nominal),1980-07-31,60.406436068747,D,10.075969182564,1980-07,5,0.10075969182564
2000047,DISCBOND,5001,Fama Bliss Discount Bonds - 1-Year (Nominal),1980-08-29,89.516797067592,D,11.014039238519,1980-08,1,0.11014039238519001
2000048,DISCBOND,5002,Fama Bliss Discount Bonds - 2-Year (Nominal),1980-08-29,79.992636275044,D,11.1312836968,1980-08,2,0.11131283696800001
2000049,DISCBOND,5003,Fama Bliss Discount Bonds - 3-Year (Nominal),1980-08-29,71.351842151759,D,11.23105408766,1980-08,3,0.1123105408766
2000050,DISCBOND,5004,Fama Bliss Discount Bonds - 4-Year (Nominal),1980-08-29,63.917451380712,D,11.166499099323,1980-08,4,0.11166499099322999
2000051,DISCBOND,5005,Fama Bliss Discount Bonds - 5-Year (Nominal),1980-08-29,56.864323893939,D,11.277681566569,1980-08,5,0.11277681566568999
2000047,DISCBOND,5001,Fama Bliss Discount Bonds - 1-Year (Nominal),1980-09-30,88.912721070855,D,11.751495954488,1980-09,1,0.11751495954488
2000048,DISCBOND,5002,Fama Bliss Discount Bonds - 2-Year (Nominal),1980-09-30,79.128946096237,D,11.704571754645,1980-09,2,0.11704571754645
2000049,DISCBOND,5003,Fama Bliss Discount Bonds - 3-Year (Nominal),1980-09-30,70.661735657048,D,11.575533040205,1980-09,3,0.11575533040205001
2000050,DISCBOND,5004,Fama Bliss Discount Bonds - 4-Year (Nominal),1980-09-30,62.893850166416,D,11.600991458781,1980-09,4,0.11600991458781
2000051,DISCBOND,5005,Fama Bliss Discount Bonds - 5-Year (Nominal),1980-09-30,56.246994970228,D,11.502048519077,1980-09,5,0.11502048519077
2000047,DISCBOND,5001,Fama Bliss Discount Bonds - 1-Year (Nominal),1980-10-31,87.879612634267,D,12.955730363117,1980-10,1,0.12955730363117002
2000048,DISCBOND,5002,Fama Bliss Discount Bonds - 2-Year (Nominal),1980-10-31,77.746781995429,D,12.620227771103,1980-10,2,0.12620227771103
2000049,DISCBOND,5003,Fama Bliss Discount Bonds - 3-Year (Nominal),1980-10-31,69.076818558569,D,12.331699974864,1980-10,3,0.12331699974864
2000050,DISCBOND,5004,Fama Bliss Discount Bonds - 4-Year (Nominal),1980-10-31,61.626500279716,D,12.093672151422,1980-10,4,0.12093672151422
2000051,DISCBOND,5005,Fama Bliss Discount Bonds - 5-Year (Nominal),1980-10-31,54.179130142017,D,12.250774940775,1980-10,5,0.12250774940775001
2000047,DISCBOND,5001,Fama Bliss Discount Bonds - 1-Year (Nominal),1980-11-28,86.739619592135,D,14.148417718019,1980-11,1,0.14148417718019
2000048,DISCBOND,5002,Fama Bliss Discount Bonds - 2-Year (Nominal),1980-11-28,76.858890271128,D,13.123996114941,1980-11,2,0.13123996114941
2000049,DISCBOND,5003,Fama Bliss Discount Bonds - 3-Year (Nominal),1980-11-28,68.016179518589,D,12.824062849241,1980-11,3,0.12824062849241
2000050,DISCBOND,5004,Fama Bliss Discount Bonds - 4-Year (Nominal),1980-11-28,60.54819480449,D,12.517542296308,1980-11,4,0.12517542296307999
2000051,DISCBOND,5005,Fama Bliss Discount Bonds - 5-Year (Nominal),1980-11-28,53.304229922604,D,12.569315251521,1980-11,5,0.12569315251521
2000047,DISCBOND,5001,Fama Bliss Discount Bonds - 1-Year (Nominal),1980-12-31,87.975373079266,D,12.811326204756,1980-12,1,0.12811326204756
2000048,DISCBOND,5002,Fama Bliss Discount Bonds - 2-Year (Nominal),1980-12-31,78.048727411593,D,12.391842197189,1980-12,2,0.12391842197189
2000049,DISCBOND,5003,Fama Bliss Discount Bonds - 3-Year (Nominal),1980-12-31,69.843542832554,D,11.974686911021,1980-12,3,0.11974686911020999
2000050,DISCBOND,5004,Fama Bliss Discount Bonds - 4-Year (Nominal),1980-12-31,61.915971692554,D,11.976597508286,1980-12,4,0.11976597508286
2000051,DISCBOND,5005,Fama Bliss Discount Bonds - 5-Year (Nominal),1980-12-31,55.19669343661,D,11.878833388043,1980-12,5,0.11878833388043
2000047,DISCBOND,5001,Fama Bliss Discount Bonds - 1-Year (Nominal),1981-01-30,87.412160087739,D,13.490539135352,1981-01,1,0.13490539135352
2000048,DISCBOND,5002,Fama Bliss Discount Bonds - 2-Year (Nominal),1981-01-30,77.795435389213,D,12.537197173912,1981-01,2,0.12537197173912001
2000049,DISCBOND,5003,Fama Bliss Discount Bonds - 3-Year (Nominal),1981-01-30,69.224643407164,D,12.249256233124,1981-01,3,0.12249256233123999
2000050,DISCBOND,5004,Fama Bliss Discount Bonds - 4-Year (Nominal),1981-01-30,61.375399833484,D,12.187332191674,1981-01,4,0.12187332191674001
2000051,DISCBOND,5005,Fama Bliss Discount Bonds - 5-Year (Nominal),1981-01-30,54.136736676228,D,12.259708188546,1981-01,5,0.12259708188546
2000047,DISCBOND,5001,Fama Bliss Discount Bonds - 1-Year (Nominal),1981-02-27,86.933217118938,D,14.04146854147,1981-02,1,0.1404146854147
2000048,DISCBOND,5002,Fama Bliss Discount Bonds - 2-Year (Nominal),1981-02-27,76.815880528772,D,13.169898555345,1981-02,2,0.13169898555345
2000049,DISCBOND,5003,Fama Bliss Discount Bonds - 3-Year (Nominal),1981-02-27,67.234469370317,D,13.208678949285,1981-02,3,0.13208678949285
2000050,DISCBOND,5004,Fama Bliss Discount Bonds - 4-Year (Nominal),1981-02-27,59.282217423618,D,13.053638335215,1981-02,4,0.13053638335215
2000051,DISCBOND,5005,Fama Bliss Discount Bonds - 5-Year (Nominal),1981-02-27,52.134577511277,D,13.012575167766,1981-02,5,0.13012575167766
2000047,DISCBOND,5001,Fama Bliss Discount Bonds - 1-Year (Nominal),1981-03-31,88.158681404884,D,12.60317975365,1981-03,1,0.1260317975365
2000048,DISCBOND,5002,Fama Bliss Discount Bonds - 2-Year (Nominal),1981-03-31,77.692003657612,D,12.620892346992,1981-03,2,0.12620892346992
2000049,DISCBOND,5003,Fama Bliss Discount Bonds - 3-Year (Nominal),1981-03-31,68.453089079872,D,12.634050585675,1981-03,3,0.12634050585675
2000050,DISCBOND,5004,Fama Bliss Discount Bonds - 4-Year (Nominal),1981-03-31,60.11487710795,D,12.731541797179,1981-03,4,0.12731541797179
2000051,DISCBOND,5005,Fama Bliss Discount Bonds - 5-Year (Nominal),1981-03-31,52.567520614881,D,12.854390799788,1981-03,5,0.12854390799787999
2000047,DISCBOND,5001,Fama Bliss Discount Bonds - 1-Year (Nominal),1981-04-30,86.492762634117,D,14.510944452045,1981-04,1,0.14510944452045002
2000048,DISCBOND,5002,Fama Bliss Discount Bonds - 2-Year (Nominal),1981-04-30,75.185650039524,D,14.280051562025,1981-04,2,0.14280051562024998
2000049,DISCBOND,5003,Fama Bliss Discount Bonds - 3-Year (Nominal),1981-04-30,66.138496863454,D,13.768067156814,1981-04,3,0.13768067156814
2000050,DISCBOND,5004,Fama Bliss Discount Bonds - 4-Year (Nominal),1981-04-30,57.357381292436,D,13.887204645644,1981-04,4,0.13887204645644
2000051,DISCBOND,5005,Fama Bliss Discount Bonds - 5-Year (Nominal),1981-04-30,50.29667238765,D,13.737097708724,1981-04,5,0.13737097708724
2000047,DISCBOND,5001,Fama Bliss Discount Bonds - 1-Year (Nominal),1981-05-29,86.626940449775,D,14.395372830707,1981-05,1,0.14395372830707
2000048,DISCBOND,5002,Fama Bliss Discount Bonds - 2-Year (Nominal),1981-05-29,75.835345479255,D,13.792497796751,1981-05,2,0.13792497796751
2000049,DISCBOND,5003,Fama Bliss Discount Bonds - 3-Year (Nominal),1981-05-29,66.640548349499,D,13.491601937425,1981-05,3,0.13491601937425
2000050,DISCBOND,5004,Fama Bliss Discount Bonds - 4-Year (Nominal),1981-05-29,58.524679975318,D,13.365577536689,1981-05,4,0.13365577536689
2000051,DISCBOND,5005,Fama Bliss Discount Bonds - 5-Year (Nominal),1981-05-29,51.887856991563,D,13.10734353128,1981-05,5,0.1310734353128
2000047,DISCBOND,5001,Fama Bliss Discount Bonds - 1-Year (Nominal),1981-06-30,87.018011455363,D,13.905506053833,1981-06,1,0.13905506053833
2000048,DISCBOND,5002,Fama Bliss Discount Bonds - 2-Year (Nominal),1981-06-30,75.596994363718,D,13.987683034331,1981-06,2,0.13987683034331
2000049,DISCBOND,5003,Fama Bliss Discount Bonds - 3-Year (Nominal),1981-06-30,66.589261042145,D,13.554229305836,1981-06,3,0.13554229305836
2000050,DISCBOND,5004,Fama Bliss Discount Bonds - 4-Year (Nominal),1981-06-30,57.582454495975,D,13.80826529263,1981-06,4,0.1380826529263
2000051,DISCBOND,5005,Fama Bliss Discount Bonds - 5-Year (Nominal),1981-06-30,51.594197139064,D,13.227970938363,1981-06,5,0.13227970938363
2000047,DISCBOND,5001,Fama Bliss Discount Bonds - 1-Year (Nominal),1981-07-31,85.806826181738,D,15.34921566869,1981-07,1,0.1534921566869
2000048,DISCBOND,5002,Fama Bliss Discount Bonds - 2-Year (Nominal),1981-07-31,73.941726701529,D,15.13611347517,1981-07,2,0.1513611347517
2000049,DISCBOND,5003,Fama Bliss Discount Bonds - 3-Year (Nominal),1981-07-31,64.895738266643,D,14.399791109125,1981-07,3,0.14399791109124999
2000050,DISCBOND,5004,Fama Bliss Discount Bonds - 4-Year (Nominal),1981-07-31,56.380383971042,D,14.316416806324,1981-07,4,0.14316416806324
2000051,DISCBOND,5005,Fama Bliss Discount Bonds - 5-Year (Nominal),1981-07-31,49.609937625916,D,14.011902133683,1981-07,5,0.14011902133683
2000047,DISCBOND,5001,Fama Bliss Discount Bonds - 1-Year (Nominal),1981-08-31,85.375103430855,D,15.811565660909,1981-08,1,0.15811565660909
2000048,DISCBOND,5002,Fama Bliss Discount Bonds - 2-Year (Nominal),1981-08-31,73.140625008701,D,15.639311396437,1981-08,2,0.15639311396437
2000049,DISCBOND,5003,Fama Bliss Discount Bonds - 3-Year (Nominal),1981-08-31,62.678640305968,D,15.557441633551,1981-08,3,0.15557441633551
2000050,DISCBOND,5004,Fama Bliss Discount Bonds - 4-Year (Nominal),1981-08-31,55.097002030411,D,14.901872023022,1981-08,4,0.14901872023022
2000051,DISCBOND,5005,Fama Bliss Discount Bonds - 5-Year (Nominal),1981-08-31,47.82815146465,D,14.759202525225,1981-08,5,0.14759202525225
2000047,DISCBOND,5001,Fama Bliss Discount Bonds - 1-Year (Nominal),1981-09-30,85.698871350337,D,15.433053024544,1981-09,1,0.15433053024544
2000048,DISCBOND,5002,Fama Bliss Discount Bonds - 2-Year (Nominal),1981-09-30,73.209537311617,D,15.592224118283,1981-09,2,0.15592224118283
2000049,DISCBOND,5003,Fama Bliss Discount Bonds - 3-Year (Nominal),1981-09-30,62.785330894082,D,15.529138724991,1981-09,3,0.15529138724991
2000050,DISCBOND,5004,Fama Bliss Discount Bonds - 4-Year (Nominal),1981-09-30,53.079335192121,D,15.823724720926,1981-09,4,0.15823724720926
2000051,DISCBOND,5005,Fama Bliss Discount Bonds - 5-Year (Nominal),1981-09-30,47.214017471512,D,15.001366733319,1981-09,5,0.15001366733319
2000047,DISCBOND,5001,Fama Bliss Discount Bonds - 1-Year (Nominal),1981-10-30,87.143250997153,D,13.799493266811,1981-10,1,0.13799493266811
2000048,DISCBOND,5002,Fama Bliss Discount Bonds - 2-Year (Nominal),1981-10-30,75.608240209096,D,13.961120780345,1981-10,2,0.13961120780345002
2000049,DISCBOND,5003,Fama Bliss Discount Bonds - 3-Year (Nominal),1981-10-30,65.569708403414,D,14.042896126357,1981-10,3,0.14042896126357
2000050,DISCBOND,5004,Fama Bliss Discount Bonds - 4-Year (Nominal),1981-10-30,56.416465065635,D,14.290652212503,1981-10,4,0.14290652212503
2000051,DISCBOND,5005,Fama Bliss Discount Bonds - 5-Year (Nominal),1981-10-30,48.957530797893,D,14.268702591129,1981-10,5,0.14268702591128998
2000047,DISCBOND,5001,Fama Bliss Discount Bonds - 1-Year (Nominal),1981-11-30,89.536634990151,D,11.052231496085,1981-11,1,0.11052231496085
2000048,DISCBOND,5002,Fama Bliss Discount Bonds - 2-Year (Nominal),1981-11-30,79.332181250976,D,11.576316156835,1981-11,2,0.11576316156835001
2000049,DISCBOND,5003,Fama Bliss Discount Bonds - 3-Year (Nominal),1981-11-30,68.653655601584,D,12.525088915373,1981-11,3,0.12525088915373
2000050,DISCBOND,5004,Fama Bliss Discount Bonds - 4-Year (Nominal),1981-11-30,61.248044706481,D,12.255956505807,1981-11,4,0.12255956505806999
2000051,DISCBOND,5005,Fama Bliss Discount Bonds - 5-Year (Nominal),1981-11-30,54.377413931129,D,12.191105919686,1981-11,5,0.12191105919686
2000047,DISCBOND,5001,Fama Bliss Discount Bonds - 1-Year (Nominal),1981-12-31,87.897738706602,D,12.899610737756,1981-12,1,0.12899610737755998
2000048,DISCBOND,5002,Fama Bliss Discount Bonds - 2-Year (Nominal),1981-12-31,76.813587126779,D,13.207524777373,1981-12,2,0.13207524777373
2000049,DISCBOND,5003,Fama Bliss Discount Bonds - 3-Year (Nominal),1981-12-31,66.722686932399,D,13.475199660476,1981-12,3,0.13475199660476
2000050,DISCBOND,5004,Fama Bliss Discount Bonds - 4-Year (Nominal),1981-12-31,58.122548887125,D,13.55612760369,1981-12,4,0.1355612760369
2000051,DISCBOND,5005,Fama Bliss Discount Bonds - 5-Year (Nominal),1981-12-31,51.055778075188,D,13.437665726078,1981-12,5,0.13437665726078
2000047,DISCBOND,5001,Fama Bliss Discount Bonds - 1-Year (Nominal),1982-01-29,87.25421013125,D,13.560135106976,1982-01,1,0.13560135106976
2000048,DISCBOND,5002,Fama Bliss Discount Bonds - 2-Year (Nominal),1982-01-29,76.376543896595,D,13.437911816467,1982-01,2,0.13437911816467
2000049,DISCBOND,5003,Fama Bliss Discount Bonds - 3-Year (Nominal),1982-01-29,66.200778125417,D,13.71169924045,1982-01,3,0.1371169924045
2000050,DISCBOND,5004,Fama Bliss Discount Bonds - 4-Year (Nominal),1982-01-29,57.561184066374,D,13.779728851601,1982-01,4,0.13779728851601
2000051,DISCBOND,5005,Fama Bliss Discount Bonds - 5-Year (Nominal),1982-01-29,50.584745119081,D,13.615481513255,1982-01,5,0.13615481513255
2000047,DISCBOND,5001,Fama Bliss Discount Bonds - 1-Year (Nominal),1982-02-26,87.102335156361,D,13.733397723567,1982-02,1,0.13733397723567
2000048,DISCBOND,5002,Fama Bliss Discount Bonds - 2-Year (Nominal),1982-02-26,75.943912068499,D,13.702444674374,1982-02,2,0.13702444674374
2000049,DISCBOND,5003,Fama Bliss Discount Bonds - 3-Year (Nominal),1982-02-26,66.489950387506,D,13.566809625436,1982-02,3,0.13566809625436002
2000050,DISCBOND,5004,Fama Bliss Discount Bonds - 4-Year (Nominal),1982-02-26,58.036259008647,D,13.574662277308,1982-02,4,0.13574662277308
2000051,DISCBOND,5005,Fama Bliss Discount Bonds - 5-Year (Nominal),1982-02-26,51.067402085422,D,13.425763051327,1982-02,5,0.13425763051327
2000047,DISCBOND,5001,Fama Bliss Discount Bonds - 1-Year (Nominal),1982-03-31,87.23486532586,D,13.656610326598,1982-03,1,0.13656610326598
2000048,DISCBOND,5002,Fama Bliss Discount Bonds - 2-Year (Nominal),1982-03-31,75.847259678268,D,13.822430450834,1982-03,2,0.13822430450834
2000049,DISCBOND,5003,Fama Bliss Discount Bonds - 3-Year (Nominal),1982-03-31,65.974523071195,D,13.876056068029,1982-03,3,0.13876056068029
2000050,DISCBOND,5004,Fama Bliss Discount Bonds - 4-Year (Nominal),1982-03-31,57.30242694803,D,13.91115232901,1982-03,4,0.1391115232901
2000051,DISCBOND,5005,Fama Bliss Discount Bonds - 5-Year (Nominal),1982-03-31,50.784861186462,D,13.54401586464,1982-03,5,0.1354401586464
2000047,DISCBOND,5001,Fama Bliss Discount Bonds - 1-Year (Nominal),1982-04-30,87.542284506442,D,13.341378096856,1982-04,1,0.13341378096856
2000048,DISCBOND,5002,Fama Bliss Discount Bonds - 2-Year (Nominal),1982-04-30,76.345307682689,D,13.476719488948,1982-04,2,0.13476719488948
2000049,DISCBOND,5003,Fama Bliss Discount Bonds - 3-Year (Nominal),1982-04-30,66.872120783771,D,13.400696977086,1982-04,3,0.13400696977086
2000050,DISCBOND,5004,Fama Bliss Discount Bonds - 4-Year (Nominal),1982-04-30,58.761647021961,D,13.282922543678,1982-04,4,0.13282922543678
2000051,DISCBOND,5005,Fama Bliss Discount Bonds - 5-Year (Nominal),1982-04-30,51.850960184279,D,13.128740406715,1982-04,5,0.13128740406715
2000047,DISCBOND,5001,Fama Bliss Discount Bonds - 1-Year (Nominal),1982-05-28,87.97466795553,D,12.707680849947,1982-05,1,0.12707680849947
2000048,DISCBOND,5002,Fama Bliss Discount Bonds - 2-Year (Nominal),1982-05-28,77.030380473863,D,12.977405422792,1982-05,2,0.12977405422792
2000049,DISCBOND,5003,Fama Bliss Discount Bonds - 3-Year (Nominal),1982-05-28,67.264069561135,D,13.170023329639,1982-05,3,0.13170023329639
2000050,DISCBOND,5004,Fama Bliss Discount Bonds - 4-Year (Nominal),1982-05-28,59.161477185824,D,13.095580782044,1982-05,4,0.13095580782044
2000051,DISCBOND,5005,Fama Bliss Discount Bonds - 5-Year (Nominal),1982-05-28,51.834245674681,D,13.12799588291,1982-05,5,0.13127995882909999
2000047,DISCBOND,5001,Fama Bliss Discount Bonds - 1-Year (Nominal),1982-06-30,86.968100911816,D,13.962879075435,1982-06,1,0.13962879075435
2000048,DISCBOND,5002,Fama Bliss Discount Bonds - 2-Year (Nominal),1982-06-30,75.48172918274,D,14.063977829943,1982-06,2,0.14063977829943
2000049,DISCBOND,5003,Fama Bliss Discount Bonds - 3-Year (Nominal),1982-06-30,65.326741591361,D,14.205262766035,1982-06,3,0.14205262766035
2000050,DISCBOND,5004,Fama Bliss Discount Bonds - 4-Year (Nominal),1982-06-30,57.494041814241,D,13.827750854556,1982-06,4,0.13827750854555998
2000051,DISCBOND,5005,Fama Bliss Discount Bonds - 5-Year (Nominal),1982-06-30,49.584650056565,D,14.022093706051,1982-06,5,0.14022093706051
2000047,DISCBOND,5001,Fama Bliss Discount Bonds - 1-Year (Nominal),1982-07-30,88.480393230096,D,12.272544346961,1982-07,1,0.12272544346961001
2000048,DISCBOND,5002,Fama Bliss Discount Bonds - 2-Year (Nominal),1982-07-30,77.36996915701,D,12.793523352046,1982-07,2,0.12793523352046
2000049,DISCBOND,5003,Fama Bliss Discount Bonds - 3-Year (Nominal),1982-07-30,67.659749242867,D,12.998882003023,1982-07,3,0.12998882003023002
2000050,DISCBOND,5004,Fama Bliss Discount Bonds - 4-Year (Nominal),1982-07-30,59.926305009197,D,12.783853621579,1982-07,4,0.12783853621579
2000051,DISCBOND,5005,Fama Bliss Discount Bonds - 5-Year (Nominal),1982-07-30,51.672806947692,D,13.190315165265,1982-07,5,0.13190315165264999
2000047,DISCBOND,5001,Fama Bliss Discount Bonds - 1-Year (Nominal),1982-08-31,89.373571568335,D,11.234516755383,1982-08,1,0.11234516755383
2000048,DISCBOND,5002,Fama Bliss Discount Bonds - 2-Year (Nominal),1982-08-31,79.237923919017,D,11.619840663922,1982-08,2,0.11619840663922
2000049,DISCBOND,5003,Fama Bliss Discount Bonds - 3-Year (Nominal),1982-08-31,69.455964537123,D,12.149241629124,1982-08,3,0.12149241629124001
2000050,DISCBOND,5004,Fama Bliss Discount Bonds - 4-Year (Nominal),1982-08-31,60.801723200728,D,12.447327601394,1982-08,4,0.12447327601394001
2000051,DISCBOND,5005,Fama Bliss Discount Bonds - 5-Year (Nominal),1982-08-31,53.81066891294,D,12.387180735962,1982-08,5,0.12387180735962
2000047,DISCBOND,5001,Fama Bliss Discount Bonds - 1-Year (Nominal),1982-09-30,90.300658444668,D,10.202543384569,1982-09,1,0.10202543384568999
2000048,DISCBOND,5002,Fama Bliss Discount Bonds - 2-Year (Nominal),1982-09-30,80.344289379649,D,10.957468629339,1982-09,2,0.10957468629339
2000049,DISCBOND,5003,Fama Bliss Discount Bonds - 3-Year (Nominal),1982-09-30,71.515610611514,D,11.164951812476,1982-09,3,0.11164951812476
2000050,DISCBOND,5004,Fama Bliss Discount Bonds - 4-Year (Nominal),1982-09-30,64.041398958223,D,11.133385970422,1982-09,4,0.11133385970422
2000051,DISCBOND,5005,Fama Bliss Discount Bonds - 5-Year (Nominal),1982-09-30,56.504581138216,D,11.410716565888,1982-09,5,0.11410716565888
2000047,DISCBOND,5001,Fama Bliss Discount Bonds - 1-Year (Nominal),1982-10-29,91.007701748865,D,9.3712554829264,1982-10,1,0.09371255482926401
2000048,DISCBOND,5002,Fama Bliss Discount Bonds - 2-Year (Nominal),1982-10-29,81.935621799346,D,9.921046097012,1982-10,2,0.09921046097012001
2000049,DISCBOND,5003,Fama Bliss Discount Bonds - 3-Year (Nominal),1982-10-29,72.842050376772,D,10.53369989336,1982-10,3,0.10533699893359999
2000050,DISCBOND,5004,Fama Bliss Discount Bonds - 4-Year (Nominal),1982-10-29,66.253918334227,D,10.270785126869,1982-10,4,0.10270785126869
2000051,DISCBOND,5005,Fama Bliss Discount Bonds - 5-Year (Nominal),1982-10-29,59.57031390847,D,10.348915134314,1982-10,5,0.10348915134314
2000047,DISCBOND,5001,Fama Bliss Discount Bonds - 1-Year (Nominal),1982-11-30,91.200544324203,D,9.210932045848,1982-11,1,0.09210932045848001
2000048,DISCBOND,5002,Fama Bliss Discount Bonds - 2-Year (Nominal),1982-11-30,82.343626765079,D,9.7001683461419,1982-11,2,0.097001683461419
2000049,DISCBOND,5003,Fama Bliss Discount Bonds - 3-Year (Nominal),1982-11-30,73.698847639067,D,10.172767728125,1982-11,3,0.10172767728125001
2000050,DISCBOND,5004,Fama Bliss Discount Bonds - 4-Year (Nominal),1982-11-30,65.446300857653,D,10.605770127409,1982-11,4,0.10605770127409
2000051,DISCBOND,5005,Fama Bliss Discount Bonds - 5-Year (Nominal),1982-11-30,59.268537333277,D,10.456102062866,1982-11,5,0.10456102062866
2000047,DISCBOND,5001,Fama Bliss Discount Bonds - 1-Year (Nominal),1982-12-31,91.881054065514,D,8.4907964356377,1982-12,1,0.084907964356377
2000048,DISCBOND,5002,Fama Bliss Discount Bonds - 2-Year (Nominal),1982-12-31,83.056821130191,D,9.2695630193756,1982-12,2,0.092695630193756
2000049,DISCBOND,5003,Fama Bliss Discount Bonds - 3-Year (Nominal),1982-12-31,74.43080650486,D,9.8343613775358,1982-12,3,0.098343613775358
2000050,DISCBOND,5004,Fama Bliss Discount Bonds - 4-Year (Nominal),1982-12-31,66.605813535187,D,10.152504507482,1982-12,4,0.10152504507482
2000051,DISCBOND,5005,Fama Bliss Discount Bonds - 5-Year (Nominal),1982-12-31,59.831422099856,D,10.267158026685,1982-12,5,0.10267158026685
2000047,DISCBOND,5001,Fama Bliss Discount Bonds - 1-Year (Nominal),1983-01-31,91.656837145894,D,8.7118613875006,1983-01,1,0.087118613875006
2000048,DISCBOND,5002,Fama Bliss Discount Bonds - 2-Year (Nominal),1983-01-31,82.910375605896,D,9.3576799663802,1983-01,2,0.093576799663802
2000049,DISCBOND,5003,Fama Bliss Discount Bonds - 3-Year (Nominal),1983-01-31,74.016889436622,D,10.020079088866,1983-01,3,0.10020079088866
2000050,DISCBOND,5004,Fama Bliss Discount Bonds - 4-Year (Nominal),1983-01-31,67.031176314562,D,10.000308917406,1983-01,4,0.10000308917406
2000051,DISCBOND,5005,Fama Bliss Discount Bonds - 5-Year (Nominal),1983-01-31,59.278339944676,D,10.464257842788,1983-01,5,0.10464257842788
2000047,DISCBOND,5001,Fama Bliss Discount Bonds - 1-Year (Nominal),1983-02-28,91.872609986564,D,8.4535640017576,1983-02,1,0.084535640017576
2000048,DISCBOND,5002,Fama Bliss Discount Bonds - 2-Year (Nominal),1983-02-28,83.281736592577,D,9.1345324401177,1983-02,2,0.091345324401177
2000049,DISCBOND,5003,Fama Bliss Discount Bonds - 3-Year (Nominal),1983-02-28,75.12292234606,D,9.5261157195675,1983-02,3,0.095261157195675
2000050,DISCBOND,5004,Fama Bliss Discount Bonds - 4-Year (Nominal),1983-02-28,67.23669877324,D,9.9237743706809,1983-02,4,0.09923774370680899
2000051,DISCBOND,5005,Fama Bliss Discount Bonds - 5-Year (Nominal),1983-02-28,60.489832613165,D,10.042891830155,1983-02,5,0.10042891830155
2000047,DISCBOND,5001,Fama Bliss Discount Bonds - 1-Year (Nominal),1983-03-31,91.284029517492,D,9.1194336826097,1983-03,1,0.091194336826097
2000048,DISCBOND,5002,Fama Bliss Discount Bonds - 2-Year (Nominal),1983-03-31,82.438902173635,D,9.6688823727421,1983-03,2,0.096688823727421
2000049,DISCBOND,5003,Fama Bliss Discount Bonds - 3-Year (Nominal),1983-03-31,74.046034831132,D,10.006968085016,1983-03,3,0.10006968085016
2000050,DISCBOND,5004,Fama Bliss Discount Bonds - 4-Year (Nominal),1983-03-31,67.130475301046,D,9.9564824103076,1983-03,4,0.099564824103076
2000051,DISCBOND,5005,Fama Bliss Discount Bonds - 5-Year (Nominal),1983-03-31,59.44465835109,D,10.391100767478,1983-03,5,0.10391100767478
2000047,DISCBOND,5001,Fama Bliss Discount Bonds - 1-Year (Nominal),1983-04-29,91.701998542768,D,8.6153936085931,1983-04,1,0.086153936085931
2000048,DISCBOND,5002,Fama Bliss Discount Bonds - 2-Year (Nominal),1983-04-29,83.142991197483,D,9.205194252381,1983-04,2,0.09205194252381001
2000049,DISCBOND,5003,Fama Bliss Discount Bonds - 3-Year (Nominal),1983-04-29,75.033287273038,D,9.5571553332031,1983-04,3,0.095571553332031
2000050,DISCBOND,5004,Fama Bliss Discount Bonds - 4-Year (Nominal),1983-04-29,67.74635750965,D,9.7216699559363,1983-04,4,0.09721669955936299
2000051,DISCBOND,5005,Fama Bliss Discount Bonds - 5-Year (Nominal),1983-04-29,60.552220769355,D,10.022297379311,1983-04,5,0.10022297379311
2000047,DISCBOND,5001,Fama Bliss Discount Bonds - 1-Year (Nominal),1983-05-31,91.161597573844,D,9.2283627111425,1983-05,1,0.092283627111425
2000048,DISCBOND,5002,Fama Bliss Discount Bonds - 2-Year (Nominal),1983-05-31,82.194126839253,D,9.7909046360231,1983-05,2,0.097909046360231
2000049,DISCBOND,5003,Fama Bliss Discount Bonds - 3-Year (Nominal),1983-05-31,73.993792235765,D,10.039633132826,1983-05,3,0.10039633132826
2000050,DISCBOND,5004,Fama Bliss Discount Bonds - 4-Year (Nominal),1983-05-31,66.15695895199,D,10.335582241925,1983-05,4,0.10335582241925
2000051,DISCBOND,5005,Fama Bliss Discount Bonds - 5-Year (Nominal),1983-05-31,58.95542871547,D,10.556200935845,1983-05,5,0.10556200935845
2000047,DISCBOND,5001,Fama Bliss Discount Bonds - 1-Year (Nominal),1983-06-30,91.029296565912,D,9.3988790998145,1983-06,1,0.093988790998145
2000048,DISCBOND,5002,Fama Bliss Discount Bonds - 2-Year (Nominal),1983-06-30,81.836510128399,D,10.036083444771,1983-06,2,0.10036083444771
2000049,DISCBOND,5003,Fama Bliss Discount Bonds - 3-Year (Nominal),1983-06-30,73.687747504285,D,10.168502403932,1983-06,3,0.10168502403932
2000050,DISCBOND,5004,Fama Bliss Discount Bonds - 4-Year (Nominal),1983-06-30,65.913432532439,D,10.413565985702,1983-06,4,0.10413565985702
2000051,DISCBOND,5005,Fama Bliss Discount Bonds - 5-Year (Nominal),1983-06-30,58.389083288244,D,10.749045009251,1983-06,5,0.10749045009251
2000047,DISCBOND,5001,Fama Bliss Discount Bonds - 1-Year (Nominal),1983-07-29,90.235051472051,D,10.191458171411,1983-07,1,0.10191458171411
2000048,DISCBOND,5002,Fama Bliss Discount Bonds - 2-Year (Nominal),1983-07-29,80.681215568925,D,10.689291904518,1983-07,2,0.10689291904518
2000049,DISCBOND,5003,Fama Bliss Discount Bonds - 3-Year (Nominal),1983-07-29,71.937626334751,D,10.949027369026,1983-07,3,0.10949027369026
2000050,DISCBOND,5004,Fama Bliss Discount Bonds - 4-Year (Nominal),1983-07-29,63.349968057984,D,11.388992573854,1983-07,4,0.11388992573854001
2000051,DISCBOND,5005,Fama Bliss Discount Bonds - 5-Year (Nominal),1983-07-29,56.172146316528,D,11.522356048129,1983-07,5,0.11522356048129
2000047,DISCBOND,5001,Fama Bliss Discount Bonds - 1-Year (Nominal),1983-08-31,90.193260467712,D,10.29334722443,1983-08,1,0.10293347224430001
2000048,DISCBOND,5002,Fama Bliss Discount Bonds - 2-Year (Nominal),1983-08-31,80.502922561236,D,10.843834855703,1983-08,2,0.10843834855703
2000049,DISCBOND,5003,Fama Bliss Discount Bonds - 3-Year (Nominal),1983-08-31,71.628472620378,D,11.132750748524,1983-08,3,0.11132750748524
2000050,DISCBOND,5004,Fama Bliss Discount Bonds - 4-Year (Nominal),1983-08-31,63.102584673872,D,11.502333342568,1983-08,4,0.11502333342568001
2000051,DISCBOND,5005,Fama Bliss Discount Bonds - 5-Year (Nominal),1983-08-31,55.560027037046,D,11.741256403206,1983-08,5,0.11741256403206
2000047,DISCBOND,5001,Fama Bliss Discount Bonds - 1-Year (Nominal),1983-09-30,90.825904160837,D,9.6490013428109,1983-09,1,0.09649001342810899
2000048,DISCBOND,5002,Fama Bliss Discount Bonds - 2-Year (Nominal),1983-09-30,81.405064479866,D,10.272562911291,1983-09,2,0.10272562911291
2000049,DISCBOND,5003,Fama Bliss Discount Bonds - 3-Year (Nominal),1983-09-30,72.614643645147,D,10.65705400909,1983-09,3,0.1065705400909
2000050,DISCBOND,5004,Fama Bliss Discount Bonds - 4-Year (Nominal),1983-09-30,64.978786356651,D,10.770356614349,1983-09,4,0.10770356614349
2000051,DISCBOND,5005,Fama Bliss Discount Bonds - 5-Year (Nominal),1983-09-30,56.865789629636,D,11.277166617234,1983-09,5,0.11277166617234
2000047,DISCBOND,5001,Fama Bliss Discount Bonds - 1-Year (Nominal),1983-10-31,90.908482471034,D,9.5056446235796,1983-10,1,0.09505644623579601
2000048,DISCBOND,5002,Fama Bliss Discount Bonds - 2-Year (Nominal),1983-10-31,81.321884867675,D,10.323609054045,1983-10,2,0.10323609054045
2000049,DISCBOND,5003,Fama Bliss Discount Bonds - 3-Year (Nominal),1983-10-31,72.383380900933,D,10.763286234925,1983-10,3,0.10763286234925
2000050,DISCBOND,5004,Fama Bliss Discount Bonds - 4-Year (Nominal),1983-10-31,64.255869811034,D,11.057427686479,1983-10,4,0.11057427686479
2000051,DISCBOND,5005,Fama Bliss Discount Bonds - 5-Year (Nominal),1983-10-31,57.015632315256,D,11.224593076504,1983-10,5,0.11224593076504
2000047,DISCBOND,5001,Fama Bliss Discount Bonds - 1-Year (Nominal),1983-11-30,90.775507784587,D,9.651624898671,1983-11,1,0.09651624898671
2000048,DISCBOND,5002,Fama Bliss Discount Bonds - 2-Year (Nominal),1983-11-30,81.229572878076,D,10.39454035593,1983-11,2,0.10394540355929999
2000049,DISCBOND,5003,Fama Bliss Discount Bonds - 3-Year (Nominal),1983-11-30,72.63259871894,D,10.668287199111,1983-11,3,0.10668287199111001
2000050,DISCBOND,5004,Fama Bliss Discount Bonds - 4-Year (Nominal),1983-11-30,64.168372204729,D,11.083902073347,1983-11,4,0.11083902073347
2000051,DISCBOND,5005,Fama Bliss Discount Bonds - 5-Year (Nominal),1983-11-30,57.330859687129,D,11.114442573421,1983-11,5,0.11114442573421
2000047,DISCBOND,5001,Fama Bliss Discount Bonds - 1-Year (Nominal),1983-12-30,90.613589152885,D,9.802884898165,1983-12,1,0.09802884898165001
2000048,DISCBOND,5002,Fama Bliss Discount Bonds - 2-Year (Nominal),1983-12-30,80.965431566373,D,10.52854956323,1983-12,2,0.1052854956323
2000049,DISCBOND,5003,Fama Bliss Discount Bonds - 3-Year (Nominal),1983-12-30,72.404196414658,D,10.743907284125,1983-12,3,0.10743907284125
2000050,DISCBOND,5004,Fama Bliss Discount Bonds - 4-Year (Nominal),1983-12-30,63.936327960275,D,11.166764930354,1983-12,4,0.11166764930354
2000051,DISCBOND,5005,Fama Bliss Discount Bonds - 5-Year (Nominal),1983-12-30,56.629131875029,D,11.360482778031,1983-12,5,0.11360482778031
2000047,DISCBOND,5001,Fama Bliss Discount Bonds - 1-Year (Nominal),1984-01-31,90.881167231084,D,9.5356139964542,1984-01,1,0.09535613996454201
2000048,DISCBOND,5002,Fama Bliss Discount Bonds - 2-Year (Nominal),1984-01-31,81.299640514672,D,10.337268945084,1984-01,2,0.10337268945084001
2000049,DISCBOND,5003,Fama Bliss Discount Bonds - 3-Year (Nominal),1984-01-31,72.771918324957,D,10.594668398938,1984-01,3,0.10594668398938
2000050,DISCBOND,5004,Fama Bliss Discount Bonds - 4-Year (Nominal),1984-01-31,64.586400802427,D,10.936649209899,1984-01,4,0.10936649209899
2000051,DISCBOND,5005,Fama Bliss Discount Bonds - 5-Year (Nominal),1984-01-31,57.208400895353,D,11.157161474261,1984-01,5,0.11157161474261
2000047,DISCBOND,5001,Fama Bliss Discount Bonds - 1-Year (Nominal),1984-02-29,90.558193737232,D,9.9177517213225,1984-02,1,0.099177517213225
2000048,DISCBOND,5002,Fama Bliss Discount Bonds - 2-Year (Nominal),1984-02-29,80.674055265412,D,10.737657924735,1984-02,2,0.10737657924735
2000049,DISCBOND,5003,Fama Bliss Discount Bonds - 3-Year (Nominal),1984-02-29,71.916829838653,D,10.998706573018,1984-02,3,0.10998706573018
2000050,DISCBOND,5004,Fama Bliss Discount Bonds - 4-Year (Nominal),1984-02-29,63.554459871979,D,11.324069340695,1984-02,4,0.11324069340695
2000051,DISCBOND,5005,Fama Bliss Discount Bonds - 5-Year (Nominal),1984-02-29,56.267318505252,D,11.494827249577,1984-02,5,0.11494827249577
2000047,DISCBOND,5001,Fama Bliss Discount Bonds - 1-Year (Nominal),1984-03-30,89.934855436092,D,10.637605218691,1984-03,1,0.10637605218691
2000048,DISCBOND,5002,Fama Bliss Discount Bonds - 2-Year (Nominal),1984-03-30,79.790539942828,D,11.272819595732,1984-03,2,0.11272819595732
2000049,DISCBOND,5003,Fama Bliss Discount Bonds - 3-Year (Nominal),1984-03-30,70.687139226419,D,11.553000979369,1984-03,3,0.11553000979368999
2000050,DISCBOND,5004,Fama Bliss Discount Bonds - 4-Year (Nominal),1984-03-30,62.152309088808,D,11.873290633316,1984-03,4,0.11873290633316
2000051,DISCBOND,5005,Fama Bliss Discount Bonds - 5-Year (Nominal),1984-03-30,54.783051841269,D,12.022610694721,1984-03,5,0.12022610694720999
2000047,DISCBOND,5001,Fama Bliss Discount Bonds - 1-Year (Nominal),1984-04-30,89.847158931186,D,10.706019338994,1984-04,1,0.10706019338994001
2000048,DISCBOND,5002,Fama Bliss Discount Bonds - 2-Year (Nominal),1984-04-30,79.321450315803,D,11.583079906951,1984-04,2,0.11583079906951
2000049,DISCBOND,5003,Fama Bliss Discount Bonds - 3-Year (Nominal),1984-04-30,70.247776114573,D,11.771384851061,1984-04,3,0.11771384851061001
2000050,DISCBOND,5004,Fama Bliss Discount Bonds - 4-Year (Nominal),1984-04-30,61.763561927788,D,12.046415205835,1984-04,4,0.12046415205835
2000051,DISCBOND,5005,Fama Bliss Discount Bonds - 5-Year (Nominal),1984-04-30,54.101925519214,D,12.29274371966,1984-04,5,0.1229274371966
2000047,DISCBOND,5001,Fama Bliss Discount Bonds - 1-Year (Nominal),1984-05-31,88.787412000608,D,11.892530278832,1984-05,1,0.11892530278832
2000048,DISCBOND,5002,Fama Bliss Discount Bonds - 2-Year (Nominal),1984-05-31,77.70829948458,D,12.627704206914,1984-05,2,0.12627704206914
2000049,DISCBOND,5003,Fama Bliss Discount Bonds - 3-Year (Nominal),1984-05-31,67.864004076819,D,12.945792816121,1984-05,3,0.12945792816121
2000050,DISCBOND,5004,Fama Bliss Discount Bonds - 4-Year (Nominal),1984-05-31,59.151916820495,D,13.117545426048,1984-05,4,0.13117545426048
2000051,DISCBOND,5005,Fama Bliss Discount Bonds - 5-Year (Nominal),1984-05-31,51.151203636015,D,13.400340163957,1984-05,5,0.13400340163957
2000047,DISCBOND,5001,Fama Bliss Discount Bonds - 1-Year (Nominal),1984-06-29,88.792585146394,D,11.919360317674,1984-06,1,0.11919360317674
2000048,DISCBOND,5002,Fama Bliss Discount Bonds - 2-Year (Nominal),1984-06-29,77.432958839474,D,12.770389913265,1984-06,2,0.12770389913264998
2000049,DISCBOND,5003,Fama Bliss Discount Bonds - 3-Year (Nominal),1984-06-29,67.461819543657,D,13.108308957359,1984-06,3,0.13108308957359
2000050,DISCBOND,5004,Fama Bliss Discount Bonds - 4-Year (Nominal),1984-06-29,58.910254475939,D,13.210778349234,1984-06,4,0.13210778349233998
2000051,DISCBOND,5005,Fama Bliss Discount Bonds - 5-Year (Nominal),1984-06-29,51.260947102802,D,13.350189321881,1984-06,5,0.13350189321881
2000047,DISCBOND,5001,Fama Bliss Discount Bonds - 1-Year (Nominal),1984-07-31,89.086648542479,D,11.556071074775,1984-07,1,0.11556071074775
2000048,DISCBOND,5002,Fama Bliss Discount Bonds - 2-Year (Nominal),1984-07-31,78.304573584658,D,12.228208682715,1984-07,2,0.12228208682715
2000049,DISCBOND,5003,Fama Bliss Discount Bonds - 3-Year (Nominal),1984-07-31,69.114917185467,D,12.313320376502,1984-07,3,0.12313320376502
2000050,DISCBOND,5004,Fama Bliss Discount Bonds - 4-Year (Nominal),1984-07-31,60.912623943829,D,12.401738567025,1984-07,4,0.12401738567024999
2000051,DISCBOND,5005,Fama Bliss Discount Bonds - 5-Year (Nominal),1984-07-31,53.429911865613,D,12.529123314661,1984-07,5,0.12529123314661
2000047,DISCBOND,5001,Fama Bliss Discount Bonds - 1-Year (Nominal),1984-08-31,88.943772607496,D,11.748767360234,1984-08,1,0.11748767360234
2000048,DISCBOND,5002,Fama Bliss Discount Bonds - 2-Year (Nominal),1984-08-31,78.451310063354,D,12.167937735044,1984-08,2,0.12167937735043999
2000049,DISCBOND,5003,Fama Bliss Discount Bonds - 3-Year (Nominal),1984-08-31,69.247616324168,D,12.249382459218,1984-08,3,0.12249382459218
2000050,DISCBOND,5004,Fama Bliss Discount Bonds - 4-Year (Nominal),1984-08-31,60.895226057451,D,12.391897783886,1984-08,4,0.12391897783886
2000051,DISCBOND,5005,Fama Bliss Discount Bonds - 5-Year (Nominal),1984-08-31,53.607262216926,D,12.462883381,1984-08,5,0.12462883380999999
2000047,DISCBOND,5001,Fama Bliss Discount Bonds - 1-Year (Nominal),1984-09-28,89.48675481534,D,11.04742241351,1984-09,1,0.11047422413510001
2000048,DISCBOND,5002,Fama Bliss Discount Bonds - 2-Year (Nominal),1984-09-28,79.037725384785,D,11.730108538538,1984-09,2,0.11730108538537999
2000049,DISCBOND,5003,Fama Bliss Discount Bonds - 3-Year (Nominal),1984-09-28,69.909431718845,D,11.910565980563,1984-09,3,0.11910565980563
2000050,DISCBOND,5004,Fama Bliss Discount Bonds - 4-Year (Nominal),1984-09-28,61.567056374446,D,12.101215957487,1984-09,4,0.12101215957486999
2000051,DISCBOND,5005,Fama Bliss Discount Bonds - 5-Year (Nominal),1984-09-28,54.403043967999,D,12.161673607055,1984-09,5,0.12161673607055
2000047,DISCBOND,5001,Fama Bliss Discount Bonds - 1-Year (Nominal),1984-10-31,90.375070236411,D,10.120172834309,1984-10,1,0.10120172834309
2000048,DISCBOND,5002,Fama Bliss Discount Bonds - 2-Year (Nominal),1984-10-31,80.538436675599,D,10.821782064354,1984-10,2,0.10821782064354
2000049,DISCBOND,5003,Fama Bliss Discount Bonds - 3-Year (Nominal),1984-10-31,71.713634478667,D,11.093106798745,1984-10,3,0.11093106798744999
2000050,DISCBOND,5004,Fama Bliss Discount Bonds - 4-Year (Nominal),1984-10-31,63.830923254549,D,11.215628879584,1984-10,4,0.11215628879584
2000051,DISCBOND,5005,Fama Bliss Discount Bonds - 5-Year (Nominal),1984-10-31,56.90139530032,D,11.27083030344,1984-10,5,0.1127083030344
2000047,DISCBOND,5001,Fama Bliss Discount Bonds - 1-Year (Nominal),1984-11-30,90.980888345575,D,9.4780396225468,1984-11,1,0.09478039622546801
2000048,DISCBOND,5002,Fama Bliss Discount Bonds - 2-Year (Nominal),1984-11-30,81.542221923473,D,10.230491169978,1984-11,2,0.10230491169978001
2000049,DISCBOND,5003,Fama Bliss Discount Bonds - 3-Year (Nominal),1984-11-30,72.764800242227,D,10.597929011571,1984-11,3,0.10597929011571
2000050,DISCBOND,5004,Fama Bliss Discount Bonds - 4-Year (Nominal),1984-11-30,64.428135532035,D,10.982971693318,1984-11,4,0.10982971693318
2000051,DISCBOND,5005,Fama Bliss Discount Bonds - 5-Year (Nominal),1984-11-30,57.565236668012,D,11.038977500946,1984-11,5,0.11038977500946
2000047,DISCBOND,5001,Fama Bliss Discount Bonds - 1-Year (Nominal),1984-12-31,91.376740901932,D,9.0179215821314,1984-12,1,0.090179215821314
2000048,DISCBOND,5002,Fama Bliss Discount Bonds - 2-Year (Nominal),1984-12-31,82.223702576756,D,9.7863286488137,1984-12,2,0.09786328648813701
2000049,DISCBOND,5003,Fama Bliss Discount Bonds - 3-Year (Nominal),1984-12-31,73.228517741261,D,10.386175451557,1984-12,3,0.10386175451556999
2000050,DISCBOND,5004,Fama Bliss Discount Bonds - 4-Year (Nominal),1984-12-31,65.308812274023,D,10.651080205328,1984-12,4,0.10651080205328001
2000051,DISCBOND,5005,Fama Bliss Discount Bonds - 5-Year (Nominal),1984-12-31,57.79047932826,D,10.97293520861,1984-12,5,0.1097293520861
2000047,DISCBOND,5001,Fama Bliss Discount Bonds - 1-Year (Nominal),1985-01-31,91.541729770853,D,8.8375254602341,1985-01,1,0.088375254602341
2000048,DISCBOND,5002,Fama Bliss Discount Bonds - 2-Year (Nominal),1985-01-31,82.420447576493,D,9.6800918747691,1985-01,2,0.096800918747691
2000049,DISCBOND,5003,Fama Bliss Discount Bonds - 3-Year (Nominal),1985-01-31,73.875342722434,D,10.111504269428,1985-01,3,0.10111504269428
2000050,DISCBOND,5004,Fama Bliss Discount Bonds - 4-Year (Nominal),1985-01-31,65.55993637918,D,10.547910705278,1985-01,4,0.10547910705277999
2000051,DISCBOND,5005,Fama Bliss Discount Bonds - 5-Year (Nominal),1985-01-31,58.894456730702,D,10.582665198517,1985-01,5,0.10582665198517001
2000047,DISCBOND,5001,Fama Bliss Discount Bonds - 1-Year (Nominal),1985-02-28,90.777116689554,D,9.6762950980438,1985-02,1,0.09676295098043801
2000048,DISCBOND,5002,Fama Bliss Discount Bonds - 2-Year (Nominal),1985-02-28,81.23968636358,D,10.402565576302,1985-02,2,0.10402565576302
2000049,DISCBOND,5003,Fama Bliss Discount Bonds - 3-Year (Nominal),1985-02-28,72.34042879144,D,10.783053967085,1985-02,3,0.10783053967084999
2000050,DISCBOND,5004,Fama Bliss Discount Bonds - 4-Year (Nominal),1985-02-28,63.713662564683,D,11.261565939243,1985-02,4,0.11261565939243001
2000051,DISCBOND,5005,Fama Bliss Discount Bonds - 5-Year (Nominal),1985-02-28,56.804878256507,D,11.304764827462,1985-02,5,0.11304764827462
2000047,DISCBOND,5001,Fama Bliss Discount Bonds - 1-Year (Nominal),1985-03-29,90.858366870758,D,9.5345856723316,1985-03,1,0.095345856723316
2000048,DISCBOND,5002,Fama Bliss Discount Bonds - 2-Year (Nominal),1985-03-29,81.520500641327,D,10.187871049472,1985-03,2,0.10187871049472
2000049,DISCBOND,5003,Fama Bliss Discount Bonds - 3-Year (Nominal),1985-03-29,72.627113712953,D,10.631933568777,1985-03,3,0.10631933568777001
2000050,DISCBOND,5004,Fama Bliss Discount Bonds - 4-Year (Nominal),1985-03-29,64.044589721829,D,11.116922805208,1985-03,4,0.11116922805208
2000051,DISCBOND,5005,Fama Bliss Discount Bonds - 5-Year (Nominal),1985-03-29,57.341182666388,D,11.110845644816,1985-03,5,0.11110845644815999
2000047,DISCBOND,5001,Fama Bliss Discount Bonds - 1-Year (Nominal),1985-04-30,91.464062218495,D,8.9224053497461,1985-04,1,0.089224053497461
2000048,DISCBOND,5002,Fama Bliss Discount Bonds - 2-Year (Nominal),1985-04-30,82.258268967361,D,9.7653133419145,1985-04,2,0.097653133419145
2000049,DISCBOND,5003,Fama Bliss Discount Bonds - 3-Year (Nominal),1985-04-30,73.619551259818,D,10.208652084668,1985-04,3,0.10208652084667999
2000050,DISCBOND,5004,Fama Bliss Discount Bonds - 4-Year (Nominal),1985-04-30,65.148826903067,D,10.719740066053,1985-04,4,0.10719740066052999
2000051,DISCBOND,5005,Fama Bliss Discount Bonds - 5-Year (Nominal),1985-04-30,58.344181047722,D,10.770309258071,1985-04,5,0.10770309258071001
2000047,DISCBOND,5001,Fama Bliss Discount Bonds - 1-Year (Nominal),1985-05-31,92.286817741164,D,8.048939684552,1985-05,1,0.08048939684551999
2000048,DISCBOND,5002,Fama Bliss Discount Bonds - 2-Year (Nominal),1985-05-31,83.995542685828,D,8.7442799094271,1985-05,2,0.087442799094271
2000049,DISCBOND,5003,Fama Bliss Discount Bonds - 3-Year (Nominal),1985-05-31,75.830750961237,D,9.2137956183778,1985-05,3,0.092137956183778
2000050,DISCBOND,5004,Fama Bliss Discount Bonds - 4-Year (Nominal),1985-05-31,67.785742579885,D,9.7138044184393,1985-05,4,0.09713804418439301
2000051,DISCBOND,5005,Fama Bliss Discount Bonds - 5-Year (Nominal),1985-05-31,61.473721351891,D,9.7258783901799,1985-05,5,0.09725878390179901
2000047,DISCBOND,5001,Fama Bliss Discount Bonds - 1-Year (Nominal),1985-06-28,92.569210203931,D,7.6792820110047,1985-06,1,0.076792820110047
2000048,DISCBOND,5002,Fama Bliss Discount Bonds - 2-Year (Nominal),1985-06-28,84.186596842046,D,8.5832075529061,1985-06,2,0.085832075529061
2000049,DISCBOND,5003,Fama Bliss Discount Bonds - 3-Year (Nominal),1985-06-28,75.726939092024,D,9.2425519570228,1985-06,3,0.09242551957022799
2000050,DISCBOND,5004,Fama Bliss Discount Bonds - 4-Year (Nominal),1985-06-28,67.949579576238,D,9.6402970103428,1985-06,4,0.096402970103428
2000051,DISCBOND,5005,Fama Bliss Discount Bonds - 5-Year (Nominal),1985-06-28,61.506230323511,D,9.7099930370387,1985-06,5,0.097099930370387
2000047,DISCBOND,5001,Fama Bliss Discount Bonds - 1-Year (Nominal),1985-07-31,92.171421927127,D,8.1520060878699,1985-07,1,0.081520060878699
2000048,DISCBOND,5002,Fama Bliss Discount Bonds - 2-Year (Nominal),1985-07-31,83.802591066893,D,8.8353129662698,1985-07,2,0.088353129662698
2000049,DISCBOND,5003,Fama Bliss Discount Bonds - 3-Year (Nominal),1985-07-31,75.28166851841,D,9.4731017534778,1985-07,3,0.09473101753477801
2000050,DISCBOND,5004,Fama Bliss Discount Bonds - 4-Year (Nominal),1985-07-31,66.997831234373,D,10.005895292042,1985-07,4,0.10005895292042
2000051,DISCBOND,5005,Fama Bliss Discount Bonds - 5-Year (Nominal),1985-07-31,60.88226435504,D,9.9191301286064,1985-07,5,0.09919130128606399
2000047,DISCBOND,5001,Fama Bliss Discount Bonds - 1-Year (Nominal),1985-08-30,92.301341467951,D,8.0331600940573,1985-08,1,0.080331600940573
2000048,DISCBOND,5002,Fama Bliss Discount Bonds - 2-Year (Nominal),1985-08-30,83.771737131932,D,8.8416132820684,1985-08,2,0.088416132820684
2000049,DISCBOND,5003,Fama Bliss Discount Bonds - 3-Year (Nominal),1985-08-30,75.827874575331,D,9.2066582406026,1985-08,3,0.092066582406026
2000050,DISCBOND,5004,Fama Bliss Discount Bonds - 4-Year (Nominal),1985-08-30,67.72652949644,D,9.728978019321,1985-08,4,0.09728978019321
2000051,DISCBOND,5005,Fama Bliss Discount Bonds - 5-Year (Nominal),1985-08-30,61.505636771983,D,9.7101858320208,1985-08,5,0.097101858320208
2000047,DISCBOND,5001,Fama Bliss Discount Bonds - 1-Year (Nominal),1985-09-30,92.290780179408,D,8.0225939182487,1985-09,1,0.08022593918248701
2000048,DISCBOND,5002,Fama Bliss Discount Bonds - 2-Year (Nominal),1985-09-30,84.019826246574,D,8.7058694124892,1985-09,2,0.087058694124892
2000049,DISCBOND,5003,Fama Bliss Discount Bonds - 3-Year (Nominal),1985-09-30,75.934618804953,D,9.1682107376502,1985-09,3,0.09168210737650201
2000050,DISCBOND,5004,Fama Bliss Discount Bonds - 4-Year (Nominal),1985-09-30,67.962388367874,D,9.6553936518036,1985-09,4,0.096553936518036
2000051,DISCBOND,5005,Fama Bliss Discount Bonds - 5-Year (Nominal),1985-09-30,61.31887707999,D,9.787011472119,1985-09,5,0.09787011472118999
2000047,DISCBOND,5001,Fama Bliss Discount Bonds - 1-Year (Nominal),1985-10-31,92.5237949502,D,7.7704331846083,1985-10,1,0.077704331846083
2000048,DISCBOND,5002,Fama Bliss Discount Bonds - 2-Year (Nominal),1985-10-31,84.324756193697,D,8.536428546479,1985-10,2,0.08536428546479
2000049,DISCBOND,5003,Fama Bliss Discount Bonds - 3-Year (Nominal),1985-10-31,76.570172133757,D,8.8906338203656,1985-10,3,0.08890633820365601
2000050,DISCBOND,5004,Fama Bliss Discount Bonds - 4-Year (Nominal),1985-10-31,68.910819794,D,9.3025532008792,1985-10,4,0.09302553200879199
2000051,DISCBOND,5005,Fama Bliss Discount Bonds - 5-Year (Nominal),1985-10-31,62.169605539482,D,9.5008729883094,1985-10,5,0.095008729883094
2000047,DISCBOND,5001,Fama Bliss Discount Bonds - 1-Year (Nominal),1985-11-29,92.618888828643,D,7.6887736846613,1985-11,1,0.076887736846613
2000048,DISCBOND,5002,Fama Bliss Discount Bonds - 2-Year (Nominal),1985-11-29,84.693391833873,D,8.2952669375702,1985-11,2,0.082952669375702
2000049,DISCBOND,5003,Fama Bliss Discount Bonds - 3-Year (Nominal),1985-11-29,77.273376657997,D,8.5783552628478,1985-11,3,0.085783552628478
2000050,DISCBOND,5004,Fama Bliss Discount Bonds - 4-Year (Nominal),1985-11-29,69.770233543783,D,8.9867574167288,1985-11,4,0.089867574167288
2000051,DISCBOND,5005,Fama Bliss Discount Bonds - 5-Year (Nominal),1985-11-29,63.154634493527,D,9.1816169036276,1985-11,5,0.091816169036276
2000047,DISCBOND,5001,Fama Bliss Discount Bonds - 1-Year (Nominal),1985-12-31,92.794096019184,D,7.4787168702741,1985-12,1,0.074787168702741
2000048,DISCBOND,5002,Fama Bliss Discount Bonds - 2-Year (Nominal),1985-12-31,85.467248270145,D,7.851847229997,1985-12,2,0.07851847229997
2000049,DISCBOND,5003,Fama Bliss Discount Bonds - 3-Year (Nominal),1985-12-31,78.287353062349,D,8.1594707443815,1985-12,3,0.08159470744381499
2000050,DISCBOND,5004,Fama Bliss Discount Bonds - 4-Year (Nominal),1985-12-31,71.377860717801,D,8.4353390389968,1985-12,4,0.08435339038996799
2000051,DISCBOND,5005,Fama Bliss Discount Bonds - 5-Year (Nominal),1985-12-31,64.959442543184,D,8.6234159972034,1985-12,5,0.086234159972034
2000047,DISCBOND,5001,Fama Bliss Discount Bonds - 1-Year (Nominal),1986-01-31,92.722337517199,D,7.5768364695313,1986-01,1,0.075768364695313
2000048,DISCBOND,5002,Fama Bliss Discount Bonds - 2-Year (Nominal),1986-01-31,85.544733420282,D,7.827984327535,1986-01,2,0.07827984327535
2000049,DISCBOND,5003,Fama Bliss Discount Bonds - 3-Year (Nominal),1986-01-31,78.138286344874,D,8.215498500549,1986-01,3,0.08215498500549
2000050,DISCBOND,5004,Fama Bliss Discount Bonds - 4-Year (Nominal),1986-01-31,71.26735217194,D,8.4625003889123,1986-01,4,0.084625003889123
2000051,DISCBOND,5005,Fama Bliss Discount Bonds - 5-Year (Nominal),1986-01-31,64.893917070853,D,8.643589396266,1986-01,5,0.08643589396266
2000047,DISCBOND,5001,Fama Bliss Discount Bonds - 1-Year (Nominal),1986-02-28,92.907002038804,D,7.3773293102955,1986-02,1,0.073773293102955
2000048,DISCBOND,5002,Fama Bliss Discount Bonds - 2-Year (Nominal),1986-02-28,85.975770787093,D,7.5448977683537,1986-02,2,0.075448977683537
2000049,DISCBOND,5003,Fama Bliss Discount Bonds - 3-Year (Nominal),1986-02-28,79.30162544144,D,7.7233323810672,1986-02,3,0.077233323810672
2000050,DISCBOND,5004,Fama Bliss Discount Bonds - 4-Year (Nominal),1986-02-28,72.938725282064,D,7.8833625400615,1986-02,4,0.078833625400615
2000051,DISCBOND,5005,Fama Bliss Discount Bonds - 5-Year (Nominal),1986-02-28,66.916856067342,D,8.0299855781787,1986-02,5,0.080299855781787
2000047,DISCBOND,5001,Fama Bliss Discount Bonds - 1-Year (Nominal),1986-03-31,93.434408283194,D,6.7910511558486,1986-03,1,0.067910511558486
2000048,DISCBOND,5002,Fama Bliss Discount Bonds - 2-Year (Nominal),1986-03-31,87.220507928979,D,6.82718271707,1986-03,2,0.0682718271707
2000049,DISCBOND,5003,Fama Bliss Discount Bonds - 3-Year (Nominal),1986-03-31,80.838113859501,D,7.0842515010059,1986-03,3,0.070842515010059
2000050,DISCBOND,5004,Fama Bliss Discount Bonds - 4-Year (Nominal),1986-03-31,74.722167136309,D,7.284834726446,1986-03,4,0.07284834726446
2000051,DISCBOND,5005,Fama Bliss Discount Bonds - 5-Year (Nominal),1986-03-31,69.184041268016,D,7.3760828765897,1986-03,5,0.073760828765897
2000047,DISCBOND,5001,Fama Bliss Discount Bonds - 1-Year (Nominal),1986-04-30,93.709654326033,D,6.4968967622015,1986-04,1,0.064968967622015
2000048,DISCBOND,5002,Fama Bliss Discount Bonds - 2-Year (Nominal),1986-04-30,87.45592929806,D,6.7017592335731,1986-04,2,0.067017592335731
2000049,DISCBOND,5003,Fama Bliss Discount Bonds - 3-Year (Nominal),1986-04-30,80.743458627175,D,7.1362913753019,1986-04,3,0.071362913753019
2000050,DISCBOND,5004,Fama Bliss Discount Bonds - 4-Year (Nominal),1986-04-30,74.757847101012,D,7.2679221674914,1986-04,4,0.072679221674914
2000051,DISCBOND,5005,Fama Bliss Discount Bonds - 5-Year (Nominal),1986-04-30,69.063883680137,D,7.3987108594939,1986-04,5,0.07398710859493901
2000047,DISCBOND,5001,Fama Bliss Discount Bonds - 1-Year (Nominal),1986-05-30,93.410902612776,D,6.8349378836006,1986-05,1,0.068349378836006
2000048,DISCBOND,5002,Fama Bliss Discount Bonds - 2-Year (Nominal),1986-05-30,86.369143523892,D,7.3069665388037,1986-05,2,0.073069665388037
2000049,DISCBOND,5003,Fama Bliss Discount Bonds - 3-Year (Nominal),1986-05-30,79.490175554581,D,7.6372756115038,1986-05,3,0.076372756115038
2000050,DISCBOND,5004,Fama Bliss Discount Bonds - 4-Year (Nominal),1986-05-30,72.471588061529,D,8.0383782894555,1986-05,4,0.080383782894555
2000051,DISCBOND,5005,Fama Bliss Discount Bonds - 5-Year (Nominal),1986-05-30,66.672051894165,D,8.0988111834463,1986-05,5,0.080988111834463
2000047,DISCBOND,5001,Fama Bliss Discount Bonds - 1-Year (Nominal),1986-06-30,93.783154098644,D,6.4184939935906,1986-06,1,0.064184939935906
2000048,DISCBOND,5002,Fama Bliss Discount Bonds - 2-Year (Nominal),1986-06-30,87.314503027538,D,6.7734018033599,1986-06,2,0.067734018033599
2000049,DISCBOND,5003,Fama Bliss Discount Bonds - 3-Year (Nominal),1986-06-30,80.755403507158,D,7.1183431727522,1986-06,3,0.071183431727522
2000050,DISCBOND,5004,Fama Bliss Discount Bonds - 4-Year (Nominal),1986-06-30,74.237603626699,D,7.447484419158,1986-06,4,0.07447484419158
2000051,DISCBOND,5005,Fama Bliss Discount Bonds - 5-Year (Nominal),1986-06-30,68.721105097927,D,7.5063895081784,1986-06,5,0.075063895081784
2000047,DISCBOND,5001,Fama Bliss Discount Bonds - 1-Year (Nominal),1986-07-31,93.991474339698,D,6.1966106345295,1986-07,1,0.061966106345295
2000048,DISCBOND,5002,Fama Bliss Discount Bonds - 2-Year (Nominal),1986-07-31,87.883076470837,D,6.4670054788859,1986-07,2,0.064670054788859
2000049,DISCBOND,5003,Fama Bliss Discount Bonds - 3-Year (Nominal),1986-07-31,80.93317400956,D,7.0451125279637,1986-07,3,0.070451125279637
2000050,DISCBOND,5004,Fama Bliss Discount Bonds - 4-Year (Nominal),1986-07-31,75.050345853175,D,7.1703644438624,1986-07,4,0.07170364443862401
2000051,DISCBOND,5005,Fama Bliss Discount Bonds - 5-Year (Nominal),1986-07-31,69.096275249352,D,7.3893380186017,1986-07,5,0.073893380186017
2000047,DISCBOND,5001,Fama Bliss Discount Bonds - 1-Year (Nominal),1986-08-29,94.650409239123,D,5.4680366089322,1986-08,1,0.054680366089322
2000048,DISCBOND,5002,Fama Bliss Discount Bonds - 2-Year (Nominal),1986-08-29,88.767534952346,D,5.9330775990873,1986-08,2,0.059330775990873
2000049,DISCBOND,5003,Fama Bliss Discount Bonds - 3-Year (Nominal),1986-08-29,82.672457003865,D,6.3254594829732,1986-08,3,0.063254594829732
2000050,DISCBOND,5004,Fama Bliss Discount Bonds - 4-Year (Nominal),1986-08-29,76.926754923378,D,6.5444637776516,1986-08,4,0.065444637776516
2000051,DISCBOND,5005,Fama Bliss Discount Bonds - 5-Year (Nominal),1986-08-29,71.722972302974,D,6.639905236374,1986-08,5,0.06639905236374
2000047,DISCBOND,5001,Fama Bliss Discount Bonds - 1-Year (Nominal),1986-09-30,94.343065608801,D,5.8232413336628,1986-09,1,0.058232413336628
2000048,DISCBOND,5002,Fama Bliss Discount Bonds - 2-Year (Nominal),1986-09-30,88.105146177679,D,6.3233000551465,1986-09,2,0.06323300055146501
2000049,DISCBOND,5003,Fama Bliss Discount Bonds - 3-Year (Nominal),1986-09-30,81.737137846237,D,6.7220576604474,1986-09,3,0.067220576604474
2000050,DISCBOND,5004,Fama Bliss Discount Bonds - 4-Year (Nominal),1986-09-30,75.215689141356,D,7.1251392204347,1986-09,4,0.071251392204347
2000051,DISCBOND,5005,Fama Bliss Discount Bonds - 5-Year (Nominal),1986-09-30,69.47736734042,D,7.2793937813885,1986-09,5,0.072793937813885
2000047,DISCBOND,5001,Fama Bliss Discount Bonds - 1-Year (Nominal),1986-10-31,94.520733705749,D,5.6505784130821,1986-10,1,0.056505784130821
2000048,DISCBOND,5002,Fama Bliss Discount Bonds - 2-Year (Nominal),1986-10-31,88.40554651357,D,6.1533445258625,1986-10,2,0.061533445258625
2000049,DISCBOND,5003,Fama Bliss Discount Bonds - 3-Year (Nominal),1986-10-31,82.217780659021,D,6.5206652387977,1986-10,3,0.065206652387977
2000050,DISCBOND,5004,Fama Bliss Discount Bonds - 4-Year (Nominal),1986-10-31,76.224835237301,D,6.7824260221287,1986-10,4,0.067824260221287
2000051,DISCBOND,5005,Fama Bliss Discount Bonds - 5-Year (Nominal),1986-10-31,70.269524227845,D,7.0527750674371,1986-10,5,0.070527750674371
2000047,DISCBOND,5001,Fama Bliss Discount Bonds - 1-Year (Nominal),1986-11-28,94.399781138376,D,5.7317363440328,1986-11,1,0.057317363440328
2000048,DISCBOND,5002,Fama Bliss Discount Bonds - 2-Year (Nominal),1986-11-28,88.447625863654,D,6.1128591281865,1986-11,2,0.061128591281865
2000049,DISCBOND,5003,Fama Bliss Discount Bonds - 3-Year (Nominal),1986-11-28,82.602578719928,D,6.3535691379067,1986-11,3,0.06353569137906699
2000050,DISCBOND,5004,Fama Bliss Discount Bonds - 4-Year (Nominal),1986-11-28,76.679232739866,D,6.6248691177627,1986-11,4,0.06624869117762701
2000051,DISCBOND,5005,Fama Bliss Discount Bonds - 5-Year (Nominal),1986-11-28,71.34631233601,D,6.7450986069684,1986-11,5,0.067450986069684
2000047,DISCBOND,5001,Fama Bliss Discount Bonds - 1-Year (Nominal),1986-12-31,94.119520358074,D,6.0604718209975,1986-12,1,0.060604718209975
2000048,DISCBOND,5002,Fama Bliss Discount Bonds - 2-Year (Nominal),1986-12-31,88.168279669183,D,6.2961464300314,1986-12,2,0.062961464300314
2000049,DISCBOND,5003,Fama Bliss Discount Bonds - 3-Year (Nominal),1986-12-31,82.286277020097,D,6.5048013872281,1986-12,3,0.065048013872281
2000050,DISCBOND,5004,Fama Bliss Discount Bonds - 4-Year (Nominal),1986-12-31,76.667751449236,D,6.637679206717,1986-12,4,0.06637679206717001
2000051,DISCBOND,5005,Fama Bliss Discount Bonds - 5-Year (Nominal),1986-12-31,70.762194787711,D,6.9131177642918,1986-12,5,0.069131177642918
2000047,DISCBOND,5001,Fama Bliss Discount Bonds - 1-Year (Nominal),1987-01-30,94.281334761634,D,5.9048730559186,1987-01,1,0.059048730559186
2000048,DISCBOND,5002,Fama Bliss Discount Bonds - 2-Year (Nominal),1987-01-30,88.312124243133,D,6.1976592760428,1987-01,2,0.061976592760428
2000049,DISCBOND,5003,Fama Bliss Discount Bonds - 3-Year (Nominal),1987-01-30,82.382748777561,D,6.4480271115842,1987-01,3,0.06448027111584201
2000050,DISCBOND,5004,Fama Bliss Discount Bonds - 4-Year (Nominal),1987-01-30,76.588529297079,D,6.6589498832711,1987-01,4,0.066589498832711
2000051,DISCBOND,5005,Fama Bliss Discount Bonds - 5-Year (Nominal),1987-01-30,71.361068345157,D,6.7409671161535,1987-01,5,0.067409671161535
2000047,DISCBOND,5001,Fama Bliss Discount Bonds - 1-Year (Nominal),1987-02-27,94.167951502665,D,5.9762812314021,1987-02,1,0.059762812314021
2000048,DISCBOND,5002,Fama Bliss Discount Bonds - 2-Year (Nominal),1987-02-27,88.171726866244,D,6.2769944726639,1987-02,2,0.06276994472663901
2000049,DISCBOND,5003,Fama Bliss Discount Bonds - 3-Year (Nominal),1987-02-27,82.375910254916,D,6.4507891535464,1987-02,3,0.064507891535464
2000050,DISCBOND,5004,Fama Bliss Discount Bonds - 4-Year (Nominal),1987-02-27,76.628991959845,D,6.6457636265656,1987-02,4,0.066457636265656
2000051,DISCBOND,5005,Fama Bliss Discount Bonds - 5-Year (Nominal),1987-02-27,71.359518051676,D,6.7414011380183,1987-02,5,0.06741401138018299
2000047,DISCBOND,5001,Fama Bliss Discount Bonds - 1-Year (Nominal),1987-03-31,93.989051119803,D,6.1822512641567,1987-03,1,0.061822512641567
2000048,DISCBOND,5002,Fama Bliss Discount Bonds - 2-Year (Nominal),1987-03-31,87.879654025741,D,6.4512564495392,1987-03,2,0.064512564495392
2000049,DISCBOND,5003,Fama Bliss Discount Bonds - 3-Year (Nominal),1987-03-31,81.793144585052,D,6.699225296989,1987-03,3,0.06699225296989
2000050,DISCBOND,5004,Fama Bliss Discount Bonds - 4-Year (Nominal),1987-03-31,76.050877373584,D,6.8535792228526,1987-03,4,0.068535792228526
2000051,DISCBOND,5005,Fama Bliss Discount Bonds - 5-Year (Nominal),1987-03-31,70.239752953902,D,7.0573809030254,1987-03,5,0.07057380903025401
2000047,DISCBOND,5001,Fama Bliss Discount Bonds - 1-Year (Nominal),1987-04-30,93.392017655958,D,6.8364308474528,1987-04,1,0.068364308474528
2000048,DISCBOND,5002,Fama Bliss Discount Bonds - 2-Year (Nominal),1987-04-30,86.539486608779,D,7.2383847708874,1987-04,2,0.072383847708874
2000049,DISCBOND,5003,Fama Bliss Discount Bonds - 3-Year (Nominal),1987-04-30,79.662126915446,D,7.5722819367534,1987-04,3,0.075722819367534
2000050,DISCBOND,5004,Fama Bliss Discount Bonds - 4-Year (Nominal),1987-04-30,73.305309825042,D,7.7581149001125,1987-04,4,0.077581149001125
2000051,DISCBOND,5005,Fama Bliss Discount Bonds - 5-Year (Nominal),1987-04-30,67.55903694468,D,7.8347808540562,1987-04,5,0.078347808540562
2000047,DISCBOND,5001,Fama Bliss Discount Bonds - 1-Year (Nominal),1987-05-29,93.101572756942,D,7.0896397596491,1987-05,1,0.070896397596491
2000048,DISCBOND,5002,Fama Bliss Discount Bonds - 2-Year (Nominal),1987-05-29,85.836352022001,D,7.6051254853457,1987-05,2,0.076051254853457
2000049,DISCBOND,5003,Fama Bliss Discount Bonds - 3-Year (Nominal),1987-05-29,78.967341529906,D,7.8496878647947,1987-05,3,0.07849687864794701
2000050,DISCBOND,5004,Fama Bliss Discount Bonds - 4-Year (Nominal),1987-05-29,72.535400015616,D,8.010925893155,1987-05,4,0.08010925893154999
2000051,DISCBOND,5005,Fama Bliss Discount Bonds - 5-Year (Nominal),1987-05-29,66.621281715409,D,8.1140301300437,1987-05,5,0.08114030130043699
2000047,DISCBOND,5001,Fama Bliss Discount Bonds - 1-Year (Nominal),1987-06-30,93.387119300082,D,6.8229829802248,1987-06,1,0.068229829802248
2000048,DISCBOND,5002,Fama Bliss Discount Bonds - 2-Year (Nominal),1987-06-30,86.315682204819,D,7.3478787879518,1987-06,2,0.073478787879518
2000049,DISCBOND,5003,Fama Bliss Discount Bonds - 3-Year (Nominal),1987-06-30,79.533021724664,D,7.6332629929295,1987-06,3,0.076332629929295
2000050,DISCBOND,5004,Fama Bliss Discount Bonds - 4-Year (Nominal),1987-06-30,73.139159886693,D,7.8255168456139,1987-06,4,0.078255168456139
2000051,DISCBOND,5005,Fama Bliss Discount Bonds - 5-Year (Nominal),1987-06-30,66.979799930341,D,8.0068074636798,1987-06,5,0.080068074636798
2000047,DISCBOND,5001,Fama Bliss Discount Bonds - 1-Year (Nominal),1987-07-31,93.318169028298,D,6.9345349715418,1987-07,1,0.069345349715418
2000048,DISCBOND,5002,Fama Bliss Discount Bonds - 2-Year (Nominal),1987-07-31,86.07944307702,D,7.4847249448347,1987-07,2,0.074847249448347
2000049,DISCBOND,5003,Fama Bliss Discount Bonds - 3-Year (Nominal),1987-07-31,79.034903912813,D,7.8355315615096,1987-07,3,0.078355315615096
2000050,DISCBOND,5004,Fama Bliss Discount Bonds - 4-Year (Nominal),1987-07-31,72.644853984121,D,7.9842223214256,1987-07,4,0.07984222321425599
2000051,DISCBOND,5005,Fama Bliss Discount Bonds - 5-Year (Nominal),1987-07-31,66.567439425759,D,8.1301826543785,1987-07,5,0.081301826543785
2000047,DISCBOND,5001,Fama Bliss Discount Bonds - 1-Year (Nominal),1987-08-31,93.02995258075,D,7.205127485007,1987-08,1,0.07205127485007
2000048,DISCBOND,5002,Fama Bliss Discount Bonds - 2-Year (Nominal),1987-08-31,85.496277551752,D,7.8241494294516,1987-08,2,0.078241494294516
2000049,DISCBOND,5003,Fama Bliss Discount Bonds - 3-Year (Nominal),1987-08-31,78.305701901813,D,8.1442214988925,1987-08,3,0.08144221498892501
2000050,DISCBOND,5004,Fama Bliss Discount Bonds - 4-Year (Nominal),1987-08-31,71.788729628292,D,8.2860672805032,1987-08,4,0.08286067280503201
2000051,DISCBOND,5005,Fama Bliss Discount Bonds - 5-Year (Nominal),1987-08-31,65.607743790813,D,8.4203012320597,1987-08,5,0.084203012320597
2000047,DISCBOND,5001,Fama Bliss Discount Bonds - 1-Year (Nominal),1987-09-30,92.400821003445,D,7.8818383118291,1987-09,1,0.07881838311829101
2000048,DISCBOND,5002,Fama Bliss Discount Bonds - 2-Year (Nominal),1987-09-30,84.46718538162,D,8.4403532863505,1987-09,2,0.08440353286350501
2000049,DISCBOND,5003,Fama Bliss Discount Bonds - 3-Year (Nominal),1987-09-30,76.891349687049,D,8.7672330466499,1987-09,3,0.08767233046649901
2000050,DISCBOND,5004,Fama Bliss Discount Bonds - 4-Year (Nominal),1987-09-30,69.715896176604,D,9.0123730594247,1987-09,4,0.090123730594247
2000051,DISCBOND,5005,Fama Bliss Discount Bonds - 5-Year (Nominal),1987-09-30,63.427583763839,D,9.0954591796205,1987-09,5,0.09095459179620499
2000047,DISCBOND,5001,Fama Bliss Discount Bonds - 1-Year (Nominal),1987-10-30,93.472443312891,D,6.7135650360805,1987-10,1,0.067135650360805
2000048,DISCBOND,5002,Fama Bliss Discount Bonds - 2-Year (Nominal),1987-10-30,85.810326268813,D,7.6306360229424,1987-10,2,0.076306360229424
2000049,DISCBOND,5003,Fama Bliss Discount Bonds - 3-Year (Nominal),1987-10-30,78.572887093606,D,8.0234617171074,1987-10,3,0.080234617171074
2000050,DISCBOND,5004,Fama Bliss Discount Bonds - 4-Year (Nominal),1987-10-30,71.655453793377,D,8.3211241602564,1987-10,4,0.08321124160256399
2000051,DISCBOND,5005,Fama Bliss Discount Bonds - 5-Year (Nominal),1987-10-30,65.780198883301,D,8.3678561137302,1987-10,5,0.083678561137302
2000047,DISCBOND,5001,Fama Bliss Discount Bonds - 1-Year (Nominal),1987-11-30,93.331308342671,D,6.8826005253252,1987-11,1,0.068826005253252
2000048,DISCBOND,5002,Fama Bliss Discount Bonds - 2-Year (Nominal),1987-11-30,85.959065644663,D,7.5546004501514,1987-11,2,0.075546004501514
2000049,DISCBOND,5003,Fama Bliss Discount Bonds - 3-Year (Nominal),1987-11-30,78.727890147912,D,7.9651498044386,1987-11,3,0.07965149804438601
2000050,DISCBOND,5004,Fama Bliss Discount Bonds - 4-Year (Nominal),1987-11-30,71.836514909101,D,8.2694318753811,1987-11,4,0.082694318753811
2000051,DISCBOND,5005,Fama Bliss Discount Bonds - 5-Year (Nominal),1987-11-30,65.485859737126,D,8.4574504625793,1987-11,5,0.08457450462579301
2000047,DISCBOND,5001,Fama Bliss Discount Bonds - 1-Year (Nominal),1987-12-31,93.01367303222,D,7.2423681789663,1987-12,1,0.072423681789663
2000048,DISCBOND,5002,Fama Bliss Discount Bonds - 2-Year (Nominal),1987-12-31,85.850421524568,D,7.6386483278018,1987-12,2,0.076386483278018
2000049,DISCBOND,5003,Fama Bliss Discount Bonds - 3-Year (Nominal),1987-12-31,78.911953666403,D,7.8873794202121,1987-12,3,0.078873794202121
2000050,DISCBOND,5004,Fama Bliss Discount Bonds - 4-Year (Nominal),1987-12-31,72.262500771457,D,8.1160625589912,1987-12,4,0.081160625589912
2000051,DISCBOND,5005,Fama Bliss Discount Bonds - 5-Year (Nominal),1987-12-31,65.992209170021,D,8.303570005536,1987-12,5,0.08303570005536001
2000047,DISCBOND,5001,Fama Bliss Discount Bonds - 1-Year (Nominal),1988-01-29,93.450191557612,D,6.7189360047503,1988-01,1,0.067189360047503
2000048,DISCBOND,5002,Fama Bliss Discount Bonds - 2-Year (Nominal),1988-01-29,86.645579016378,D,7.137875996293,1988-01,2,0.07137875996293
2000049,DISCBOND,5003,Fama Bliss Discount Bonds - 3-Year (Nominal),1988-01-29,80.11068406341,D,7.371835033733,1988-01,3,0.07371835033733
2000050,DISCBOND,5004,Fama Bliss Discount Bonds - 4-Year (Nominal),1988-01-29,73.803606499563,D,7.5784924489819,1988-01,4,0.07578492448981901
2000051,DISCBOND,5005,Fama Bliss Discount Bonds - 5-Year (Nominal),1988-01-29,68.092399213029,D,7.6776778677933,1988-01,5,0.076776778677933
2000047,DISCBOND,5001,Fama Bliss Discount Bonds - 1-Year (Nominal),1988-02-29,93.605853648251,D,6.6077265482986,1988-02,1,0.066077265482986
2000048,DISCBOND,5002,Fama Bliss Discount Bonds - 2-Year (Nominal),1988-02-29,86.92896167062,D,7.0039466699689,1988-02,2,0.070039466699689
2000049,DISCBOND,5003,Fama Bliss Discount Bonds - 3-Year (Nominal),1988-02-29,80.481532493542,D,7.2380814790512,1988-02,3,0.072380814790512
2000050,DISCBOND,5004,Fama Bliss Discount Bonds - 4-Year (Nominal),1988-02-29,74.338205181102,D,7.4136291197708,1988-02,4,0.074136291197708
2000051,DISCBOND,5005,Fama Bliss Discount Bonds - 5-Year (Nominal),1988-02-29,68.581266260231,D,7.5471507997257,1988-02,5,0.075471507997257
2000047,DISCBOND,5001,Fama Bliss Discount Bonds - 1-Year (Nominal),1988-03-31,93.380190838809,D,6.8490952767705,1988-03,1,0.068490952767705
2000048,DISCBOND,5002,Fama Bliss Discount Bonds - 2-Year (Nominal),1988-03-31,86.471108781633,D,7.2779613223964,1988-03,2,0.072779613223964
2000049,DISCBOND,5003,Fama Bliss Discount Bonds - 3-Year (Nominal),1988-03-31,79.777308121493,D,7.5517255910071,1988-03,3,0.07551725591007101
2000050,DISCBOND,5004,Fama Bliss Discount Bonds - 4-Year (Nominal),1988-03-31,73.231046670184,D,7.7834370571195,1988-03,4,0.07783437057119501
2000051,DISCBOND,5005,Fama Bliss Discount Bonds - 5-Year (Nominal),1988-03-31,67.110705268712,D,7.9721636890889,1988-03,5,0.079721636890889
2000047,DISCBOND,5001,Fama Bliss Discount Bonds - 1-Year (Nominal),1988-04-29,93.172928478462,D,7.0907243019684,1988-04,1,0.070907243019684
2000048,DISCBOND,5002,Fama Bliss Discount Bonds - 2-Year (Nominal),1988-04-29,85.843982835076,D,7.6214941380679,1988-04,2,0.07621494138067901
2000049,DISCBOND,5003,Fama Bliss Discount Bonds - 3-Year (Nominal),1988-04-29,78.922720189749,D,7.8828359739741,1988-04,3,0.07882835973974099
2000050,DISCBOND,5004,Fama Bliss Discount Bonds - 4-Year (Nominal),1988-04-29,72.226253558163,D,8.1230371624474,1988-04,4,0.081230371624474
2000051,DISCBOND,5005,Fama Bliss Discount Bonds - 5-Year (Nominal),1988-04-29,66.183556642708,D,8.245726379764,1988-04,5,0.08245726379764
2000047,DISCBOND,5001,Fama Bliss Discount Bonds - 1-Year (Nominal),1988-05-31,92.621768471378,D,7.6645991278666,1988-05,1,0.076645991278666
2000048,DISCBOND,5002,Fama Bliss Discount Bonds - 2-Year (Nominal),1988-05-31,85.124455988633,D,8.0527906137216,1988-05,2,0.080527906137216
2000049,DISCBOND,5003,Fama Bliss Discount Bonds - 3-Year (Nominal),1988-05-31,78.023210975867,D,8.272127811594,1988-05,3,0.08272127811594
2000050,DISCBOND,5004,Fama Bliss Discount Bonds - 4-Year (Nominal),1988-05-31,71.137202150893,D,8.5198296714969,1988-05,4,0.08519829671496901
2000051,DISCBOND,5005,Fama Bliss Discount Bonds - 5-Year (Nominal),1988-05-31,64.919190483602,D,8.6500179032314,1988-05,5,0.08650017903231401
2000047,DISCBOND,5001,Fama Bliss Discount Bonds - 1-Year (Nominal),1988-06-30,92.765874684088,D,7.5091343522412,1988-06,1,0.07509134352241201
2000048,DISCBOND,5002,Fama Bliss Discount Bonds - 2-Year (Nominal),1988-06-30,85.462773282375,D,7.8652395476226,1988-06,2,0.07865239547622599
2000049,DISCBOND,5003,Fama Bliss Discount Bonds - 3-Year (Nominal),1988-06-30,78.613014434067,D,8.0357746743294,1988-06,3,0.08035774674329399
2000050,DISCBOND,5004,Fama Bliss Discount Bonds - 4-Year (Nominal),1988-06-30,72.0719937901,D,8.182012386808,1988-06,4,0.08182012386807999
2000051,DISCBOND,5005,Fama Bliss Discount Bonds - 5-Year (Nominal),1988-06-30,65.987487512739,D,8.3095474573477,1988-06,5,0.08309547457347699
2000047,DISCBOND,5001,Fama Bliss Discount Bonds - 1-Year (Nominal),1988-07-29,92.360187679083,D,7.9041067582353,1988-07,1,0.079041067582353
2000048,DISCBOND,5002,Fama Bliss Discount Bonds - 2-Year (Nominal),1988-07-29,84.73119114816,D,8.261685323463,1988-07,2,0.08261685323463
2000049,DISCBOND,5003,Fama Bliss Discount Bonds - 3-Year (Nominal),1988-07-29,77.732240530173,D,8.3813608409517,1988-07,3,0.083813608409517
2000050,DISCBOND,5004,Fama Bliss Discount Bonds - 4-Year (Nominal),1988-07-29,71.105215878174,D,8.5077556338838,1988-07,4,0.085077556338838
2000051,DISCBOND,5005,Fama Bliss Discount Bonds - 5-Year (Nominal),1988-07-29,65.052306942723,D,8.5901564099865,1988-07,5,0.085901564099865
2000047,DISCBOND,5001,Fama Bliss Discount Bonds - 1-Year (Nominal),1988-08-31,92.078352074529,D,8.2530318405676,1988-08,1,0.082530318405676
2000048,DISCBOND,5002,Fama Bliss Discount Bonds - 2-Year (Nominal),1988-08-31,84.316843810037,D,8.5294266495493,1988-08,2,0.085294266495493
2000049,DISCBOND,5003,Fama Bliss Discount Bonds - 3-Year (Nominal),1988-08-31,77.241938801495,D,8.6154552468154,1988-08,3,0.08615455246815401
2000050,DISCBOND,5004,Fama Bliss Discount Bonds - 4-Year (Nominal),1988-08-31,70.46372697686,D,8.745812903337,1988-08,4,0.08745812903337001
2000051,DISCBOND,5005,Fama Bliss Discount Bonds - 5-Year (Nominal),1988-08-31,64.423819071633,D,8.7889190690164,1988-08,5,0.087889190690164
2000047,DISCBOND,5001,Fama Bliss Discount Bonds - 1-Year (Nominal),1988-09-30,92.355410066861,D,7.9744380137387,1988-09,1,0.079744380137387
2000048,DISCBOND,5002,Fama Bliss Discount Bonds - 2-Year (Nominal),1988-09-30,84.793745958679,D,8.2700779339565,1988-09,2,0.082700779339565
2000049,DISCBOND,5003,Fama Bliss Discount Bonds - 3-Year (Nominal),1988-09-30,77.799177177237,D,8.3679779489764,1988-09,3,0.08367977948976399
2000050,DISCBOND,5004,Fama Bliss Discount Bonds - 4-Year (Nominal),1988-09-30,71.420516468146,D,8.4088660033614,1988-09,4,0.084088660033614
2000051,DISCBOND,5005,Fama Bliss Discount Bonds - 5-Year (Nominal),1988-09-30,65.385146994164,D,8.492847381617,1988-09,5,0.08492847381617001
2000047,DISCBOND,5001,Fama Bliss Discount Bonds - 1-Year (Nominal),1988-10-31,92.402262839702,D,7.9018718033151,1988-10,1,0.079018718033151
2000048,DISCBOND,5002,Fama Bliss Discount Bonds - 2-Year (Nominal),1988-10-31,85.084687239388,D,8.0761552516101,1988-10,2,0.080761552516101
2000049,DISCBOND,5003,Fama Bliss Discount Bonds - 3-Year (Nominal),1988-10-31,78.426284783074,D,8.1003685657525,1988-10,3,0.081003685657525
2000050,DISCBOND,5004,Fama Bliss Discount Bonds - 4-Year (Nominal),1988-10-31,72.093927038243,D,8.1800093737518,1988-10,4,0.081800093737518
2000051,DISCBOND,5005,Fama Bliss Discount Bonds - 5-Year (Nominal),1988-10-31,66.324920415789,D,8.2165918201801,1988-10,5,0.082165918201801
2000047,DISCBOND,5001,Fama Bliss Discount Bonds - 1-Year (Nominal),1988-11-30,91.885311087364,D,8.4629005230028,1988-11,1,0.08462900523002799
2000048,DISCBOND,5002,Fama Bliss Discount Bonds - 2-Year (Nominal),1988-11-30,84.128264058602,D,8.6413799336826,1988-11,2,0.086413799336826
2000049,DISCBOND,5003,Fama Bliss Discount Bonds - 3-Year (Nominal),1988-11-30,77.176105692303,D,8.643903255083,1988-11,3,0.08643903255083
2000050,DISCBOND,5004,Fama Bliss Discount Bonds - 4-Year (Nominal),1988-11-30,70.508196807272,D,8.7300511141255,1988-11,4,0.08730051114125499
2000051,DISCBOND,5005,Fama Bliss Discount Bonds - 5-Year (Nominal),1988-11-30,64.618698104115,D,8.7285444098735,1988-11,5,0.087285444098735
2000047,DISCBOND,5001,Fama Bliss Discount Bonds - 1-Year (Nominal),1988-12-30,91.510508199109,D,8.8960106855275,1988-12,1,0.088960106855275
2000048,DISCBOND,5002,Fama Bliss Discount Bonds - 2-Year (Nominal),1988-12-30,83.614486144208,D,8.9354297943642,1988-12,2,0.089354297943642
2000049,DISCBOND,5003,Fama Bliss Discount Bonds - 3-Year (Nominal),1988-12-30,76.350766079572,D,8.9861978105052,1988-12,3,0.08986197810505199
2000050,DISCBOND,5004,Fama Bliss Discount Bonds - 4-Year (Nominal),1988-12-30,69.758272754016,D,8.9910376989154,1988-12,4,0.08991037698915401
2000051,DISCBOND,5005,Fama Bliss Discount Bonds - 5-Year (Nominal),1988-12-30,63.727816683207,D,9.0011164113256,1988-12,5,0.090011164113256
2000047,DISCBOND,5001,Fama Bliss Discount Bonds - 1-Year (Nominal),1989-01-31,91.500288687957,D,8.8828058651957,1989-01,1,0.08882805865195699
2000048,DISCBOND,5002,Fama Bliss Discount Bonds - 2-Year (Nominal),1989-01-31,83.684557778178,D,8.9057860199153,1989-01,2,0.089057860199153
2000049,DISCBOND,5003,Fama Bliss Discount Bonds - 3-Year (Nominal),1989-01-31,76.649713253841,D,8.8641443194326,1989-01,3,0.08864144319432601
2000050,DISCBOND,5004,Fama Bliss Discount Bonds - 4-Year (Nominal),1989-01-31,70.114477540427,D,8.8821062572923,1989-01,4,0.08882106257292299
2000051,DISCBOND,5005,Fama Bliss Discount Bonds - 5-Year (Nominal),1989-01-31,64.296463773348,D,8.8284732363632,1989-01,5,0.088284732363632
2000047,DISCBOND,5001,Fama Bliss Discount Bonds - 1-Year (Nominal),1989-02-28,91.070283385882,D,9.3538632676275,1989-02,1,0.09353863267627499
2000048,DISCBOND,5002,Fama Bliss Discount Bonds - 2-Year (Nominal),1989-02-28,83.009440490044,D,9.3107921907798,1989-02,2,0.093107921907798
2000049,DISCBOND,5003,Fama Bliss Discount Bonds - 3-Year (Nominal),1989-02-28,75.766259428297,D,9.2505708994766,1989-02,3,0.092505708994766
2000050,DISCBOND,5004,Fama Bliss Discount Bonds - 4-Year (Nominal),1989-02-28,69.045776012464,D,9.2663593290232,1989-02,4,0.092663593290232
2000051,DISCBOND,5005,Fama Bliss Discount Bonds - 5-Year (Nominal),1989-02-28,63.253697434797,D,9.1553151467089,1989-02,5,0.09155315146708899
2000047,DISCBOND,5001,Fama Bliss Discount Bonds - 1-Year (Nominal),1989-03-31,90.851111030068,D,9.6211760065904,1989-03,1,0.096211760065904
2000048,DISCBOND,5002,Fama Bliss Discount Bonds - 2-Year (Nominal),1989-03-31,82.730255042974,D,9.5183570459557,1989-03,2,0.095183570459557
2000049,DISCBOND,5003,Fama Bliss Discount Bonds - 3-Year (Nominal),1989-03-31,75.280318432487,D,9.4564130811499,1989-03,3,0.094564130811499
2000050,DISCBOND,5004,Fama Bliss Discount Bonds - 4-Year (Nominal),1989-03-31,68.804448326033,D,9.341146846179,1989-03,4,0.09341146846179
2000051,DISCBOND,5005,Fama Bliss Discount Bonds - 5-Year (Nominal),1989-03-31,62.839288212081,D,9.2867050886077,1989-03,5,0.092867050886077
2000047,DISCBOND,5001,Fama Bliss Discount Bonds - 1-Year (Nominal),1989-04-28,91.302236681677,D,9.0499015351787,1989-04,1,0.090499015351787
2000048,DISCBOND,5002,Fama Bliss Discount Bonds - 2-Year (Nominal),1989-04-28,83.356961107738,D,9.077034807002,1989-04,2,0.09077034807002
2000049,DISCBOND,5003,Fama Bliss Discount Bonds - 3-Year (Nominal),1989-04-28,76.244910693611,D,9.0159492995105,1989-04,3,0.090159492995105
2000050,DISCBOND,5004,Fama Bliss Discount Bonds - 4-Year (Nominal),1989-04-28,69.82180049885,D,8.9621820021681,1989-04,4,0.08962182002168101
2000051,DISCBOND,5005,Fama Bliss Discount Bonds - 5-Year (Nominal),1989-04-28,64.079551463415,D,8.8911538548139,1989-04,5,0.088911538548139
2000047,DISCBOND,5001,Fama Bliss Discount Bonds - 1-Year (Nominal),1989-05-31,91.608104829509,D,8.7650437550692,1989-05,1,0.087650437550692
2000048,DISCBOND,5002,Fama Bliss Discount Bonds - 2-Year (Nominal),1989-05-31,84.189927298589,D,8.6047450089318,1989-05,2,0.08604745008931801
2000049,DISCBOND,5003,Fama Bliss Discount Bonds - 3-Year (Nominal),1989-05-31,77.253427149456,D,8.6104933509513,1989-05,3,0.086104933509513
2000050,DISCBOND,5004,Fama Bliss Discount Bonds - 4-Year (Nominal),1989-05-31,70.948941098176,D,8.5920125510488,1989-05,4,0.085920125510488
2000051,DISCBOND,5005,Fama Bliss Discount Bonds - 5-Year (Nominal),1989-05-31,65.226818064062,D,8.5413091881244,1989-05,5,0.08541309188124399
2000047,DISCBOND,5001,Fama Bliss Discount Bonds - 1-Year (Nominal),1989-06-30,92.223032347209,D,8.1182700036781,1989-06,1,0.081182700036781
2000048,DISCBOND,5002,Fama Bliss Discount Bonds - 2-Year (Nominal),1989-06-30,85.412701334181,D,7.9054274899257,1989-06,2,0.07905427489925701
2000049,DISCBOND,5003,Fama Bliss Discount Bonds - 3-Year (Nominal),1989-06-30,78.856493776746,D,7.9107931817478,1989-06,3,0.079107931817478
2000050,DISCBOND,5004,Fama Bliss Discount Bonds - 4-Year (Nominal),1989-06-30,73.016574825945,D,7.8567118230787,1989-06,4,0.078567118230787
2000051,DISCBOND,5005,Fama Bliss Discount Bonds - 5-Year (Nominal),1989-06-30,67.222989980586,D,7.9387474290759,1989-06,5,0.079387474290759
2000047,DISCBOND,5001,Fama Bliss Discount Bonds - 1-Year (Nominal),1989-07-31,92.683637986117,D,7.5978233999261,1989-07,1,0.075978233999261
2000048,DISCBOND,5002,Fama Bliss Discount Bonds - 2-Year (Nominal),1989-07-31,86.311816235415,D,7.360183840737,1989-07,2,0.07360183840737
2000049,DISCBOND,5003,Fama Bliss Discount Bonds - 3-Year (Nominal),1989-07-31,79.950378594421,D,7.4519952046462,1989-07,3,0.074519952046462
2000050,DISCBOND,5004,Fama Bliss Discount Bonds - 4-Year (Nominal),1989-07-31,74.26864137559,D,7.437034437966,1989-07,4,0.07437034437966
2000051,DISCBOND,5005,Fama Bliss Discount Bonds - 5-Year (Nominal),1989-07-31,68.957214043076,D,7.4377545568233,1989-07,5,0.074377545568233
2000047,DISCBOND,5001,Fama Bliss Discount Bonds - 1-Year (Nominal),1989-08-31,92.207714287554,D,8.1126389863195,1989-08,1,0.081126389863195
2000048,DISCBOND,5002,Fama Bliss Discount Bonds - 2-Year (Nominal),1989-08-31,84.830620011501,D,8.2369646727573,1989-08,2,0.08236964672757299
2000049,DISCBOND,5003,Fama Bliss Discount Bonds - 3-Year (Nominal),1989-08-31,78.220758584623,D,8.180366964082,1989-08,3,0.08180366964081999
2000050,DISCBOND,5004,Fama Bliss Discount Bonds - 4-Year (Nominal),1989-08-31,72.117188635093,D,8.1663510478135,1989-08,4,0.081663510478135
2000051,DISCBOND,5005,Fama Bliss Discount Bonds - 5-Year (Nominal),1989-08-31,66.586693655256,D,8.1288540391443,1989-08,5,0.08128854039144301
2000047,DISCBOND,5001,Fama Bliss Discount Bonds - 1-Year (Nominal),1989-09-29,92.047802368632,D,8.3089799884204,1989-09,1,0.08308979988420401
2000048,DISCBOND,5002,Fama Bliss Discount Bonds - 2-Year (Nominal),1989-09-29,84.698053595895,D,8.2925186377457,1989-09,2,0.082925186377457
2000049,DISCBOND,5003,Fama Bliss Discount Bonds - 3-Year (Nominal),1989-09-29,77.940719801371,D,8.2922426859404,1989-09,3,0.082922426859404
2000050,DISCBOND,5004,Fama Bliss Discount Bonds - 4-Year (Nominal),1989-09-29,71.838538551451,D,8.2574161273006,1989-09,4,0.082574161273006
2000051,DISCBOND,5005,Fama Bliss Discount Bonds - 5-Year (Nominal),1989-09-29,66.257457557427,D,8.2234311644713,1989-09,5,0.08223431164471301
2000047,DISCBOND,5001,Fama Bliss Discount Bonds - 1-Year (Nominal),1989-10-31,92.546394343699,D,7.7460106736705,1989-10,1,0.077460106736705
2000048,DISCBOND,5002,Fama Bliss Discount Bonds - 2-Year (Nominal),1989-10-31,85.769240124859,D,7.6754875238173,1989-10,2,0.076754875238173
2000049,DISCBOND,5003,Fama Bliss Discount Bonds - 3-Year (Nominal),1989-10-31,79.201404669622,D,7.7725386182212,1989-10,3,0.077725386182212
2000050,DISCBOND,5004,Fama Bliss Discount Bonds - 4-Year (Nominal),1989-10-31,73.288626066162,D,7.7744443382528,1989-10,4,0.077744443382528
2000051,DISCBOND,5005,Fama Bliss Discount Bonds - 5-Year (Nominal),1989-10-31,67.838590144958,D,7.7565291330198,1989-10,5,0.077565291330198
2000047,DISCBOND,5001,Fama Bliss Discount Bonds - 1-Year (Nominal),1989-11-30,92.618133467831,D,7.6685237720817,1989-11,1,0.076685237720817
2000048,DISCBOND,5002,Fama Bliss Discount Bonds - 2-Year (Nominal),1989-11-30,85.94144592419,D,7.5855903621173,1989-11,2,0.075855903621173
2000049,DISCBOND,5003,Fama Bliss Discount Bonds - 3-Year (Nominal),1989-11-30,79.518615147961,D,7.6323314414389,1989-11,3,0.076323314414389
2000050,DISCBOND,5004,Fama Bliss Discount Bonds - 4-Year (Nominal),1989-11-30,73.527832662431,D,7.6823926550189,1989-11,4,0.07682392655018899
2000051,DISCBOND,5005,Fama Bliss Discount Bonds - 5-Year (Nominal),1989-11-30,68.097177694673,D,7.6804796155042,1989-11,5,0.076804796155042
2000047,DISCBOND,5001,Fama Bliss Discount Bonds - 1-Year (Nominal),1989-12-29,92.497236313427,D,7.7566398109144,1989-12,1,0.07756639810914401
2000048,DISCBOND,5002,Fama Bliss Discount Bonds - 2-Year (Nominal),1989-12-29,85.630939369503,D,7.7349847863164,1989-12,2,0.077349847863164
2000049,DISCBOND,5003,Fama Bliss Discount Bonds - 3-Year (Nominal),1989-12-29,79.110551921871,D,7.7894563161833,1989-12,3,0.077894563161833
2000050,DISCBOND,5004,Fama Bliss Discount Bonds - 4-Year (Nominal),1989-12-29,73.181323375144,D,7.7897422671795,1989-12,4,0.077897422671795
2000051,DISCBOND,5005,Fama Bliss Discount Bonds - 5-Year (Nominal),1989-12-29,67.812217043713,D,7.7600520677058,1989-12,5,0.077600520677058
2000047,DISCBOND,5001,Fama Bliss Discount Bonds - 1-Year (Nominal),1990-01-31,92.241890407371,D,8.0755815794855,1990-01,1,0.080755815794855
2000048,DISCBOND,5002,Fama Bliss Discount Bonds - 2-Year (Nominal),1990-01-31,85.048490705761,D,8.0974306633849,1990-01,2,0.080974306633849
2000049,DISCBOND,5003,Fama Bliss Discount Bonds - 3-Year (Nominal),1990-01-31,78.28498851721,D,8.1679362768424,1990-01,3,0.08167936276842401
2000050,DISCBOND,5004,Fama Bliss Discount Bonds - 4-Year (Nominal),1990-01-31,71.977943199381,D,8.2146351820825,1990-01,4,0.082146351820825
2000051,DISCBOND,5005,Fama Bliss Discount Bonds - 5-Year (Nominal),1990-01-31,66.203805973627,D,8.2441270577249,1990-01,5,0.082441270577249
2000047,DISCBOND,5001,Fama Bliss Discount Bonds - 1-Year (Nominal),1990-02-28,92.265927726666,D,8.049525968754,1990-02,1,0.08049525968754001
2000048,DISCBOND,5002,Fama Bliss Discount Bonds - 2-Year (Nominal),1990-02-28,84.805673612258,D,8.2403869811697,1990-02,2,0.08240386981169699
2000049,DISCBOND,5003,Fama Bliss Discount Bonds - 3-Year (Nominal),1990-02-28,78.034483510452,D,8.2748686545097,1990-02,3,0.082748686545097
2000050,DISCBOND,5004,Fama Bliss Discount Bonds - 4-Year (Nominal),1990-02-28,71.572702665972,D,8.3556879247691,1990-02,4,0.08355687924769101
2000051,DISCBOND,5005,Fama Bliss Discount Bonds - 5-Year (Nominal),1990-02-28,65.780598790917,D,8.3723170062683,1990-02,5,0.083723170062683
2000047,DISCBOND,5001,Fama Bliss Discount Bonds - 1-Year (Nominal),1990-03-30,92.088895093199,D,8.286990390406,1990-03,1,0.08286990390406
2000048,DISCBOND,5002,Fama Bliss Discount Bonds - 2-Year (Nominal),1990-03-30,84.37904401416,D,8.4693519373553,1990-03,2,0.084693519373553
2000049,DISCBOND,5003,Fama Bliss Discount Bonds - 3-Year (Nominal),1990-03-30,77.357633799237,D,8.5420953796967,1990-03,3,0.085420953796967
2000050,DISCBOND,5004,Fama Bliss Discount Bonds - 4-Year (Nominal),1990-03-30,71.038020741935,D,8.5371789804546,1990-03,4,0.085371789804546
2000051,DISCBOND,5005,Fama Bliss Discount Bonds - 5-Year (Nominal),1990-03-30,65.252310391234,D,8.5288279119079,1990-03,5,0.085288279119079
2000047,DISCBOND,5001,Fama Bliss Discount Bonds - 1-Year (Nominal),1990-04-30,91.817166287121,D,8.5370909251595,1990-04,1,0.085370909251595
2000048,DISCBOND,5002,Fama Bliss Discount Bonds - 2-Year (Nominal),1990-04-30,83.927447654492,D,8.7488891834999,1990-04,2,0.087488891834999
2000049,DISCBOND,5003,Fama Bliss Discount Bonds - 3-Year (Nominal),1990-04-30,76.697789185383,D,8.8351751120826,1990-04,3,0.08835175112082601
2000050,DISCBOND,5004,Fama Bliss Discount Bonds - 4-Year (Nominal),1990-04-30,70.046929716793,D,8.9001186011811,1990-04,4,0.089001186011811
2000051,DISCBOND,5005,Fama Bliss Discount Bonds - 5-Year (Nominal),1990-04-30,64.16525552883,D,8.8790313305085,1990-04,5,0.088790313305085
2000047,DISCBOND,5001,Fama Bliss Discount Bonds - 1-Year (Nominal),1990-05-31,92.200094274215,D,8.120903292916,1990-05,1,0.08120903292915999
2000048,DISCBOND,5002,Fama Bliss Discount Bonds - 2-Year (Nominal),1990-05-31,84.712361330127,D,8.3068118111992,1990-05,2,0.083068118111992
2000049,DISCBOND,5003,Fama Bliss Discount Bonds - 3-Year (Nominal),1990-05-31,77.848306085651,D,8.3622083831426,1990-05,3,0.083622083831426
2000050,DISCBOND,5004,Fama Bliss Discount Bonds - 4-Year (Nominal),1990-05-31,71.28651735452,D,8.4557829054308,1990-05,4,0.084557829054308
2000051,DISCBOND,5005,Fama Bliss Discount Bonds - 5-Year (Nominal),1990-05-31,65.422352466376,D,8.4814764443921,1990-05,5,0.08481476444392101
2000047,DISCBOND,5001,Fama Bliss Discount Bonds - 1-Year (Nominal),1990-06-29,92.380749140084,D,7.9469299314463,1990-06,1,0.079469299314463
2000048,DISCBOND,5002,Fama Bliss Discount Bonds - 2-Year (Nominal),1990-06-29,85.102347622156,D,8.0437407491435,1990-06,2,0.080437407491435
2000049,DISCBOND,5003,Fama Bliss Discount Bonds - 3-Year (Nominal),1990-06-29,78.301564670412,D,8.1385550403778,1990-06,3,0.08138555040377801
2000050,DISCBOND,5004,Fama Bliss Discount Bonds - 4-Year (Nominal),1990-06-29,71.946347775433,D,8.2199776435432,1990-06,4,0.082199776435432
2000051,DISCBOND,5005,Fama Bliss Discount Bonds - 5-Year (Nominal),1990-06-29,66.109301226067,D,8.2681536334503,1990-06,5,0.082681536334503
2000047,DISCBOND,5001,Fama Bliss Discount Bonds - 1-Year (Nominal),1990-07-31,92.618707622797,D,7.6679038576388,1990-07,1,0.076679038576388
2000048,DISCBOND,5002,Fama Bliss Discount Bonds - 2-Year (Nominal),1990-07-31,85.645862582079,D,7.7368650014364,1990-07,2,0.07736865001436401
2000049,DISCBOND,5003,Fama Bliss Discount Bonds - 3-Year (Nominal),1990-07-31,78.989513889676,D,7.8618361644658,1990-07,3,0.078618361644658
2000050,DISCBOND,5004,Fama Bliss Discount Bonds - 4-Year (Nominal),1990-07-31,72.772711696655,D,7.9511749364144,1990-07,4,0.079511749364144
2000051,DISCBOND,5005,Fama Bliss Discount Bonds - 5-Year (Nominal),1990-07-31,66.904807634341,D,8.0335849458885,1990-07,5,0.080335849458885
2000047,DISCBOND,5001,Fama Bliss Discount Bonds - 1-Year (Nominal),1990-08-31,92.682412182241,D,7.6200230895146,1990-08,1,0.07620023089514599
2000048,DISCBOND,5002,Fama Bliss Discount Bonds - 2-Year (Nominal),1990-08-31,85.375499854448,D,7.8947359809572,1990-08,2,0.078947359809572
2000049,DISCBOND,5003,Fama Bliss Discount Bonds - 3-Year (Nominal),1990-08-31,78.378496551553,D,8.1132767747659,1990-08,3,0.081132767747659
2000050,DISCBOND,5004,Fama Bliss Discount Bonds - 4-Year (Nominal),1990-08-31,71.663709782978,D,8.3239415137952,1990-08,4,0.083239415137952
2000051,DISCBOND,5005,Fama Bliss Discount Bonds - 5-Year (Nominal),1990-08-31,65.516690859739,D,8.4526731966251,1990-08,5,0.08452673196625099
2000047,DISCBOND,5001,Fama Bliss Discount Bonds - 1-Year (Nominal),1990-09-28,92.658258563954,D,7.5836557088046,1990-09,1,0.075836557088046
2000048,DISCBOND,5002,Fama Bliss Discount Bonds - 2-Year (Nominal),1990-09-28,85.403938177713,D,7.8566112753453,1990-09,2,0.078566112753453
2000049,DISCBOND,5003,Fama Bliss Discount Bonds - 3-Year (Nominal),1990-09-28,78.510366157563,D,8.0426159469453,1990-09,3,0.080426159469453
2000050,DISCBOND,5004,Fama Bliss Discount Bonds - 4-Year (Nominal),1990-09-28,71.828250190626,D,8.2553452473396,1990-09,4,0.082553452473396
2000051,DISCBOND,5005,Fama Bliss Discount Bonds - 5-Year (Nominal),1990-09-28,65.717091836132,D,8.3870315563412,1990-09,5,0.083870315563412
2000047,DISCBOND,5001,Fama Bliss Discount Bonds - 1-Year (Nominal),1990-10-31,92.81586103194,D,7.4552644508004,1990-10,1,0.074552644508004
2000048,DISCBOND,5002,Fama Bliss Discount Bonds - 2-Year (Nominal),1990-10-31,85.895396428966,D,7.6019975323137,1990-10,2,0.07601997532313699
2000049,DISCBOND,5003,Fama Bliss Discount Bonds - 3-Year (Nominal),1990-10-31,79.138254037657,D,7.8062557580363,1990-10,3,0.078062557580363
2000050,DISCBOND,5004,Fama Bliss Discount Bonds - 4-Year (Nominal),1990-10-31,72.532094571281,D,8.0230309131313,1990-10,4,0.080230309131313
2000051,DISCBOND,5005,Fama Bliss Discount Bonds - 5-Year (Nominal),1990-10-31,66.483636648099,D,8.1598152866391,1990-10,5,0.081598152866391
2000047,DISCBOND,5001,Fama Bliss Discount Bonds - 1-Year (Nominal),1990-11-30,92.948713468081,D,7.3323201766656,1990-11,1,0.073323201766656
2000048,DISCBOND,5002,Fama Bliss Discount Bonds - 2-Year (Nominal),1990-11-30,86.287079041206,D,7.3644277903752,1990-11,2,0.073644277903752
2000049,DISCBOND,5003,Fama Bliss Discount Bonds - 3-Year (Nominal),1990-11-30,79.715643481572,D,7.5499167343857,1990-11,3,0.075499167343857
2000050,DISCBOND,5004,Fama Bliss Discount Bonds - 4-Year (Nominal),1990-11-30,73.311196891291,D,7.756108633206,1990-11,4,0.07756108633205999
2000051,DISCBOND,5005,Fama Bliss Discount Bonds - 5-Year (Nominal),1990-11-30,67.477530355982,D,7.8632016860921,1990-11,5,0.078632016860921
2000047,DISCBOND,5001,Fama Bliss Discount Bonds - 1-Year (Nominal),1990-12-31,93.315576745527,D,6.9183138741689,1990-12,1,0.06918313874168901
2000048,DISCBOND,5002,Fama Bliss Discount Bonds - 2-Year (Nominal),1990-12-31,86.824593681298,D,7.0543498828013,1990-12,2,0.070543498828013
2000049,DISCBOND,5003,Fama Bliss Discount Bonds - 3-Year (Nominal),1990-12-31,80.299322687823,D,7.3069606009037,1990-12,3,0.073069606009037
2000050,DISCBOND,5004,Fama Bliss Discount Bonds - 4-Year (Nominal),1990-12-31,74.171995130584,D,7.4695882793322,1990-12,4,0.074695882793322
2000051,DISCBOND,5005,Fama Bliss Discount Bonds - 5-Year (Nominal),1990-12-31,68.210114452262,D,7.6557413244701,1990-12,5,0.076557413244701
2000047,DISCBOND,5001,Fama Bliss Discount Bonds - 1-Year (Nominal),1991-01-31,93.604953644818,D,6.6086880349203,1991-01,1,0.066086880349203
2000048,DISCBOND,5002,Fama Bliss Discount Bonds - 2-Year (Nominal),1991-01-31,87.091604744789,D,6.9199640557974,1991-01,2,0.069199640557974
2000049,DISCBOND,5003,Fama Bliss Discount Bonds - 3-Year (Nominal),1991-01-31,80.649319296936,D,7.1621202633567,1991-01,3,0.071621202633567
2000050,DISCBOND,5004,Fama Bliss Discount Bonds - 4-Year (Nominal),1991-01-31,74.259038081749,D,7.435174850121,1991-01,4,0.07435174850121
2000051,DISCBOND,5005,Fama Bliss Discount Bonds - 5-Year (Nominal),1991-01-31,68.637180008993,D,7.5225940972441,1991-01,5,0.075225940972441
2000047,DISCBOND,5001,Fama Bliss Discount Bonds - 1-Year (Nominal),1991-02-28,93.709791292529,D,6.4967506018123,1991-02,1,0.064967506018123
2000048,DISCBOND,5002,Fama Bliss Discount Bonds - 2-Year (Nominal),1991-02-28,87.12008401854,D,6.9035941208046,1991-02,2,0.069035941208046
2000049,DISCBOND,5003,Fama Bliss Discount Bonds - 3-Year (Nominal),1991-02-28,80.65848902326,D,7.1583339782988,1991-02,3,0.071583339782988
2000050,DISCBOND,5004,Fama Bliss Discount Bonds - 4-Year (Nominal),1991-02-28,74.22188786859,D,7.4476763841056,1991-02,4,0.074476763841056
2000051,DISCBOND,5005,Fama Bliss Discount Bonds - 5-Year (Nominal),1991-02-28,68.488896518876,D,7.561684130534,1991-02,5,0.07561684130534001
2000047,DISCBOND,5001,Fama Bliss Discount Bonds - 1-Year (Nominal),1991-03-28,93.780036027302,D,6.3522055425463,1991-03,1,0.063522055425463
2000048,DISCBOND,5002,Fama Bliss Discount Bonds - 2-Year (Nominal),1991-03-28,86.932149523641,D,6.9639544399167,1991-03,2,0.069639544399167
2000049,DISCBOND,5003,Fama Bliss Discount Bonds - 3-Year (Nominal),1991-03-28,80.442256878639,D,7.2279489413346,1991-03,3,0.072279489413346
2000050,DISCBOND,5004,Fama Bliss Discount Bonds - 4-Year (Nominal),1991-03-28,73.917117566427,D,7.5350001735039,1991-03,4,0.075350001735039
2000051,DISCBOND,5005,Fama Bliss Discount Bonds - 5-Year (Nominal),1991-03-28,67.912455123487,D,7.7263140116679,1991-03,5,0.077263140116679
2000047,DISCBOND,5001,Fama Bliss Discount Bonds - 1-Year (Nominal),1991-04-30,93.987257922293,D,6.1841539487171,1991-04,1,0.061841539487171
2000048,DISCBOND,5002,Fama Bliss Discount Bonds - 2-Year (Nominal),1991-04-30,87.48526762353,D,6.675843868361,1991-04,2,0.06675843868361
2000049,DISCBOND,5003,Fama Bliss Discount Bonds - 3-Year (Nominal),1991-04-30,80.907291761833,D,7.0622079757707,1991-04,3,0.070622079757707
2000050,DISCBOND,5004,Fama Bliss Discount Bonds - 4-Year (Nominal),1991-04-30,74.344705911664,D,7.4165232132036,1991-04,4,0.074165232132036
2000051,DISCBOND,5005,Fama Bliss Discount Bonds - 5-Year (Nominal),1991-04-30,68.554350478613,D,7.5426004284871,1991-04,5,0.075426004284871
2000047,DISCBOND,5001,Fama Bliss Discount Bonds - 1-Year (Nominal),1991-05-31,93.951173950867,D,6.2566382238439,1991-05,1,0.062566382238439
2000048,DISCBOND,5002,Fama Bliss Discount Bonds - 2-Year (Nominal),1991-05-31,87.380434651004,D,6.7634697645083,1991-05,2,0.067634697645083
2000049,DISCBOND,5003,Fama Bliss Discount Bonds - 3-Year (Nominal),1991-05-31,80.934454482812,D,7.0445856344766,1991-05,3,0.070445856344766
2000050,DISCBOND,5004,Fama Bliss Discount Bonds - 4-Year (Nominal),1991-05-31,74.218763140113,D,7.4487281814962,1991-05,4,0.074487281814962
2000051,DISCBOND,5005,Fama Bliss Discount Bonds - 5-Year (Nominal),1991-05-31,68.31525236316,D,7.6124001832903,1991-05,5,0.07612400183290301
2000047,DISCBOND,5001,Fama Bliss Discount Bonds - 1-Year (Nominal),1991-06-28,93.833602007803,D,6.3128300191921,1991-06,1,0.063128300191921
2000048,DISCBOND,5002,Fama Bliss Discount Bonds - 2-Year (Nominal),1991-06-28,87.143060304496,D,6.8527902879684,1991-06,2,0.068527902879684
2000049,DISCBOND,5003,Fama Bliss Discount Bonds - 3-Year (Nominal),1991-06-28,80.295853075926,D,7.2950870531186,1991-06,3,0.072950870531186
2000050,DISCBOND,5004,Fama Bliss Discount Bonds - 4-Year (Nominal),1991-06-28,73.512866091752,D,7.6769690800589,1991-06,4,0.076769690800589
2000051,DISCBOND,5005,Fama Bliss Discount Bonds - 5-Year (Nominal),1991-06-28,67.465789796618,D,7.8623743233659,1991-06,5,0.078623743233659
2000047,DISCBOND,5001,Fama Bliss Discount Bonds - 1-Year (Nominal),1991-07-31,94.011474195301,D,6.1584621701079,1991-07,1,0.061584621701079006
2000048,DISCBOND,5002,Fama Bliss Discount Bonds - 2-Year (Nominal),1991-07-31,87.477379103135,D,6.6894975291676,1991-07,2,0.066894975291676
2000049,DISCBOND,5003,Fama Bliss Discount Bonds - 3-Year (Nominal),1991-07-31,80.809176875375,D,7.1091471484685,1991-07,3,0.071091471484685
2000050,DISCBOND,5004,Fama Bliss Discount Bonds - 4-Year (Nominal),1991-07-31,74.025921157822,D,7.5137254875078,1991-07,4,0.075137254875078
2000051,DISCBOND,5005,Fama Bliss Discount Bonds - 5-Year (Nominal),1991-07-31,68.00095070445,D,7.7045266194188,1991-07,5,0.077045266194188
2000047,DISCBOND,5001,Fama Bliss Discount Bonds - 1-Year (Nominal),1991-08-30,94.482964232787,D,5.6441372511861,1991-08,1,0.056441372511861
2000048,DISCBOND,5002,Fama Bliss Discount Bonds - 2-Year (Nominal),1991-08-30,88.128827104938,D,6.3012612998045,1991-08,2,0.063012612998045
2000049,DISCBOND,5003,Fama Bliss Discount Bonds - 3-Year (Nominal),1991-08-30,81.880374480331,D,6.6515460932058,1991-08,3,0.066515460932058
2000050,DISCBOND,5004,Fama Bliss Discount Bonds - 4-Year (Nominal),1991-08-30,75.270699336451,D,7.0922657364436,1991-08,4,0.070922657364436
2000051,DISCBOND,5005,Fama Bliss Discount Bonds - 5-Year (Nominal),1991-08-30,69.40178048328,D,7.2971563252242,1991-08,5,0.072971563252242
2000047,DISCBOND,5001,Fama Bliss Discount Bonds - 1-Year (Nominal),1991-09-30,94.757123503367,D,5.3706024214422,1991-09,1,0.053706024214422
2000048,DISCBOND,5002,Fama Bliss Discount Bonds - 2-Year (Nominal),1991-09-30,88.81091804129,D,5.9249133289459,1991-09,2,0.059249133289459
2000049,DISCBOND,5003,Fama Bliss Discount Bonds - 3-Year (Nominal),1991-09-30,82.72243260943,D,6.3168770154719,1991-09,3,0.063168770154719
2000050,DISCBOND,5004,Fama Bliss Discount Bonds - 4-Year (Nominal),1991-09-30,76.415608926557,D,6.724580134042,1991-09,4,0.06724580134042
2000051,DISCBOND,5005,Fama Bliss Discount Bonds - 5-Year (Nominal),1991-09-30,70.927871455581,D,6.862613677575,1991-09,5,0.06862613677575
2000047,DISCBOND,5001,Fama Bliss Discount Bonds - 1-Year (Nominal),1991-10-31,94.97686711267,D,5.1536828116642,1991-10,1,0.051536828116641994
2000048,DISCBOND,5002,Fama Bliss Discount Bonds - 2-Year (Nominal),1991-10-31,89.396907594818,D,5.6118922725293,1991-10,2,0.056118922725292994
2000049,DISCBOND,5003,Fama Bliss Discount Bonds - 3-Year (Nominal),1991-10-31,83.333344071051,D,6.0718361216842,1991-10,3,0.060718361216842
2000050,DISCBOND,5004,Fama Bliss Discount Bonds - 4-Year (Nominal),1991-10-31,77.03419004037,D,6.5185562873523,1991-10,4,0.065185562873523
2000051,DISCBOND,5005,Fama Bliss Discount Bonds - 5-Year (Nominal),1991-10-31,71.494881339545,D,6.7035401699639,1991-10,5,0.06703540169963901
2000047,DISCBOND,5001,Fama Bliss Discount Bonds - 1-Year (Nominal),1991-11-29,95.298623990727,D,4.7892390003065,1991-11,1,0.047892390003065
2000048,DISCBOND,5002,Fama Bliss Discount Bonds - 2-Year (Nominal),1991-11-29,89.817230457396,D,5.3549965594758,1991-11,2,0.053549965594758
2000049,DISCBOND,5003,Fama Bliss Discount Bonds - 3-Year (Nominal),1991-11-29,84.023549438551,D,5.7918571139053,1991-11,3,0.05791857113905299
2000050,DISCBOND,5004,Fama Bliss Discount Bonds - 4-Year (Nominal),1991-11-29,77.527939581931,D,6.3545901966717,1991-11,4,0.063545901966717
2000051,DISCBOND,5005,Fama Bliss Discount Bonds - 5-Year (Nominal),1991-11-29,71.914748102724,D,6.5865582530667,1991-11,5,0.065865582530667
2000047,DISCBOND,5001,Fama Bliss Discount Bonds - 1-Year (Nominal),1991-12-31,95.903472847829,D,4.1713708371474,1991-12,1,0.041713708371474
2000048,DISCBOND,5002,Fama Bliss Discount Bonds - 2-Year (Nominal),1991-12-31,90.961910133546,D,4.7299874315549,1991-12,2,0.047299874315548995
2000049,DISCBOND,5003,Fama Bliss Discount Bonds - 3-Year (Nominal),1991-12-31,85.616066337791,D,5.1765744739433,1991-12,3,0.051765744739433
2000050,DISCBOND,5004,Fama Bliss Discount Bonds - 4-Year (Nominal),1991-12-31,79.342905697991,D,5.7887439014393,1991-12,4,0.057887439014393
2000051,DISCBOND,5005,Fama Bliss Discount Bonds - 5-Year (Nominal),1991-12-31,74.365545516622,D,5.9170644835428,1991-12,5,0.059170644835428006
2000047,DISCBOND,5001,Fama Bliss Discount Bonds - 1-Year (Nominal),1992-01-31,95.765243844685,D,4.3389242513815,1992-01,1,0.043389242513815
2000048,DISCBOND,5002,Fama Bliss Discount Bonds - 2-Year (Nominal),1992-01-31,90.399756071542,D,5.039527398095,1992-01,2,0.05039527398095
2000049,DISCBOND,5003,Fama Bliss Discount Bonds - 3-Year (Nominal),1992-01-31,84.147428736942,D,5.7480782307838,1992-01,3,0.057480782307838
2000050,DISCBOND,5004,Fama Bliss Discount Bonds - 4-Year (Nominal),1992-01-31,77.877910661374,D,6.2464176106395,1992-01,4,0.062464176106395
2000051,DISCBOND,5005,Fama Bliss Discount Bonds - 5-Year (Nominal),1992-01-31,72.51223948098,D,6.4212593099831,1992-01,5,0.064212593099831
2000047,DISCBOND,5001,Fama Bliss Discount Bonds - 1-Year (Nominal),1992-02-28,95.705792633945,D,4.4011942885658,1992-02,1,0.044011942885658
2000048,DISCBOND,5002,Fama Bliss Discount Bonds - 2-Year (Nominal),1992-02-28,90.043594550584,D,5.2366389888416,1992-02,2,0.052366389888416
2000049,DISCBOND,5003,Fama Bliss Discount Bonds - 3-Year (Nominal),1992-02-28,83.96847696026,D,5.8189771634931,1992-02,3,0.058189771634931005
2000050,DISCBOND,5004,Fama Bliss Discount Bonds - 4-Year (Nominal),1992-02-28,77.489374861352,D,6.3670120237129,1992-02,4,0.063670120237129
2000051,DISCBOND,5005,Fama Bliss Discount Bonds - 5-Year (Nominal),1992-02-28,71.688585148052,D,6.6494859180457,1992-02,5,0.066494859180457
2000047,DISCBOND,5001,Fama Bliss Discount Bonds - 1-Year (Nominal),1992-03-31,95.495307378618,D,4.6093077105364,1992-03,1,0.046093077105364
2000048,DISCBOND,5002,Fama Bliss Discount Bonds - 2-Year (Nominal),1992-03-31,89.470240058082,D,5.5632064659807,1992-03,2,0.055632064659807
2000049,DISCBOND,5003,Fama Bliss Discount Bonds - 3-Year (Nominal),1992-03-31,82.916818946138,D,6.2444089221929,1992-03,3,0.062444089221929
2000050,DISCBOND,5004,Fama Bliss Discount Bonds - 4-Year (Nominal),1992-03-31,76.366779663672,D,6.7451804783122,1992-03,4,0.067451804783122
2000051,DISCBOND,5005,Fama Bliss Discount Bonds - 5-Year (Nominal),1992-03-31,70.7559452852,D,6.9148832142338,1992-03,5,0.069148832142338
2000047,DISCBOND,5001,Fama Bliss Discount Bonds - 1-Year (Nominal),1992-04-30,95.718426759714,D,4.3759358940556,1992-04,1,0.043759358940556006
2000048,DISCBOND,5002,Fama Bliss Discount Bonds - 2-Year (Nominal),1992-04-30,89.779932903936,D,5.397829280947,1992-04,2,0.053978292809469995
2000049,DISCBOND,5003,Fama Bliss Discount Bonds - 3-Year (Nominal),1992-04-30,83.37619660397,D,6.0713335599201,1992-04,3,0.060713335599200995
2000050,DISCBOND,5004,Fama Bliss Discount Bonds - 4-Year (Nominal),1992-04-30,76.761647457194,D,6.6071010534608,1992-04,4,0.06607101053460801
2000051,DISCBOND,5005,Fama Bliss Discount Bonds - 5-Year (Nominal),1992-04-30,70.747751643984,D,6.917198108878,1992-04,5,0.06917198108878
2000047,DISCBOND,5001,Fama Bliss Discount Bonds - 1-Year (Nominal),1992-05-29,95.832136515696,D,4.2689061251804,1992-05,1,0.042689061251803995
2000048,DISCBOND,5002,Fama Bliss Discount Bonds - 2-Year (Nominal),1992-05-29,90.146365896345,D,5.1726060416012,1992-05,2,0.051726060416012
2000049,DISCBOND,5003,Fama Bliss Discount Bonds - 3-Year (Nominal),1992-05-29,84.000716613805,D,5.8008999335711,1992-05,3,0.058008999335711
2000050,DISCBOND,5004,Fama Bliss Discount Bonds - 4-Year (Nominal),1992-05-29,77.670834845626,D,6.304304838935,1992-05,4,0.06304304838935
2000051,DISCBOND,5005,Fama Bliss Discount Bonds - 5-Year (Nominal),1992-05-29,71.562551129788,D,6.684639867876,1992-05,5,0.06684639867876001
2000047,DISCBOND,5001,Fama Bliss Discount Bonds - 1-Year (Nominal),1992-06-30,96.017985683765,D,4.0634661195689,1992-06,1,0.040634661195688995
2000048,DISCBOND,5002,Fama Bliss Discount Bonds - 2-Year (Nominal),1992-06-30,90.848331775171,D,4.7989376861597,1992-06,2,0.047989376861597
2000049,DISCBOND,5003,Fama Bliss Discount Bonds - 3-Year (Nominal),1992-06-30,84.90871661466,D,5.4531144540443,1992-06,3,0.054531144540443
2000050,DISCBOND,5004,Fama Bliss Discount Bonds - 4-Year (Nominal),1992-06-30,78.69112697154,D,5.9951010947287,1992-06,4,0.059951010947287
2000051,DISCBOND,5005,Fama Bliss Discount Bonds - 5-Year (Nominal),1992-06-30,72.9370450272,D,6.3080136272457,1992-06,5,0.063080136272457
2000047,DISCBOND,5001,Fama Bliss Discount Bonds - 1-Year (Nominal),1992-07-31,96.493051524923,D,3.5797261433243,1992-07,1,0.035797261433243
2000048,DISCBOND,5002,Fama Bliss Discount Bonds - 2-Year (Nominal),1992-07-31,91.658333782215,D,4.3670790593913,1992-07,2,0.043670790593913
2000049,DISCBOND,5003,Fama Bliss Discount Bonds - 3-Year (Nominal),1992-07-31,86.066690137255,D,5.0015909337684,1992-07,3,0.050015909337683996
2000050,DISCBOND,5004,Fama Bliss Discount Bonds - 4-Year (Nominal),1992-07-31,80.044753010399,D,5.5607987367986,1992-07,4,0.055607987367986
2000051,DISCBOND,5005,Fama Bliss Discount Bonds - 5-Year (Nominal),1992-07-31,74.652027600365,D,5.8434479415673,1992-07,5,0.058434479415673
2000047,DISCBOND,5001,Fama Bliss Discount Bonds - 1-Year (Nominal),1992-08-31,96.622551677897,D,3.4358017793285,1992-08,1,0.034358017793285
2000048,DISCBOND,5002,Fama Bliss Discount Bonds - 2-Year (Nominal),1992-08-31,92.110823274949,D,4.1088866536915,1992-08,2,0.041088866536915
2000049,DISCBOND,5003,Fama Bliss Discount Bonds - 3-Year (Nominal),1992-08-31,86.73975589134,D,4.7419288693847,1992-08,3,0.047419288693847
2000050,DISCBOND,5004,Fama Bliss Discount Bonds - 4-Year (Nominal),1992-08-31,80.76684372347,D,5.340091365867,1992-08,4,0.05340091365867
2000051,DISCBOND,5005,Fama Bliss Discount Bonds - 5-Year (Nominal),1992-08-31,75.491654514273,D,5.6260441099496,1992-08,5,0.056260441099495996
2000047,DISCBOND,5001,Fama Bliss Discount Bonds - 1-Year (Nominal),1992-09-30,96.942562451121,D,3.1051522547815,1992-09,1,0.031051522547815
2000048,DISCBOND,5002,Fama Bliss Discount Bonds - 2-Year (Nominal),1992-09-30,92.729493977515,D,3.7741799067788,1992-09,2,0.037741799067788004
2000049,DISCBOND,5003,Fama Bliss Discount Bonds - 3-Year (Nominal),1992-09-30,87.634984256215,D,4.4036849266933,1992-09,3,0.044036849266933
2000050,DISCBOND,5004,Fama Bliss Discount Bonds - 4-Year (Nominal),1992-09-30,81.939240130504,D,4.9763963067799,1992-09,4,0.049763963067799004
2000051,DISCBOND,5005,Fama Bliss Discount Bonds - 5-Year (Nominal),1992-09-30,76.49718842825,D,5.3553893357696,1992-09,5,0.053553893357696
2000047,DISCBOND,5001,Fama Bliss Discount Bonds - 1-Year (Nominal),1992-10-30,96.468083913191,D,3.605675623013,1992-10,1,0.03605675623013
2000048,DISCBOND,5002,Fama Bliss Discount Bonds - 2-Year (Nominal),1992-10-30,91.459418076018,D,4.4576351824329,1992-10,2,0.044576351824328994
2000049,DISCBOND,5003,Fama Bliss Discount Bonds - 3-Year (Nominal),1992-10-30,85.881081494142,D,5.0689250492344,1992-10,3,0.050689250492344
2000050,DISCBOND,5004,Fama Bliss Discount Bonds - 4-Year (Nominal),1992-10-30,79.726332589705,D,5.6565078353949,1992-10,4,0.056565078353949
2000051,DISCBOND,5005,Fama Bliss Discount Bonds - 5-Year (Nominal),1992-10-30,73.993767389455,D,6.0171921835572,1992-10,5,0.060171921835572004
2000047,DISCBOND,5001,Fama Bliss Discount Bonds - 1-Year (Nominal),1992-11-30,96.153771521685,D,3.9221489328058,1992-11,1,0.039221489328058
2000048,DISCBOND,5002,Fama Bliss Discount Bonds - 2-Year (Nominal),1992-11-30,90.956848300547,D,4.7392493218249,1992-11,2,0.047392493218249
2000049,DISCBOND,5003,Fama Bliss Discount Bonds - 3-Year (Nominal),1992-11-30,84.971082051916,D,5.4286401130078,1992-11,3,0.054286401130078
2000050,DISCBOND,5004,Fama Bliss Discount Bonds - 4-Year (Nominal),1992-11-30,78.767553629324,D,5.9667257473018,1992-11,4,0.059667257473018
2000051,DISCBOND,5005,Fama Bliss Discount Bonds - 5-Year (Nominal),1992-11-30,73.196172497269,D,6.2439623367727,1992-11,5,0.062439623367727
2000047,DISCBOND,5001,Fama Bliss Discount Bonds - 1-Year (Nominal),1992-12-31,96.415190321496,D,3.6506420836255,1992-12,1,0.036506420836255
2000048,DISCBOND,5002,Fama Bliss Discount Bonds - 2-Year (Nominal),1992-12-31,91.404635042826,D,4.4998640529383,1992-12,2,0.044998640529382995
2000049,DISCBOND,5003,Fama Bliss Discount Bonds - 3-Year (Nominal),1992-12-31,85.552947991976,D,5.210674813901,1992-12,3,0.05210674813901
2000050,DISCBOND,5004,Fama Bliss Discount Bonds - 4-Year (Nominal),1992-12-31,79.660933437024,D,5.6808813771981,1992-12,4,0.056808813771981
2000051,DISCBOND,5005,Fama Bliss Discount Bonds - 5-Year (Nominal),1992-12-31,73.880667133156,D,6.0510641684651,1992-12,5,0.060510641684651
2000047,DISCBOND,5001,Fama Bliss Discount Bonds - 1-Year (Nominal),1993-01-29,96.594816145368,D,3.4456307553509,1993-01,1,0.034456307553509
2000048,DISCBOND,5002,Fama Bliss Discount Bonds - 2-Year (Nominal),1993-01-29,91.902646912374,D,4.2104822774162,1993-01,2,0.042104822774162
2000049,DISCBOND,5003,Fama Bliss Discount Bonds - 3-Year (Nominal),1993-01-29,86.620610997953,D,4.7790177344185,1993-01,3,0.047790177344184996
2000050,DISCBOND,5004,Fama Bliss Discount Bonds - 4-Year (Nominal),1993-01-29,81.084994333187,D,5.2310579809517,1993-01,4,0.052310579809517005
2000051,DISCBOND,5005,Fama Bliss Discount Bonds - 5-Year (Nominal),1993-01-29,75.302773642997,D,5.6668540485127,1993-01,5,0.056668540485127004
2000047,DISCBOND,5001,Fama Bliss Discount Bonds - 1-Year (Nominal),1993-02-26,96.725892718588,D,3.3107644184969,1993-02,1,0.033107644184969004
2000048,DISCBOND,5002,Fama Bliss Discount Bonds - 2-Year (Nominal),1993-02-26,92.449128777279,D,3.9148570511362,1993-02,2,0.039148570511362
2000049,DISCBOND,5003,Fama Bliss Discount Bonds - 3-Year (Nominal),1993-02-26,87.555700937756,D,4.417730366514,1993-02,3,0.04417730366514
2000050,DISCBOND,5004,Fama Bliss Discount Bonds - 4-Year (Nominal),1993-02-26,82.029760179365,D,4.9420470095626,1993-02,4,0.049420470095626
2000051,DISCBOND,5005,Fama Bliss Discount Bonds - 5-Year (Nominal),1993-02-26,76.662451568288,D,5.3093444327193,1993-02,5,0.053093444327193
2000047,DISCBOND,5001,Fama Bliss Discount Bonds - 1-Year (Nominal),1993-03-31,96.703168671512,D,3.3524016004567,1993-03,1,0.033524016004566996
2000048,DISCBOND,5002,Fama Bliss Discount Bonds - 2-Year (Nominal),1993-03-31,92.468160301597,D,3.9152906840147,1993-03,2,0.039152906840147
2000049,DISCBOND,5003,Fama Bliss Discount Bonds - 3-Year (Nominal),1993-03-31,87.40614040712,D,4.4909227693558,1993-03,3,0.044909227693558
2000050,DISCBOND,5004,Fama Bliss Discount Bonds - 4-Year (Nominal),1993-03-31,81.996863291969,D,4.9588334505724,1993-03,4,0.049588334505724
2000051,DISCBOND,5005,Fama Bliss Discount Bonds - 5-Year (Nominal),1993-03-31,76.911873426465,D,5.2473229962384,1993-03,5,0.052473229962383995
2000047,DISCBOND,5001,Fama Bliss Discount Bonds - 1-Year (Nominal),1993-04-30,96.765679293895,D,3.2968132434125,1993-04,1,0.032968132434125004
2000048,DISCBOND,5002,Fama Bliss Discount Bonds - 2-Year (Nominal),1993-04-30,92.727229519988,D,3.785773072173,1993-04,2,0.03785773072173
2000049,DISCBOND,5003,Fama Bliss Discount Bonds - 3-Year (Nominal),1993-04-30,87.769794596511,D,4.3444582887525,1993-04,3,0.04344458288752499
2000050,DISCBOND,5004,Fama Bliss Discount Bonds - 4-Year (Nominal),1993-04-30,82.396785460437,D,4.8372809340658,1993-04,4,0.048372809340658
2000051,DISCBOND,5005,Fama Bliss Discount Bonds - 5-Year (Nominal),1993-04-30,77.278605794773,D,5.1522374344506,1993-04,5,0.051522374344506
2000047,DISCBOND,5001,Fama Bliss Discount Bonds - 1-Year (Nominal),1993-05-28,96.405499601128,D,3.6308509610026,1993-05,1,0.036308509610026
2000048,DISCBOND,5002,Fama Bliss Discount Bonds - 2-Year (Nominal),1993-05-28,91.947585889275,D,4.1803948589349,1993-05,2,0.041803948589349
2000049,DISCBOND,5003,Fama Bliss Discount Bonds - 3-Year (Nominal),1993-05-28,86.90593414324,D,4.6611022692048,1993-05,3,0.046611022692048004
2000050,DISCBOND,5004,Fama Bliss Discount Bonds - 4-Year (Nominal),1993-05-28,81.610114279238,D,5.0700067451248,1993-05,4,0.050700067451248006
2000051,DISCBOND,5005,Fama Bliss Discount Bonds - 5-Year (Nominal),1993-05-28,76.328315367834,D,5.3966100786926,1993-05,5,0.053966100786926
2000047,DISCBOND,5001,Fama Bliss Discount Bonds - 1-Year (Nominal),1993-06-30,96.560854370004,D,3.4996761164184,1993-06,1,0.034996761164184
2000048,DISCBOND,5002,Fama Bliss Discount Bonds - 2-Year (Nominal),1993-06-30,92.343899542298,D,3.9825269769978,1993-06,2,0.039825269769978
2000049,DISCBOND,5003,Fama Bliss Discount Bonds - 3-Year (Nominal),1993-06-30,87.653285115652,D,4.3967182740905,1993-06,3,0.043967182740905005
2000050,DISCBOND,5004,Fama Bliss Discount Bonds - 4-Year (Nominal),1993-06-30,82.696287902183,D,4.746635768736,1993-06,4,0.047466357687359996
2000051,DISCBOND,5005,Fama Bliss Discount Bonds - 5-Year (Nominal),1993-06-30,77.667240989916,D,5.0519641658033,1993-06,5,0.050519641658033
2000047,DISCBOND,5001,Fama Bliss Discount Bonds - 1-Year (Nominal),1993-07-30,96.574961607298,D,3.4946420143513,1993-07,1,0.034946420143513
2000048,DISCBOND,5002,Fama Bliss Discount Bonds - 2-Year (Nominal),1993-07-30,92.115951169738,D,4.1004860923879,1993-07,2,0.041004860923879
2000049,DISCBOND,5003,Fama Bliss Discount Bonds - 3-Year (Nominal),1993-07-30,87.274381619645,D,4.5288354223,1993-07,3,0.045288354223
2000050,DISCBOND,5004,Fama Bliss Discount Bonds - 4-Year (Nominal),1993-07-30,82.40717991742,D,4.8308228969256,1993-07,4,0.048308228969256
2000051,DISCBOND,5005,Fama Bliss Discount Bonds - 5-Year (Nominal),1993-07-30,77.083455396629,D,5.1999316970332,1993-07,5,0.051999316970332006
2000047,DISCBOND,5001,Fama Bliss Discount Bonds - 1-Year (Nominal),1993-08-31,96.702263522718,D,3.3533376122161,1993-08,1,0.033533376122161
2000048,DISCBOND,5002,Fama Bliss Discount Bonds - 2-Year (Nominal),1993-08-31,92.621151661668,D,3.8326325373662,1993-08,2,0.038326325373662
2000049,DISCBOND,5003,Fama Bliss Discount Bonds - 3-Year (Nominal),1993-08-31,88.096666194236,D,4.2245166231354,1993-08,3,0.042245166231354
2000050,DISCBOND,5004,Fama Bliss Discount Bonds - 4-Year (Nominal),1993-08-31,83.562286031185,D,4.4925245998124,1993-08,4,0.044925245998124
2000051,DISCBOND,5005,Fama Bliss Discount Bonds - 5-Year (Nominal),1993-08-31,78.672163306762,D,4.7949884452906,1993-08,5,0.047949884452906
2000047,DISCBOND,5001,Fama Bliss Discount Bonds - 1-Year (Nominal),1993-09-30,96.682866611482,D,3.3733980080563,1993-09,1,0.033733980080563
2000048,DISCBOND,5002,Fama Bliss Discount Bonds - 2-Year (Nominal),1993-09-30,92.602794672238,D,3.8478142125157,1993-09,2,0.038478142125157
2000049,DISCBOND,5003,Fama Bliss Discount Bonds - 3-Year (Nominal),1993-09-30,88.151952254372,D,4.1997691123636,1993-09,3,0.041997691123636
2000050,DISCBOND,5004,Fama Bliss Discount Bonds - 4-Year (Nominal),1993-09-30,83.364856312946,D,4.5454705808469,1993-09,4,0.045454705808469005
2000051,DISCBOND,5005,Fama Bliss Discount Bonds - 5-Year (Nominal),1993-09-30,78.743421480374,D,4.7768913421123,1993-09,5,0.047768913421123
2000047,DISCBOND,5001,Fama Bliss Discount Bonds - 1-Year (Nominal),1993-10-29,96.584121782477,D,3.4566423936689,1993-10,1,0.034566423936689
2000048,DISCBOND,5002,Fama Bliss Discount Bonds - 2-Year (Nominal),1993-10-29,92.408595096528,D,3.9367241031197,1993-10,2,0.039367241031197
2000049,DISCBOND,5003,Fama Bliss Discount Bonds - 3-Year (Nominal),1993-10-29,87.874927739819,D,4.2967499921688,1993-10,3,0.042967499921687996
2000050,DISCBOND,5004,Fama Bliss Discount Bonds - 4-Year (Nominal),1993-10-29,83.179689060866,D,4.5947335235255,1993-10,4,0.045947335235255
2000051,DISCBOND,5005,Fama Bliss Discount Bonds - 5-Year (Nominal),1993-10-29,78.596277063826,D,4.8116439916564,1993-10,5,0.048116439916563995
2000047,DISCBOND,5001,Fama Bliss Discount Bonds - 1-Year (Nominal),1993-11-30,96.433408060777,D,3.6317487761414,1993-11,1,0.036317487761414
2000048,DISCBOND,5002,Fama Bliss Discount Bonds - 2-Year (Nominal),1993-11-30,91.996947515752,D,4.1707394333049,1993-11,2,0.041707394333049
2000049,DISCBOND,5003,Fama Bliss Discount Bonds - 3-Year (Nominal),1993-11-30,87.28656750999,D,4.5324534966128,1993-11,3,0.045324534966128004
2000050,DISCBOND,5004,Fama Bliss Discount Bonds - 4-Year (Nominal),1993-11-30,82.193520652389,D,4.905703107923,1993-11,4,0.049057031079230005
2000051,DISCBOND,5005,Fama Bliss Discount Bonds - 5-Year (Nominal),1993-11-30,77.309513611932,D,5.1442443518827,1993-11,5,0.05144244351882701
2000047,DISCBOND,5001,Fama Bliss Discount Bonds - 1-Year (Nominal),1993-12-31,96.43873508401,D,3.6361872031836,1993-12,1,0.036361872031835996
2000048,DISCBOND,5002,Fama Bliss Discount Bonds - 2-Year (Nominal),1993-12-31,91.960103679036,D,4.2022812182481,1993-12,2,0.042022812182480995
2000049,DISCBOND,5003,Fama Bliss Discount Bonds - 3-Year (Nominal),1993-12-31,87.454387536897,D,4.4643502765333,1993-12,3,0.044643502765333
2000050,DISCBOND,5004,Fama Bliss Discount Bonds - 4-Year (Nominal),1993-12-31,82.051531058368,D,4.9421827689781,1993-12,4,0.049421827689781
2000051,DISCBOND,5005,Fama Bliss Discount Bonds - 5-Year (Nominal),1993-12-31,77.057736285089,D,5.2094498037985,1993-12,5,0.052094498037985
2000047,DISCBOND,5001,Fama Bliss Discount Bonds - 1-Year (Nominal),1994-01-31,96.544437957965,D,3.5166786665618,1994-01,1,0.035166786665618004
2000048,DISCBOND,5002,Fama Bliss Discount Bonds - 2-Year (Nominal),1994-01-31,92.170243151211,D,4.0766424956377,1994-01,2,0.040766424956377
2000049,DISCBOND,5003,Fama Bliss Discount Bonds - 3-Year (Nominal),1994-01-31,87.532560329105,D,4.4345951144186,1994-01,3,0.044345951144186
2000050,DISCBOND,5004,Fama Bliss Discount Bonds - 4-Year (Nominal),1994-01-31,82.719379692654,D,4.7429068533999,1994-01,4,0.047429068533998996
2000051,DISCBOND,5005,Fama Bliss Discount Bonds - 5-Year (Nominal),1994-01-31,77.832609935992,D,5.0149416636111,1994-01,5,0.050149416636111
2000047,DISCBOND,5001,Fama Bliss Discount Bonds - 1-Year (Nominal),1994-02-28,96.018834979419,D,4.0625816062233,1994-02,1,0.040625816062233
2000048,DISCBOND,5002,Fama Bliss Discount Bonds - 2-Year (Nominal),1994-02-28,91.136849585409,D,4.6340503745861,1994-02,2,0.046340503745861
2000049,DISCBOND,5003,Fama Bliss Discount Bonds - 3-Year (Nominal),1994-02-28,86.005017089039,D,5.0209000130941,1994-02,3,0.050209000130941005
2000050,DISCBOND,5004,Fama Bliss Discount Bonds - 4-Year (Nominal),1994-02-28,80.744636422468,D,5.3469662026037,1994-02,4,0.053469662026037
2000051,DISCBOND,5005,Fama Bliss Discount Bonds - 5-Year (Nominal),1994-02-28,75.628299233737,D,5.5898557269121,1994-02,5,0.055898557269121005
2000047,DISCBOND,5001,Fama Bliss Discount Bonds - 1-Year (Nominal),1994-03-31,95.622113563843,D,4.4766079250248,1994-03,1,0.044766079250248
2000048,DISCBOND,5002,Fama Bliss Discount Bonds - 2-Year (Nominal),1994-03-31,90.19826614687,D,5.1650745114635,1994-03,2,0.051650745114634994
2000049,DISCBOND,5003,Fama Bliss Discount Bonds - 3-Year (Nominal),1994-03-31,84.366262106274,D,5.6615832465049,1994-03,3,0.056615832465049004
2000050,DISCBOND,5004,Fama Bliss Discount Bonds - 4-Year (Nominal),1994-03-31,78.713018531174,D,5.9799448958066,1994-03,4,0.059799448958066
2000051,DISCBOND,5005,Fama Bliss Discount Bonds - 5-Year (Nominal),1994-03-31,73.324489656691,D,6.202112006163,1994-03,5,0.062021120061630006
2000047,DISCBOND,5001,Fama Bliss Discount Bonds - 1-Year (Nominal),1994-04-29,95.138493593647,D,4.9973444444648,1994-04,1,0.049973444444648
2000048,DISCBOND,5002,Fama Bliss Discount Bonds - 2-Year (Nominal),1994-04-29,89.249032515691,D,5.6714422114052,1994-04,2,0.056714422114052
2000049,DISCBOND,5003,Fama Bliss Discount Bonds - 3-Year (Nominal),1994-04-29,83.223702835123,D,6.1101062663653,1994-04,3,0.061101062663653
2000050,DISCBOND,5004,Fama Bliss Discount Bonds - 4-Year (Nominal),1994-04-29,77.324128434917,D,6.4203085484863,1994-04,4,0.064203085484863
2000051,DISCBOND,5005,Fama Bliss Discount Bonds - 5-Year (Nominal),1994-04-29,71.914847343068,D,6.5865306838576,1994-04,5,0.065865306838576
2000047,DISCBOND,5001,Fama Bliss Discount Bonds - 1-Year (Nominal),1994-05-31,94.840613104681,D,5.2972460190521,1994-05,1,0.052972460190521
2000048,DISCBOND,5002,Fama Bliss Discount Bonds - 2-Year (Nominal),1994-05-31,88.811275660066,D,5.9247122676083,1994-05,2,0.059247122676083
2000049,DISCBOND,5003,Fama Bliss Discount Bonds - 3-Year (Nominal),1994-05-31,82.736301048509,D,6.3170579108229,1994-05,3,0.063170579108229
2000050,DISCBOND,5004,Fama Bliss Discount Bonds - 4-Year (Nominal),1994-05-31,76.950331440396,D,6.5547403539195,1994-05,4,0.065547403539195
2000051,DISCBOND,5005,Fama Bliss Discount Bonds - 5-Year (Nominal),1994-05-31,71.482780396549,D,6.7216382925194,1994-05,5,0.067216382925194
2000047,DISCBOND,5001,Fama Bliss Discount Bonds - 1-Year (Nominal),1994-06-30,94.71752249547,D,5.4271171281149,1994-06,1,0.054271171281149
2000048,DISCBOND,5002,Fama Bliss Discount Bonds - 2-Year (Nominal),1994-06-30,88.562064537382,D,6.0816603144868,1994-06,2,0.060816603144867996
2000049,DISCBOND,5003,Fama Bliss Discount Bonds - 3-Year (Nominal),1994-06-30,82.546674082274,D,6.3877102725604,1994-06,3,0.063877102725604
2000050,DISCBOND,5004,Fama Bliss Discount Bonds - 4-Year (Nominal),1994-06-30,76.372675509916,D,6.7340179156336,1994-06,4,0.067340179156336
2000051,DISCBOND,5005,Fama Bliss Discount Bonds - 5-Year (Nominal),1994-06-30,70.750264723696,D,6.9164880767743,1994-06,5,0.069164880767743
2000047,DISCBOND,5001,Fama Bliss Discount Bonds - 1-Year (Nominal),1994-07-29,94.80635284393,D,5.3043118530144,1994-07,1,0.053043118530144
2000048,DISCBOND,5002,Fama Bliss Discount Bonds - 2-Year (Nominal),1994-07-29,88.821988790877,D,5.9025403393551,1994-07,2,0.059025403393550994
2000049,DISCBOND,5003,Fama Bliss Discount Bonds - 3-Year (Nominal),1994-07-29,82.945454652102,D,6.2158690829751,1994-07,3,0.062158690829751
2000050,DISCBOND,5004,Fama Bliss Discount Bonds - 4-Year (Nominal),1994-07-29,77.095346996961,D,6.4898461521996,1994-07,4,0.06489846152199599
2000051,DISCBOND,5005,Fama Bliss Discount Bonds - 5-Year (Nominal),1994-07-29,71.619353572334,D,6.6687886291128,1994-07,5,0.066687886291128
2000047,DISCBOND,5001,Fama Bliss Discount Bonds - 1-Year (Nominal),1994-08-31,94.681285997542,D,5.4653818866514,1994-08,1,0.054653818866514
2000048,DISCBOND,5002,Fama Bliss Discount Bonds - 2-Year (Nominal),1994-08-31,88.547106141622,D,6.0817751397219,1994-08,2,0.060817751397219004
2000049,DISCBOND,5003,Fama Bliss Discount Bonds - 3-Year (Nominal),1994-08-31,82.63877010224,D,6.3621847593223,1994-08,3,0.06362184759322301
2000050,DISCBOND,5004,Fama Bliss Discount Bonds - 4-Year (Nominal),1994-08-31,76.848528380193,D,6.5788407292364,1994-08,4,0.065788407292364
2000051,DISCBOND,5005,Fama Bliss Discount Bonds - 5-Year (Nominal),1994-08-31,71.343485922374,D,6.749584255357,1994-08,5,0.06749584255357
2000047,DISCBOND,5001,Fama Bliss Discount Bonds - 1-Year (Nominal),1994-09-30,94.305189491101,D,5.8795051079987,1994-09,1,0.058795051079987
2000048,DISCBOND,5002,Fama Bliss Discount Bonds - 2-Year (Nominal),1994-09-30,87.806653502044,D,6.4927512394345,1994-09,2,0.064927512394345
2000049,DISCBOND,5003,Fama Bliss Discount Bonds - 3-Year (Nominal),1994-09-30,81.552450337659,D,6.7912585564619,1994-09,3,0.067912585564619
2000050,DISCBOND,5004,Fama Bliss Discount Bonds - 4-Year (Nominal),1994-09-30,75.444230683041,D,7.0395902501635,1994-09,4,0.07039590250163501
2000051,DISCBOND,5005,Fama Bliss Discount Bonds - 5-Year (Nominal),1994-09-30,69.708698575591,D,7.2129489827151,1994-09,5,0.072129489827151
2000047,DISCBOND,5001,Fama Bliss Discount Bonds - 1-Year (Nominal),1994-10-31,94.135537694362,D,6.0434551878278,1994-10,1,0.060434551878278
2000048,DISCBOND,5002,Fama Bliss Discount Bonds - 2-Year (Nominal),1994-10-31,87.390810001325,D,6.7297840161134,1994-10,2,0.06729784016113399
2000049,DISCBOND,5003,Fama Bliss Discount Bonds - 3-Year (Nominal),1994-10-31,81.001622319291,D,7.0169588655903,1994-10,3,0.070169588655903
2000050,DISCBOND,5004,Fama Bliss Discount Bonds - 4-Year (Nominal),1994-10-31,74.849787197661,D,7.2421729544279,1994-10,4,0.072421729544279
2000051,DISCBOND,5005,Fama Bliss Discount Bonds - 5-Year (Nominal),1994-10-31,69.072886289455,D,7.4042152960302,1994-10,5,0.074042152960302
2000047,DISCBOND,5001,Fama Bliss Discount Bonds - 1-Year (Nominal),1994-11-30,93.391844673701,D,6.8366160692975,1994-11,1,0.068366160692975
2000048,DISCBOND,5002,Fama Bliss Discount Bonds - 2-Year (Nominal),1994-11-30,86.488203011329,D,7.2581081361481,1994-11,2,0.072581081361481
2000049,DISCBOND,5003,Fama Bliss Discount Bonds - 3-Year (Nominal),1994-11-30,79.837072500669,D,7.5129348888863,1994-11,3,0.075129348888863
2000050,DISCBOND,5004,Fama Bliss Discount Bonds - 4-Year (Nominal),1994-11-30,73.731655466882,D,7.6132346562375,1994-11,4,0.076132346562375
2000051,DISCBOND,5005,Fama Bliss Discount Bonds - 5-Year (Nominal),1994-11-30,68.141001709732,D,7.667619779783,1994-11,5,0.07667619779783
2000047,DISCBOND,5001,Fama Bliss Discount Bonds - 1-Year (Nominal),1994-12-30,93.125481920533,D,7.1418003242015,1994-12,1,0.071418003242015
2000048,DISCBOND,5002,Fama Bliss Discount Bonds - 2-Year (Nominal),1994-12-30,86.042451864799,D,7.4959326322206,1994-12,2,0.074959326322206
2000049,DISCBOND,5003,Fama Bliss Discount Bonds - 3-Year (Nominal),1994-12-30,79.409930410033,D,7.6708811489235,1994-12,3,0.076708811489235
2000050,DISCBOND,5004,Fama Bliss Discount Bonds - 4-Year (Nominal),1994-12-30,73.474263515585,D,7.6953334028864,1994-12,4,0.076953334028864
2000051,DISCBOND,5005,Fama Bliss Discount Bonds - 5-Year (Nominal),1994-12-30,68.125717360395,D,7.6679048139508,1994-12,5,0.076679048139508
2000047,DISCBOND,5001,Fama Bliss Discount Bonds - 1-Year (Nominal),1995-01-31,93.478958887411,D,6.7433813655758,1995-01,1,0.067433813655758
2000048,DISCBOND,5002,Fama Bliss Discount Bonds - 2-Year (Nominal),1995-01-31,86.707698584765,D,7.121619900264,1995-01,2,0.07121619900264001
2000049,DISCBOND,5003,Fama Bliss Discount Bonds - 3-Year (Nominal),1995-01-31,80.307915066264,D,7.3100669244322,1995-01,3,0.073100669244322
2000050,DISCBOND,5004,Fama Bliss Discount Bonds - 4-Year (Nominal),1995-01-31,74.433961686886,D,7.3865064883414,1995-01,4,0.073865064883414
2000051,DISCBOND,5005,Fama Bliss Discount Bonds - 5-Year (Nominal),1995-01-31,69.010149240198,D,7.414269183498,1995-01,5,0.07414269183498
2000047,DISCBOND,5001,Fama Bliss Discount Bonds - 1-Year (Nominal),1995-02-28,93.840592184433,D,6.339897673448,1995-02,1,0.06339897673448
2000048,DISCBOND,5002,Fama Bliss Discount Bonds - 2-Year (Nominal),1995-02-28,87.51037894145,D,6.6615138169296,1995-02,2,0.066615138169296
2000049,DISCBOND,5003,Fama Bliss Discount Bonds - 3-Year (Nominal),1995-02-28,81.529708906169,D,6.8067570598185,1995-02,3,0.068067570598185
2000050,DISCBOND,5004,Fama Bliss Discount Bonds - 4-Year (Nominal),1995-02-28,75.893380958564,D,6.9007447186224,1995-02,4,0.06900744718622401
2000051,DISCBOND,5005,Fama Bliss Discount Bonds - 5-Year (Nominal),1995-02-28,70.604722190118,D,6.9538424375153,1995-02,5,0.06953842437515301
2000047,DISCBOND,5001,Fama Bliss Discount Bonds - 1-Year (Nominal),1995-03-31,93.864407428531,D,6.349287514513,1995-03,1,0.06349287514513
2000048,DISCBOND,5002,Fama Bliss Discount Bonds - 2-Year (Nominal),1995-03-31,87.500089192967,D,6.6673852784316,1995-03,2,0.06667385278431599
2000049,DISCBOND,5003,Fama Bliss Discount Bonds - 3-Year (Nominal),1995-03-31,81.480009043522,D,6.8208539740591,1995-03,3,0.06820853974059099
2000050,DISCBOND,5004,Fama Bliss Discount Bonds - 4-Year (Nominal),1995-03-31,75.813566065397,D,6.9175855218627,1995-03,4,0.069175855218627
2000051,DISCBOND,5005,Fama Bliss Discount Bonds - 5-Year (Nominal),1995-03-31,70.555206752768,D,6.9678580962801,1995-03,5,0.069678580962801
2000047,DISCBOND,5001,Fama Bliss Discount Bonds - 1-Year (Nominal),1995-04-28,93.940173962325,D,6.2002443603728,1995-04,1,0.062002443603727996
2000048,DISCBOND,5002,Fama Bliss Discount Bonds - 2-Year (Nominal),1995-04-28,87.835287473484,D,6.4588000260547,1995-04,2,0.064588000260547
2000049,DISCBOND,5003,Fama Bliss Discount Bonds - 3-Year (Nominal),1995-04-28,81.947450721791,D,6.6182673498818,1995-04,3,0.066182673498818
2000050,DISCBOND,5004,Fama Bliss Discount Bonds - 4-Year (Nominal),1995-04-28,76.357344983662,D,6.7298205543896,1995-04,4,0.067298205543896
2000051,DISCBOND,5005,Fama Bliss Discount Bonds - 5-Year (Nominal),1995-04-28,71.281133343304,D,6.7633581069,1995-04,5,0.067633581069
2000047,DISCBOND,5001,Fama Bliss Discount Bonds - 1-Year (Nominal),1995-05-31,94.447604773112,D,5.6968874313205,1995-05,1,0.05696887431320499
2000048,DISCBOND,5002,Fama Bliss Discount Bonds - 2-Year (Nominal),1995-05-31,89.090430223313,D,5.7759131090367,1995-05,2,0.057759131090367
2000049,DISCBOND,5003,Fama Bliss Discount Bonds - 3-Year (Nominal),1995-05-31,83.855397863762,D,5.8745754955918,1995-05,3,0.058745754955917995
2000050,DISCBOND,5004,Fama Bliss Discount Bonds - 4-Year (Nominal),1995-05-31,78.83068956498,D,5.9548524137228,1995-05,4,0.059548524137228
2000051,DISCBOND,5005,Fama Bliss Discount Bonds - 5-Year (Nominal),1995-05-31,74.088823863256,D,5.9915436781331,1995-05,5,0.059915436781331
2000047,DISCBOND,5001,Fama Bliss Discount Bonds - 1-Year (Nominal),1995-06-30,94.613905895545,D,5.5517830054773,1995-06,1,0.055517830054772996
2000048,DISCBOND,5002,Fama Bliss Discount Bonds - 2-Year (Nominal),1995-06-30,89.205237817131,D,5.7037081276715,1995-06,2,0.057037081276715
2000049,DISCBOND,5003,Fama Bliss Discount Bonds - 3-Year (Nominal),1995-06-30,84.012322954742,D,5.8015918465188,1995-06,3,0.058015918465188
2000050,DISCBOND,5004,Fama Bliss Discount Bonds - 4-Year (Nominal),1995-06-30,78.964086829377,D,5.9003846234227,1995-06,4,0.059003846234227
2000051,DISCBOND,5005,Fama Bliss Discount Bonds - 5-Year (Nominal),1995-06-30,74.466042638178,D,5.8900844253526,1995-06,5,0.058900844253526
2000047,DISCBOND,5001,Fama Bliss Discount Bonds - 1-Year (Nominal),1995-07-31,94.564168276555,D,5.5738844675559,1995-07,1,0.055738844675559
2000048,DISCBOND,5002,Fama Bliss Discount Bonds - 2-Year (Nominal),1995-07-31,89.058133967981,D,5.7861157726006,1995-07,2,0.057861157726006
2000049,DISCBOND,5003,Fama Bliss Discount Bonds - 3-Year (Nominal),1995-07-31,83.601527784894,D,5.9648326102537,1995-07,3,0.059648326102537
2000050,DISCBOND,5004,Fama Bliss Discount Bonds - 4-Year (Nominal),1995-07-31,78.417255783851,D,6.0781545891552,1995-07,4,0.060781545891552
2000051,DISCBOND,5005,Fama Bliss Discount Bonds - 5-Year (Nominal),1995-07-31,73.793243566527,D,6.0714065374021,1995-07,5,0.060714065374021
2000047,DISCBOND,5001,Fama Bliss Discount Bonds - 1-Year (Nominal),1995-08-31,94.533567866783,D,5.6215199040981,1995-08,1,0.056215199040981
2000048,DISCBOND,5002,Fama Bliss Discount Bonds - 2-Year (Nominal),1995-08-31,89.148530298115,D,5.7511947209552,1995-08,2,0.057511947209552
2000049,DISCBOND,5003,Fama Bliss Discount Bonds - 3-Year (Nominal),1995-08-31,83.851039768849,D,5.8655867858934,1995-08,3,0.058655867858933994
2000050,DISCBOND,5004,Fama Bliss Discount Bonds - 4-Year (Nominal),1995-08-31,78.732535792641,D,5.9737510393802,1995-08,4,0.059737510393802
2000051,DISCBOND,5005,Fama Bliss Discount Bonds - 5-Year (Nominal),1995-08-31,74.135540387956,D,5.9789505026581,1995-08,5,0.059789505026581
2000047,DISCBOND,5001,Fama Bliss Discount Bonds - 1-Year (Nominal),1995-09-29,94.479245323698,D,5.648051941385,1995-09,1,0.056480519413849996
2000048,DISCBOND,5002,Fama Bliss Discount Bonds - 2-Year (Nominal),1995-09-29,89.167127228802,D,5.7172236639939,1995-09,2,0.057172236639939
2000049,DISCBOND,5003,Fama Bliss Discount Bonds - 3-Year (Nominal),1995-09-29,83.932314841222,D,5.8280048132533,1995-09,3,0.058280048132533
2000050,DISCBOND,5004,Fama Bliss Discount Bonds - 4-Year (Nominal),1995-09-29,78.891574190154,D,5.9192852779231,1995-09,4,0.059192852779231
2000051,DISCBOND,5005,Fama Bliss Discount Bonds - 5-Year (Nominal),1995-09-29,74.405853669104,D,5.9062387392405,1995-09,5,0.059062387392405
2000047,DISCBOND,5001,Fama Bliss Discount Bonds - 1-Year (Nominal),1995-10-31,94.62072101777,D,5.514262128027,1995-10,1,0.055142621280270004
2000048,DISCBOND,5002,Fama Bliss Discount Bonds - 2-Year (Nominal),1995-10-31,89.519706496703,D,5.5279974477551,1995-10,2,0.055279974477550994
2000049,DISCBOND,5003,Fama Bliss Discount Bonds - 3-Year (Nominal),1995-10-31,84.420875047041,D,5.6451828444987,1995-10,3,0.056451828444986994
2000050,DISCBOND,5004,Fama Bliss Discount Bonds - 4-Year (Nominal),1995-10-31,79.524117337619,D,5.7316722930766,1995-10,4,0.057316722930766
2000051,DISCBOND,5005,Fama Bliss Discount Bonds - 5-Year (Nominal),1995-10-31,75.099652563879,D,5.7208156370768,1995-10,5,0.057208156370768
2000047,DISCBOND,5001,Fama Bliss Discount Bonds - 1-Year (Nominal),1995-11-30,94.817999068236,D,5.3210931159943,1995-11,1,0.053210931159943
2000048,DISCBOND,5002,Fama Bliss Discount Bonds - 2-Year (Nominal),1995-11-30,90.003190652158,D,5.2734771668035,1995-11,2,0.052734771668034995
2000049,DISCBOND,5003,Fama Bliss Discount Bonds - 3-Year (Nominal),1995-11-30,85.137268198124,D,5.3586169065085,1995-11,3,0.053586169065084996
2000050,DISCBOND,5004,Fama Bliss Discount Bonds - 4-Year (Nominal),1995-11-30,80.386695394403,D,5.45430189165,1995-11,4,0.0545430189165
2000051,DISCBOND,5005,Fama Bliss Discount Bonds - 5-Year (Nominal),1995-11-30,76.123106296624,D,5.4503936513557,1995-11,5,0.054503936513557
2000047,DISCBOND,5001,Fama Bliss Discount Bonds - 1-Year (Nominal),1995-12-29,95.001620118345,D,5.0858227159805,1995-12,1,0.050858227159805
2000048,DISCBOND,5002,Fama Bliss Discount Bonds - 2-Year (Nominal),1995-12-29,90.30014605927,D,5.0806759980211,1995-12,2,0.050806759980210996
2000049,DISCBOND,5003,Fama Bliss Discount Bonds - 3-Year (Nominal),1995-12-29,85.56541914275,D,5.1821013087209,1995-12,3,0.051821013087208996
2000050,DISCBOND,5004,Fama Bliss Discount Bonds - 4-Year (Nominal),1995-12-29,80.894727810812,D,5.2896691610217,1995-12,4,0.052896691610217
2000051,DISCBOND,5005,Fama Bliss Discount Bonds - 5-Year (Nominal),1995-12-29,76.690811704265,D,5.3019551956375,1995-12,5,0.053019551956375005
2000047,DISCBOND,5001,Fama Bliss Discount Bonds - 1-Year (Nominal),1996-01-31,95.21601870334,D,4.888805591252,1996-01,1,0.04888805591252
2000048,DISCBOND,5002,Fama Bliss Discount Bonds - 2-Year (Nominal),1996-01-31,90.725583279235,D,4.8665401909567,1996-01,2,0.048665401909567
2000049,DISCBOND,5003,Fama Bliss Discount Bonds - 3-Year (Nominal),1996-01-31,86.043932371231,D,5.0149856523602,1996-01,3,0.050149856523602
2000050,DISCBOND,5004,Fama Bliss Discount Bonds - 4-Year (Nominal),1996-01-31,81.412644604624,D,5.1374709483546,1996-01,4,0.051374709483546
2000051,DISCBOND,5005,Fama Bliss Discount Bonds - 5-Year (Nominal),1996-01-31,77.137056996942,D,5.1860443291273,1996-01,5,0.051860443291273005
2000047,DISCBOND,5001,Fama Bliss Discount Bonds - 1-Year (Nominal),1996-02-29,94.989540524199,D,5.1403400194247,1996-02,1,0.051403400194247
2000048,DISCBOND,5002,Fama Bliss Discount Bonds - 2-Year (Nominal),1996-02-29,89.84951100154,D,5.3590419069377,1996-02,2,0.053590419069377004
2000049,DISCBOND,5003,Fama Bliss Discount Bonds - 3-Year (Nominal),1996-02-29,84.834758730631,D,5.4921926544016,1996-02,3,0.054921926544015995
2000050,DISCBOND,5004,Fama Bliss Discount Bonds - 4-Year (Nominal),1996-02-29,79.837781235665,D,5.6254806707743,1996-02,4,0.056254806707742994
2000051,DISCBOND,5005,Fama Bliss Discount Bonds - 5-Year (Nominal),1996-02-29,75.328215224683,D,5.6632050354124,1996-02,5,0.056632050354124
2000047,DISCBOND,5001,Fama Bliss Discount Bonds - 1-Year (Nominal),1996-03-29,94.698497785406,D,5.4175198300882,1996-03,1,0.054175198300882
2000048,DISCBOND,5002,Fama Bliss Discount Bonds - 2-Year (Nominal),1996-03-29,89.219873382774,D,5.6877360660358,1996-03,2,0.056877360660358
2000049,DISCBOND,5003,Fama Bliss Discount Bonds - 3-Year (Nominal),1996-03-29,83.873184366115,D,5.8514536567793,1996-03,3,0.058514536567793
2000050,DISCBOND,5004,Fama Bliss Discount Bonds - 4-Year (Nominal),1996-03-29,78.593021178485,D,6.00983303184,1996-03,4,0.060098330318400006
2000051,DISCBOND,5005,Fama Bliss Discount Bonds - 5-Year (Nominal),1996-03-29,73.911050726915,D,6.0395379387171,1996-03,5,0.060395379387170996
2000047,DISCBOND,5001,Fama Bliss Discount Bonds - 1-Year (Nominal),1996-04-30,94.617554431907,D,5.5327162325971,1996-04,1,0.055327162325971006
2000048,DISCBOND,5002,Fama Bliss Discount Bonds - 2-Year (Nominal),1996-04-30,88.804977525766,D,5.9363742171402,1996-04,2,0.059363742171402
2000049,DISCBOND,5003,Fama Bliss Discount Bonds - 3-Year (Nominal),1996-04-30,83.210505934915,D,6.1265526118034,1996-04,3,0.061265526118034
2000050,DISCBOND,5004,Fama Bliss Discount Bonds - 4-Year (Nominal),1996-04-30,77.802429706748,D,6.2792393059569,1996-04,4,0.062792393059569
2000051,DISCBOND,5005,Fama Bliss Discount Bonds - 5-Year (Nominal),1996-04-30,72.909885321665,D,6.3154583725086,1996-04,5,0.063154583725086
2000047,DISCBOND,5001,Fama Bliss Discount Bonds - 1-Year (Nominal),1996-05-31,94.497877109523,D,5.6748293480595,1996-05,1,0.056748293480595
2000048,DISCBOND,5002,Fama Bliss Discount Bonds - 2-Year (Nominal),1996-05-31,88.451206491713,D,6.1528135506802,1996-05,2,0.061528135506802
2000049,DISCBOND,5003,Fama Bliss Discount Bonds - 3-Year (Nominal),1996-05-31,82.664178088584,D,6.3635620783603,1996-05,3,0.063635620783603
2000050,DISCBOND,5004,Fama Bliss Discount Bonds - 4-Year (Nominal),1996-05-31,77.073335567164,D,6.5058642612131,1996-05,4,0.065058642612131
2000051,DISCBOND,5005,Fama Bliss Discount Bonds - 5-Year (Nominal),1996-05-31,72.033952694664,D,6.5570591382317,1996-05,5,0.065570591382317
2000047,DISCBOND,5001,Fama Bliss Discount Bonds - 1-Year (Nominal),1996-06-28,94.483563007421,D,5.6435069686017,1996-06,1,0.056435069686017
2000048,DISCBOND,5002,Fama Bliss Discount Bonds - 2-Year (Nominal),1996-06-28,88.650977495013,D,6.006699781747,1996-06,2,0.06006699781747
2000049,DISCBOND,5003,Fama Bliss Discount Bonds - 3-Year (Nominal),1996-06-28,82.905411143289,D,6.2376021949749,1996-06,3,0.062376021949749
2000050,DISCBOND,5004,Fama Bliss Discount Bonds - 4-Year (Nominal),1996-06-28,77.580265442181,D,6.3334137128335,1996-06,4,0.063334137128335
2000051,DISCBOND,5005,Fama Bliss Discount Bonds - 5-Year (Nominal),1996-06-28,72.686121580544,D,6.3734097797868,1996-06,5,0.063734097797868
2000047,DISCBOND,5001,Fama Bliss Discount Bonds - 1-Year (Nominal),1996-07-31,94.300873922088,D,5.8679728925151,1996-07,1,0.058679728925151
2000048,DISCBOND,5002,Fama Bliss Discount Bonds - 2-Year (Nominal),1996-07-31,88.491761498094,D,6.1130364362205,1996-07,2,0.061130364362205
2000049,DISCBOND,5003,Fama Bliss Discount Bonds - 3-Year (Nominal),1996-07-31,82.746355480389,D,6.3187774980386,1996-07,3,0.063187774980386
2000050,DISCBOND,5004,Fama Bliss Discount Bonds - 4-Year (Nominal),1996-07-31,77.309222575018,D,6.4295195809601,1996-07,4,0.064295195809601
2000051,DISCBOND,5005,Fama Bliss Discount Bonds - 5-Year (Nominal),1996-07-31,72.281183580936,D,6.4885713186899,1996-07,5,0.064885713186899
2000047,DISCBOND,5001,Fama Bliss Discount Bonds - 1-Year (Nominal),1996-08-30,94.356940151172,D,5.8244937117858,1996-08,1,0.058244937117858005
2000048,DISCBOND,5002,Fama Bliss Discount Bonds - 2-Year (Nominal),1996-08-30,88.278594132363,D,6.2250989761801,1996-08,2,0.062250989761801004
2000049,DISCBOND,5003,Fama Bliss Discount Bonds - 3-Year (Nominal),1996-08-30,82.365149105896,D,6.4610259910197,1996-08,3,0.064610259910197
2000050,DISCBOND,5004,Fama Bliss Discount Bonds - 4-Year (Nominal),1996-08-30,76.820541542576,D,6.5834344553604,1996-08,4,0.065834344553604
2000051,DISCBOND,5005,Fama Bliss Discount Bonds - 5-Year (Nominal),1996-08-30,71.759558756905,D,6.6297168452712,1996-08,5,0.066297168452712
2000047,DISCBOND,5001,Fama Bliss Discount Bonds - 1-Year (Nominal),1996-09-30,94.49308473759,D,5.6643531545992,1996-09,1,0.056643531545992006
2000048,DISCBOND,5002,Fama Bliss Discount Bonds - 2-Year (Nominal),1996-09-30,88.685398339882,D,6.0037464357144,1996-09,2,0.060037464357144
2000049,DISCBOND,5003,Fama Bliss Discount Bonds - 3-Year (Nominal),1996-09-30,83.006818790568,D,6.2082477671111,1996-09,3,0.062082477671111
2000050,DISCBOND,5004,Fama Bliss Discount Bonds - 4-Year (Nominal),1996-09-30,77.611632469322,D,6.3363216769515,1996-09,4,0.06336321676951501
2000051,DISCBOND,5005,Fama Bliss Discount Bonds - 5-Year (Nominal),1996-09-30,72.694512935898,D,6.3815822437078,1996-09,5,0.063815822437078
2000047,DISCBOND,5001,Fama Bliss Discount Bonds - 1-Year (Nominal),1996-10-31,94.707365753297,D,5.4378408954899,1996-10,1,0.054378408954898996
2000048,DISCBOND,5002,Fama Bliss Discount Bonds - 2-Year (Nominal),1996-10-31,89.306978478103,D,5.6622842845771,1996-10,2,0.056622842845771
2000049,DISCBOND,5003,Fama Bliss Discount Bonds - 3-Year (Nominal),1996-10-31,83.982452665621,D,5.8293908545355,1996-10,3,0.058293908545355
2000050,DISCBOND,5004,Fama Bliss Discount Bonds - 4-Year (Nominal),1996-10-31,78.763740872593,D,5.9638512109488,1996-10,4,0.059638512109488
2000051,DISCBOND,5005,Fama Bliss Discount Bonds - 5-Year (Nominal),1996-10-31,74.059198883517,D,6.002819144591,1996-10,5,0.060028191445910005
2000047,DISCBOND,5001,Fama Bliss Discount Bonds - 1-Year (Nominal),1996-11-29,94.787507838552,D,5.3679629119822,1996-11,1,0.053679629119822006
2000048,DISCBOND,5002,Fama Bliss Discount Bonds - 2-Year (Nominal),1996-11-29,89.565134653284,D,5.5026653134602,1996-11,2,0.055026653134602005
2000049,DISCBOND,5003,Fama Bliss Discount Bonds - 3-Year (Nominal),1996-11-29,84.419700700744,D,5.6404954578894,1996-11,3,0.056404954578893995
2000050,DISCBOND,5004,Fama Bliss Discount Bonds - 4-Year (Nominal),1996-11-29,79.56930535063,D,5.7057284169497,1996-11,4,0.057057284169497
2000051,DISCBOND,5005,Fama Bliss Discount Bonds - 5-Year (Nominal),1996-11-29,74.984514076613,D,5.7514684288875,1996-11,5,0.057514684288875
2000047,DISCBOND,5001,Fama Bliss Discount Bonds - 1-Year (Nominal),1996-12-31,94.689867069026,D,5.4563191848078,1996-12,1,0.054563191848078
2000048,DISCBOND,5002,Fama Bliss Discount Bonds - 2-Year (Nominal),1996-12-31,89.072717622551,D,5.7858548961207,1996-12,2,0.057858548961207
2000049,DISCBOND,5003,Fama Bliss Discount Bonds - 3-Year (Nominal),1996-12-31,83.593870954136,D,5.9733329290451,1996-12,3,0.059733329290451
2000050,DISCBOND,5004,Fama Bliss Discount Bonds - 4-Year (Nominal),1996-12-31,78.435181572437,D,6.0766027435141,1996-12,4,0.06076602743514101
2000051,DISCBOND,5005,Fama Bliss Discount Bonds - 5-Year (Nominal),1996-12-31,73.556874005216,D,6.1388617026812,1996-12,5,0.061388617026812
2000047,DISCBOND,5001,Fama Bliss Discount Bonds - 1-Year (Nominal),1997-01-31,94.67486742009,D,5.4871949107704,1997-01,1,0.054871949107704
2000048,DISCBOND,5002,Fama Bliss Discount Bonds - 2-Year (Nominal),1997-01-31,89.02021153506,D,5.831313767345,1997-01,2,0.05831313767345
2000049,DISCBOND,5003,Fama Bliss Discount Bonds - 3-Year (Nominal),1997-01-31,83.527803027202,D,5.9996881510702,1997-01,3,0.059996881510701996
2000050,DISCBOND,5004,Fama Bliss Discount Bonds - 4-Year (Nominal),1997-01-31,78.395277787264,D,6.0809973894521,1997-01,4,0.060809973894521
2000051,DISCBOND,5005,Fama Bliss Discount Bonds - 5-Year (Nominal),1997-01-31,73.412340172928,D,6.1781773435162,1997-01,5,0.061781773435162
2000047,DISCBOND,5001,Fama Bliss Discount Bonds - 1-Year (Nominal),1997-02-28,94.582326684726,D,5.5852572117674,1997-02,1,0.055852572117674006
2000048,DISCBOND,5002,Fama Bliss Discount Bonds - 2-Year (Nominal),1997-02-28,88.713338020963,D,6.0044475923429,1997-02,2,0.060044475923429
2000049,DISCBOND,5003,Fama Bliss Discount Bonds - 3-Year (Nominal),1997-02-28,83.122081993453,D,6.1563710417717,1997-02,3,0.061563710417717
2000050,DISCBOND,5004,Fama Bliss Discount Bonds - 4-Year (Nominal),1997-02-28,77.871378325005,D,6.248513243121,1997-02,4,0.06248513243121
2000051,DISCBOND,5005,Fama Bliss Discount Bonds - 5-Year (Nominal),1997-02-28,72.915311308815,D,6.3139708338425,1997-02,5,0.063139708338425
2000047,DISCBOND,5001,Fama Bliss Discount Bonds - 1-Year (Nominal),1997-03-31,94.260101288738,D,5.9112189925531,1997-03,1,0.059112189925531
2000048,DISCBOND,5002,Fama Bliss Discount Bonds - 2-Year (Nominal),1997-03-31,88.107233959079,D,6.3307772822059,1997-03,2,0.063307772822059
2000049,DISCBOND,5003,Fama Bliss Discount Bonds - 3-Year (Nominal),1997-03-31,82.211622987917,D,6.5231595424954,1997-03,3,0.065231595424954
2000050,DISCBOND,5004,Fama Bliss Discount Bonds - 4-Year (Nominal),1997-03-31,76.691538710032,D,6.6344700097051,1997-03,4,0.066344700097051
2000051,DISCBOND,5005,Fama Bliss Discount Bonds - 5-Year (Nominal),1997-03-31,71.664091593258,D,6.6709182984035,1997-03,5,0.066709182984035
2000047,DISCBOND,5001,Fama Bliss Discount Bonds - 1-Year (Nominal),1997-04-30,94.36024283545,D,5.8050357952036,1997-04,1,0.058050357952036
2000048,DISCBOND,5002,Fama Bliss Discount Bonds - 2-Year (Nominal),1997-04-30,88.357873902497,D,6.1887434745036,1997-04,2,0.061887434745035996
2000049,DISCBOND,5003,Fama Bliss Discount Bonds - 3-Year (Nominal),1997-04-30,82.676769900187,D,6.3468466038384,1997-04,3,0.063468466038384
2000050,DISCBOND,5004,Fama Bliss Discount Bonds - 4-Year (Nominal),1997-04-30,77.268363570445,D,6.4427268773735,1997-04,4,0.064427268773735
2000051,DISCBOND,5005,Fama Bliss Discount Bonds - 5-Year (Nominal),1997-04-30,72.285871940972,D,6.4872748151919,1997-04,5,0.064872748151919
2000047,DISCBOND,5001,Fama Bliss Discount Bonds - 1-Year (Nominal),1997-05-30,94.393309628126,D,5.7858506951935,1997-05,1,0.057858506951935
2000048,DISCBOND,5002,Fama Bliss Discount Bonds - 2-Year (Nominal),1997-05-30,88.517349792749,D,6.1153351303164,1997-05,2,0.061153351303164
2000049,DISCBOND,5003,Fama Bliss Discount Bonds - 3-Year (Nominal),1997-05-30,82.861349276659,D,6.2552903152594,1997-05,3,0.062552903152594
2000050,DISCBOND,5004,Fama Bliss Discount Bonds - 4-Year (Nominal),1997-05-30,77.446513938065,D,6.3808249277334,1997-05,4,0.063808249277334
2000051,DISCBOND,5005,Fama Bliss Discount Bonds - 5-Year (Nominal),1997-05-30,72.560569751163,D,6.4079481002174,1997-05,5,0.064079481002174
2000047,DISCBOND,5001,Fama Bliss Discount Bonds - 1-Year (Nominal),1997-06-30,94.546481651271,D,5.6078603090844,1997-06,1,0.056078603090844004
2000048,DISCBOND,5002,Fama Bliss Discount Bonds - 2-Year (Nominal),1997-06-30,88.715551221668,D,5.9867494116566,1997-06,2,0.059867494116566
2000049,DISCBOND,5003,Fama Bliss Discount Bonds - 3-Year (Nominal),1997-06-30,83.20878697725,D,6.1216507338694,1997-06,3,0.061216507338694
2000050,DISCBOND,5004,Fama Bliss Discount Bonds - 4-Year (Nominal),1997-06-30,77.806201667746,D,6.2737261256906,1997-06,4,0.062737261256906
2000051,DISCBOND,5005,Fama Bliss Discount Bonds - 5-Year (Nominal),1997-06-30,72.972756436476,D,6.3051350414187,1997-06,5,0.06305135041418701
2000047,DISCBOND,5001,Fama Bliss Discount Bonds - 1-Year (Nominal),1997-07-31,94.646937710017,D,5.5016662685883,1997-07,1,0.055016662685883004
2000048,DISCBOND,5002,Fama Bliss Discount Bonds - 2-Year (Nominal),1997-07-31,89.322817586804,D,5.653405118698,1997-07,2,0.05653405118698
2000049,DISCBOND,5003,Fama Bliss Discount Bonds - 3-Year (Nominal),1997-07-31,84.212781818932,D,5.7222235631938,1997-07,3,0.057222235631938
2000050,DISCBOND,5004,Fama Bliss Discount Bonds - 4-Year (Nominal),1997-07-31,79.321765553009,D,5.787476704944,1997-07,4,0.05787476704944
2000051,DISCBOND,5005,Fama Bliss Discount Bonds - 5-Year (Nominal),1997-07-31,74.710618570781,D,5.8277656043895,1997-07,5,0.058277656043894996
2000047,DISCBOND,5001,Fama Bliss Discount Bonds - 1-Year (Nominal),1997-08-29,94.441820312539,D,5.6874557637583,1997-08,1,0.056874557637583
2000048,DISCBOND,5002,Fama Bliss Discount Bonds - 2-Year (Nominal),1997-08-29,88.902563240169,D,5.8653911234659,1997-08,2,0.058653911234659004
2000049,DISCBOND,5003,Fama Bliss Discount Bonds - 3-Year (Nominal),1997-08-29,83.443490806171,D,6.0168667281221,1997-08,3,0.060168667281221
2000050,DISCBOND,5004,Fama Bliss Discount Bonds - 4-Year (Nominal),1997-08-29,78.268494215827,D,6.1130648398051,1997-08,4,0.061130648398051
2000051,DISCBOND,5005,Fama Bliss Discount Bonds - 5-Year (Nominal),1997-08-29,73.595236378018,D,6.125085237209,1997-08,5,0.061250852372090006
2000047,DISCBOND,5001,Fama Bliss Discount Bonds - 1-Year (Nominal),1997-09-30,94.588750925248,D,5.5631628996115,1997-09,1,0.055631628996115
2000048,DISCBOND,5002,Fama Bliss Discount Bonds - 2-Year (Nominal),1997-09-30,89.21104398788,D,5.7082671271415,1997-09,2,0.057082671271415
2000049,DISCBOND,5003,Fama Bliss Discount Bonds - 3-Year (Nominal),1997-09-30,84.015792096826,D,5.8055136284207,1997-09,3,0.058055136284207
2000050,DISCBOND,5004,Fama Bliss Discount Bonds - 4-Year (Nominal),1997-09-30,78.946757596796,D,5.9139638500007,1997-09,4,0.059139638500007
2000051,DISCBOND,5005,Fama Bliss Discount Bonds - 5-Year (Nominal),1997-09-30,74.416085224589,D,5.9067246136735,1997-09,5,0.059067246136735
2000047,DISCBOND,5001,Fama Bliss Discount Bonds - 1-Year (Nominal),1997-10-31,94.85267437966,D,5.2990475853075,1997-10,1,0.052990475853075
2000048,DISCBOND,5002,Fama Bliss Discount Bonds - 2-Year (Nominal),1997-10-31,89.509679771996,D,5.5563938769715,1997-10,2,0.055563938769715
2000049,DISCBOND,5003,Fama Bliss Discount Bonds - 3-Year (Nominal),1997-10-31,84.457190040844,D,5.6257094851155,1997-10,3,0.056257094851155
2000050,DISCBOND,5004,Fama Bliss Discount Bonds - 4-Year (Nominal),1997-10-31,79.715058852007,D,5.663912581999,1997-10,4,0.05663912581999
2000051,DISCBOND,5005,Fama Bliss Discount Bonds - 5-Year (Nominal),1997-10-31,75.455790389148,D,5.6293804067717,1997-10,5,0.056293804067717
2000047,DISCBOND,5001,Fama Bliss Discount Bonds - 1-Year (Nominal),1997-11-28,94.668064426168,D,5.4494869416217,1997-11,1,0.054494869416217
2000048,DISCBOND,5002,Fama Bliss Discount Bonds - 2-Year (Nominal),1997-11-28,89.190386529198,D,5.7042184641704,1997-11,2,0.057042184641704
2000049,DISCBOND,5003,Fama Bliss Discount Bonds - 3-Year (Nominal),1997-11-28,84.090449799213,D,5.7601249017523,1997-11,3,0.057601249017523
2000050,DISCBOND,5004,Fama Bliss Discount Bonds - 4-Year (Nominal),1997-11-28,79.231406445845,D,5.8080012583053,1997-11,4,0.058080012583052995
2000051,DISCBOND,5005,Fama Bliss Discount Bonds - 5-Year (Nominal),1997-11-28,74.993191190467,D,5.749156721285,1997-11,5,0.05749156721285
2000047,DISCBOND,5001,Fama Bliss Discount Bonds - 1-Year (Nominal),1997-12-31,94.732839017894,D,5.4109476974156,1997-12,1,0.054109476974156
2000048,DISCBOND,5002,Fama Bliss Discount Bonds - 2-Year (Nominal),1997-12-31,89.450656191737,D,5.574152010539,1997-12,2,0.05574152010539
2000049,DISCBOND,5003,Fama Bliss Discount Bonds - 3-Year (Nominal),1997-12-31,84.485113529406,D,5.6249646784419,1997-12,3,0.056249646784419
2000050,DISCBOND,5004,Fama Bliss Discount Bonds - 4-Year (Nominal),1997-12-31,79.766833877624,D,5.6476914331136,1997-12,4,0.056476914331136004
2000051,DISCBOND,5005,Fama Bliss Discount Bonds - 5-Year (Nominal),1997-12-31,75.458603081888,D,5.6286353082486,1997-12,5,0.056286353082486
2000047,DISCBOND,5001,Fama Bliss Discount Bonds - 1-Year (Nominal),1998-01-30,94.981205204841,D,5.1632615416941,1998-01,1,0.051632615416940995
2000048,DISCBOND,5002,Fama Bliss Discount Bonds - 2-Year (Nominal),1998-01-30,90.005715163461,D,5.2576485496462,1998-01,2,0.052576485496462
2000049,DISCBOND,5003,Fama Bliss Discount Bonds - 3-Year (Nominal),1998-01-30,85.319754712305,D,5.2824905096349,1998-01,3,0.052824905096349
2000050,DISCBOND,5004,Fama Bliss Discount Bonds - 4-Year (Nominal),1998-01-30,80.682586100747,D,5.358844622635,1998-01,4,0.05358844622635
2000051,DISCBOND,5005,Fama Bliss Discount Bonds - 5-Year (Nominal),1998-01-30,76.676280218311,D,5.3057410347543,1998-01,5,0.053057410347543
2000047,DISCBOND,5001,Fama Bliss Discount Bonds - 1-Year (Nominal),1998-02-27,94.822944344372,D,5.3304820026331,1998-02,1,0.053304820026330996
2000048,DISCBOND,5002,Fama Bliss Discount Bonds - 2-Year (Nominal),1998-02-27,89.626851581453,D,5.4608004336184,1998-02,2,0.054608004336184
2000049,DISCBOND,5003,Fama Bliss Discount Bonds - 3-Year (Nominal),1998-02-27,84.804212676117,D,5.4841488278717,1998-02,3,0.054841488278717
2000050,DISCBOND,5004,Fama Bliss Discount Bonds - 4-Year (Nominal),1998-02-27,80.068104132582,D,5.5497129645716,1998-02,4,0.055497129645716
2000051,DISCBOND,5005,Fama Bliss Discount Bonds - 5-Year (Nominal),1998-02-27,75.919309333261,D,5.5039508085805,1998-02,5,0.055039508085805
2000047,DISCBOND,5001,Fama Bliss Discount Bonds - 1-Year (Nominal),1998-03-31,94.823984966409,D,5.3147802752948,1998-03,1,0.053147802752948003
2000048,DISCBOND,5002,Fama Bliss Discount Bonds - 2-Year (Nominal),1998-03-31,89.571499118006,D,5.4991173187862,1998-03,2,0.054991173187862
2000049,DISCBOND,5003,Fama Bliss Discount Bonds - 3-Year (Nominal),1998-03-31,84.613182621006,D,5.5693371183697,1998-03,3,0.055693371183697
2000050,DISCBOND,5004,Fama Bliss Discount Bonds - 4-Year (Nominal),1998-03-31,79.969317194478,D,5.5958445346863,1998-03,4,0.055958445346863
2000051,DISCBOND,5005,Fama Bliss Discount Bonds - 5-Year (Nominal),1998-03-31,75.791962340485,D,5.5405226525721,1998-03,5,0.055405226525720996
2000047,DISCBOND,5001,Fama Bliss Discount Bonds - 1-Year (Nominal),1998-04-30,94.80986604046,D,5.3296709985492,1998-04,1,0.053296709985492
2000048,DISCBOND,5002,Fama Bliss Discount Bonds - 2-Year (Nominal),1998-04-30,89.588392813919,D,5.504761709293,1998-04,2,0.05504761709293
2000049,DISCBOND,5003,Fama Bliss Discount Bonds - 3-Year (Nominal),1998-04-30,84.642395777504,D,5.552759637679,1998-04,3,0.05552759637679
2000050,DISCBOND,5004,Fama Bliss Discount Bonds - 4-Year (Nominal),1998-04-30,79.937222416847,D,5.5943828362552,1998-04,4,0.055943828362551996
2000051,DISCBOND,5005,Fama Bliss Discount Bonds - 5-Year (Nominal),1998-04-30,75.723721412138,D,5.5585283288858,1998-04,5,0.055585283288858006
2000047,DISCBOND,5001,Fama Bliss Discount Bonds - 1-Year (Nominal),1998-05-29,94.804706721907,D,5.3497700406267,1998-05,1,0.053497700406266994
2000048,DISCBOND,5002,Fama Bliss Discount Bonds - 2-Year (Nominal),1998-05-29,89.621660904025,D,5.4562344128261,1998-05,2,0.054562344128261
2000049,DISCBOND,5003,Fama Bliss Discount Bonds - 3-Year (Nominal),1998-05-29,84.718232464259,D,5.5128744698763,1998-05,3,0.055128744698763
2000050,DISCBOND,5004,Fama Bliss Discount Bonds - 4-Year (Nominal),1998-05-29,80.02416306564,D,5.5596151117036,1998-05,4,0.055596151117036
2000051,DISCBOND,5005,Fama Bliss Discount Bonds - 5-Year (Nominal),1998-05-29,76.033149430762,D,5.4740163148391,1998-05,5,0.054740163148391
2000047,DISCBOND,5001,Fama Bliss Discount Bonds - 1-Year (Nominal),1998-06-30,94.802844409599,D,5.3370772856569,1998-06,1,0.053370772856569
2000048,DISCBOND,5002,Fama Bliss Discount Bonds - 2-Year (Nominal),1998-06-30,89.750826638928,D,5.3992511909691,1998-06,2,0.053992511909690996
2000049,DISCBOND,5003,Fama Bliss Discount Bonds - 3-Year (Nominal),1998-06-30,84.845983552843,D,5.4777512059692,1998-06,3,0.054777512059692
2000050,DISCBOND,5004,Fama Bliss Discount Bonds - 4-Year (Nominal),1998-06-30,80.328389505537,D,5.479930776406,1998-06,4,0.05479930776406
2000051,DISCBOND,5005,Fama Bliss Discount Bonds - 5-Year (Nominal),1998-06-30,76.39773249102,D,5.3813945113229,1998-06,5,0.053813945113229
2000047,DISCBOND,5001,Fama Bliss Discount Bonds - 1-Year (Nominal),1998-07-31,94.738010589215,D,5.4203392194431,1998-07,1,0.054203392194431
2000048,DISCBOND,5002,Fama Bliss Discount Bonds - 2-Year (Nominal),1998-07-31,89.722995552622,D,5.414737022634,1998-07,2,0.05414737022634
2000049,DISCBOND,5003,Fama Bliss Discount Bonds - 3-Year (Nominal),1998-07-31,84.886407306872,D,5.4568903557225,1998-07,3,0.054568903557225
2000050,DISCBOND,5004,Fama Bliss Discount Bonds - 4-Year (Nominal),1998-07-31,80.272699817862,D,5.489755022903,1998-07,4,0.05489755022903
2000051,DISCBOND,5005,Fama Bliss Discount Bonds - 5-Year (Nominal),1998-07-31,76.083824259823,D,5.4636960724278,1998-07,5,0.054636960724278004
2000047,DISCBOND,5001,Fama Bliss Discount Bonds - 1-Year (Nominal),1998-08-31,95.099313865128,D,5.02484313405,1998-08,1,0.0502484313405
2000048,DISCBOND,5002,Fama Bliss Discount Bonds - 2-Year (Nominal),1998-08-31,90.812565169573,D,4.8120345371408,1998-08,2,0.048120345371407997
2000049,DISCBOND,5003,Fama Bliss Discount Bonds - 3-Year (Nominal),1998-08-31,86.321588027507,D,4.8985422515038,1998-08,3,0.048985422515038
2000050,DISCBOND,5004,Fama Bliss Discount Bonds - 4-Year (Nominal),1998-08-31,82.198989633312,D,4.9006793891764,1998-08,4,0.049006793891763996
2000051,DISCBOND,5005,Fama Bliss Discount Bonds - 5-Year (Nominal),1998-08-31,78.442861881923,D,4.8586562017871,1998-08,5,0.048586562017870996
2000047,DISCBOND,5001,Fama Bliss Discount Bonds - 1-Year (Nominal),1998-09-30,95.534135774423,D,4.5686559704705,1998-09,1,0.045686559704705004
2000048,DISCBOND,5002,Fama Bliss Discount Bonds - 2-Year (Nominal),1998-09-30,91.806847332031,D,4.2741650734891,1998-09,2,0.042741650734891
2000049,DISCBOND,5003,Fama Bliss Discount Bonds - 3-Year (Nominal),1998-09-30,87.782764610813,D,4.3474703694275,1998-09,3,0.043474703694274995
2000050,DISCBOND,5004,Fama Bliss Discount Bonds - 4-Year (Nominal),1998-09-30,84.169710664504,D,4.3054276812937,1998-09,4,0.043054276812937
2000051,DISCBOND,5005,Fama Bliss Discount Bonds - 5-Year (Nominal),1998-09-30,80.469074742803,D,4.3435646259668,1998-09,5,0.043435646259668
2000047,DISCBOND,5001,Fama Bliss Discount Bonds - 1-Year (Nominal),1998-10-30,95.724550200113,D,4.3815431731145,1998-10,1,0.043815431731145
2000048,DISCBOND,5002,Fama Bliss Discount Bonds - 2-Year (Nominal),1998-10-30,91.994373044988,D,4.1607394787053,1998-10,2,0.041607394787053
2000049,DISCBOND,5003,Fama Bliss Discount Bonds - 3-Year (Nominal),1998-10-30,87.85555716157,D,4.3080020223591,1998-10,3,0.043080020223591
2000050,DISCBOND,5004,Fama Bliss Discount Bonds - 4-Year (Nominal),1998-10-30,83.992648823662,D,4.3550568056815,1998-10,4,0.043550568056815
2000051,DISCBOND,5005,Fama Bliss Discount Bonds - 5-Year (Nominal),1998-10-30,79.916061969916,D,4.4789580664436,1998-10,5,0.044789580664436
2000047,DISCBOND,5001,Fama Bliss Discount Bonds - 1-Year (Nominal),1998-11-30,95.473981107408,D,4.6316424759508,1998-11,1,0.046316424759508
2000048,DISCBOND,5002,Fama Bliss Discount Bonds - 2-Year (Nominal),1998-11-30,91.43307919296,D,4.4720167740259,1998-11,2,0.044720167740259005
2000049,DISCBOND,5003,Fama Bliss Discount Bonds - 3-Year (Nominal),1998-11-30,87.294518945366,D,4.5252844783628,1998-11,3,0.045252844783628
2000050,DISCBOND,5004,Fama Bliss Discount Bonds - 4-Year (Nominal),1998-11-30,83.06528515765,D,4.6385829802415,1998-11,4,0.046385829802415
2000051,DISCBOND,5005,Fama Bliss Discount Bonds - 5-Year (Nominal),1998-11-30,79.623662318969,D,4.5596758150789,1998-11,5,0.045596758150789
2000047,DISCBOND,5001,Fama Bliss Discount Bonds - 1-Year (Nominal),1998-12-31,95.659396192475,D,4.4376259772636,1998-12,1,0.044376259772636005
2000048,DISCBOND,5002,Fama Bliss Discount Bonds - 2-Year (Nominal),1998-12-31,91.371664423835,D,4.517927580105,1998-12,2,0.045179275801049995
2000049,DISCBOND,5003,Fama Bliss Discount Bonds - 3-Year (Nominal),1998-12-31,87.103444122736,D,4.5982595540829,1998-12,3,0.045982595540829
2000050,DISCBOND,5004,Fama Bliss Discount Bonds - 4-Year (Nominal),1998-12-31,82.99929568301,D,4.655263168113,1998-12,4,0.04655263168113
2000051,DISCBOND,5005,Fama Bliss Discount Bonds - 5-Year (Nominal),1998-12-31,79.490896402918,D,4.5880394888759,1998-12,5,0.045880394888759
2000047,DISCBOND,5001,Fama Bliss Discount Bonds - 1-Year (Nominal),1999-01-29,95.618627630966,D,4.455837962988,1999-01,1,0.044558379629880004
2000048,DISCBOND,5002,Fama Bliss Discount Bonds - 2-Year (Nominal),1999-01-29,91.312430887673,D,4.5255645326325,1999-01,2,0.045255645326325
2000049,DISCBOND,5003,Fama Bliss Discount Bonds - 3-Year (Nominal),1999-01-29,87.143661979556,D,4.5745383903213,1999-01,3,0.045745383903213005
2000050,DISCBOND,5004,Fama Bliss Discount Bonds - 4-Year (Nominal),1999-01-29,83.176694480452,D,4.5956317276483,1999-01,4,0.045956317276483
2000051,DISCBOND,5005,Fama Bliss Discount Bonds - 5-Year (Nominal),1999-01-29,79.739084961273,D,4.5232493650109,1999-01,5,0.04523249365010899
2000047,DISCBOND,5001,Fama Bliss Discount Bonds - 1-Year (Nominal),1999-02-26,95.226662697654,D,4.8511487852983,1999-02,1,0.048511487852983
2000048,DISCBOND,5002,Fama Bliss Discount Bonds - 2-Year (Nominal),1999-02-26,90.299552570069,D,5.0810032744234,1999-02,2,0.050810032744234006
2000049,DISCBOND,5003,Fama Bliss Discount Bonds - 3-Year (Nominal),1999-02-26,85.477434464181,D,5.2163010384276,1999-02,3,0.052163010384276
2000050,DISCBOND,5004,Fama Bliss Discount Bonds - 4-Year (Nominal),1999-02-26,80.920745270252,D,5.2816464088324,1999-02,4,0.052816464088324
2000051,DISCBOND,5005,Fama Bliss Discount Bonds - 5-Year (Nominal),1999-02-26,77.067270014074,D,5.2041269843278,1999-02,5,0.052041269843278004
2000047,DISCBOND,5001,Fama Bliss Discount Bonds - 1-Year (Nominal),1999-03-31,95.429497178337,D,4.6654640734523,1999-03,1,0.046654640734523
2000048,DISCBOND,5002,Fama Bliss Discount Bonds - 2-Year (Nominal),1999-03-31,90.601736277319,D,4.9348404456988,1999-03,2,0.049348404456988
2000049,DISCBOND,5003,Fama Bliss Discount Bonds - 3-Year (Nominal),1999-03-31,85.916712866136,D,5.0689855891339,1999-03,3,0.050689855891339
2000050,DISCBOND,5004,Fama Bliss Discount Bonds - 4-Year (Nominal),1999-03-31,81.377008747766,D,5.1484088261872,1999-03,4,0.051484088261872
2000051,DISCBOND,5005,Fama Bliss Discount Bonds - 5-Year (Nominal),1999-03-31,77.20970311323,D,5.1672382081642,1999-03,5,0.051672382081642
2000047,DISCBOND,5001,Fama Bliss Discount Bonds - 1-Year (Nominal),1999-04-30,95.409498786678,D,4.7121145612241,1999-04,1,0.047121145612241
2000048,DISCBOND,5002,Fama Bliss Discount Bonds - 2-Year (Nominal),1999-04-30,90.458211099503,D,5.0072506534011,1999-04,2,0.050072506534011005
2000049,DISCBOND,5003,Fama Bliss Discount Bonds - 3-Year (Nominal),1999-04-30,85.710451911412,D,5.135157517513,1999-04,3,0.05135157517513
2000050,DISCBOND,5004,Fama Bliss Discount Bonds - 4-Year (Nominal),1999-04-30,81.183070281287,D,5.2080193468992,1999-04,4,0.052080193468992
2000051,DISCBOND,5005,Fama Bliss Discount Bonds - 5-Year (Nominal),1999-04-30,76.836066643064,D,5.2641517899455,1999-04,5,0.052641517899455
2000047,DISCBOND,5001,Fama Bliss Discount Bonds - 1-Year (Nominal),1999-05-28,95.128110814099,D,4.9404251028003,1999-05,1,0.049404251028003
2000048,DISCBOND,5002,Fama Bliss Discount Bonds - 2-Year (Nominal),1999-05-28,89.818895293495,D,5.3394834228976,1999-05,2,0.053394834228976
2000049,DISCBOND,5003,Fama Bliss Discount Bonds - 3-Year (Nominal),1999-05-28,84.702922091295,D,5.513861084517,1999-05,3,0.05513861084517
2000050,DISCBOND,5004,Fama Bliss Discount Bonds - 4-Year (Nominal),1999-05-28,79.876368211838,D,5.605734980619,1999-05,4,0.05605734980619
2000051,DISCBOND,5005,Fama Bliss Discount Bonds - 5-Year (Nominal),1999-05-28,75.414861782293,D,5.6371387582325,1999-05,5,0.056371387582325
2000047,DISCBOND,5001,Fama Bliss Discount Bonds - 1-Year (Nominal),1999-06-30,94.939986407184,D,5.1783345063455,1999-06,1,0.051783345063455
2000048,DISCBOND,5002,Fama Bliss Discount Bonds - 2-Year (Nominal),1999-06-30,89.668159638492,D,5.4527222474788,1999-06,2,0.054527222474788
2000049,DISCBOND,5003,Fama Bliss Discount Bonds - 3-Year (Nominal),1999-06-30,84.637899286702,D,5.5646829351031,1999-06,3,0.055646829351031005
2000050,DISCBOND,5004,Fama Bliss Discount Bonds - 4-Year (Nominal),1999-06-30,79.810940692476,D,5.6338810426571,1999-06,4,0.056338810426571
2000051,DISCBOND,5005,Fama Bliss Discount Bonds - 5-Year (Nominal),1999-06-30,74.965887348735,D,5.7564317599991,1999-06,5,0.057564317599991005
2000047,DISCBOND,5001,Fama Bliss Discount Bonds - 1-Year (Nominal),1999-07-30,94.825384975605,D,5.284348512929,1999-07,1,0.052843485129290005
2000048,DISCBOND,5002,Fama Bliss Discount Bonds - 2-Year (Nominal),1999-07-30,89.462033869572,D,5.5525802445576,1999-07,2,0.055525802445576
2000049,DISCBOND,5003,Fama Bliss Discount Bonds - 3-Year (Nominal),1999-07-30,84.327782688159,D,5.6716010948016,1999-07,3,0.056716010948016
2000050,DISCBOND,5004,Fama Bliss Discount Bonds - 4-Year (Nominal),1999-07-30,79.206823555881,D,5.8197211676347,1999-07,4,0.058197211676347005
2000051,DISCBOND,5005,Fama Bliss Discount Bonds - 5-Year (Nominal),1999-07-30,74.359986806271,D,5.9185578721097,1999-07,5,0.059185578721097
2000047,DISCBOND,5001,Fama Bliss Discount Bonds - 1-Year (Nominal),1999-08-31,94.679886359435,D,5.4519235102768,1999-08,1,0.054519235102768
2000048,DISCBOND,5002,Fama Bliss Discount Bonds - 2-Year (Nominal),1999-08-31,89.312715270462,D,5.6435850774292,1999-08,2,0.056435850774292
2000049,DISCBOND,5003,Fama Bliss Discount Bonds - 3-Year (Nominal),1999-08-31,84.073440086193,D,5.7826495846839,1999-08,3,0.05782649584683899
2000050,DISCBOND,5004,Fama Bliss Discount Bonds - 4-Year (Nominal),1999-08-31,78.915385772163,D,5.9239071233851,1999-08,4,0.059239071233851
2000051,DISCBOND,5005,Fama Bliss Discount Bonds - 5-Year (Nominal),1999-08-31,74.187840027841,D,5.9648617219021,1999-08,5,0.059648617219021
2000047,DISCBOND,5001,Fama Bliss Discount Bonds - 1-Year (Nominal),1999-09-30,94.769381561924,D,5.3723808200767,1999-09,1,0.053723808200767
2000048,DISCBOND,5002,Fama Bliss Discount Bonds - 2-Year (Nominal),1999-09-30,89.514803473299,D,5.5459057490596,1999-09,2,0.05545905749059601
2000049,DISCBOND,5003,Fama Bliss Discount Bonds - 3-Year (Nominal),1999-09-30,84.397402055562,D,5.6492932634715,1999-09,3,0.056492932634715
2000050,DISCBOND,5004,Fama Bliss Discount Bonds - 4-Year (Nominal),1999-09-30,79.271258419614,D,5.8033893109113,1999-09,4,0.058033893109113006
2000051,DISCBOND,5005,Fama Bliss Discount Bonds - 5-Year (Nominal),1999-09-30,74.519901837961,D,5.8756400446536,1999-09,5,0.058756400446535996
2000047,DISCBOND,5001,Fama Bliss Discount Bonds - 1-Year (Nominal),1999-10-29,94.587026309307,D,5.5196193869033,1999-10,1,0.055196193869033
2000048,DISCBOND,5002,Fama Bliss Discount Bonds - 2-Year (Nominal),1999-10-29,89.154102614972,D,5.7166979907732,1999-10,2,0.057166979907732
2000049,DISCBOND,5003,Fama Bliss Discount Bonds - 3-Year (Nominal),1999-10-29,83.956127926599,D,5.8132668748119,1999-10,3,0.058132668748118996
2000050,DISCBOND,5004,Fama Bliss Discount Bonds - 4-Year (Nominal),1999-10-29,78.654450739361,D,5.9903403185061,1999-10,4,0.059903403185061
2000051,DISCBOND,5005,Fama Bliss Discount Bonds - 5-Year (Nominal),1999-10-29,73.906277634937,D,6.0408281438463,1999-10,5,0.060408281438462996
2000047,DISCBOND,5001,Fama Bliss Discount Bonds - 1-Year (Nominal),1999-11-30,94.38500751569,D,5.7630054917987,1999-11,1,0.057630054917987
2000048,DISCBOND,5002,Fama Bliss Discount Bonds - 2-Year (Nominal),1999-11-30,88.813091428336,D,5.9236914142458,1999-11,2,0.059236914142458
2000049,DISCBOND,5003,Fama Bliss Discount Bonds - 3-Year (Nominal),1999-11-30,83.565245510089,D,5.9847493749581,1999-11,3,0.059847493749581
2000050,DISCBOND,5004,Fama Bliss Discount Bonds - 4-Year (Nominal),1999-11-30,78.402929736938,D,6.0868916786508,1999-11,4,0.060868916786508
2000051,DISCBOND,5005,Fama Bliss Discount Bonds - 5-Year (Nominal),1999-11-30,73.544972329209,D,6.1387345387029,1999-11,5,0.061387345387029
2000047,DISCBOND,5001,Fama Bliss Discount Bonds - 1-Year (Nominal),1999-12-31,94.292627562585,D,5.8928630991817,1999-12,1,0.058928630991817006
2000048,DISCBOND,5002,Fama Bliss Discount Bonds - 2-Year (Nominal),1999-12-31,88.42290443327,D,6.1435417060854,1999-12,2,0.061435417060854
2000049,DISCBOND,5003,Fama Bliss Discount Bonds - 3-Year (Nominal),1999-12-31,82.970177345155,D,6.2172874257271,1999-12,3,0.062172874257271
2000050,DISCBOND,5004,Fama Bliss Discount Bonds - 4-Year (Nominal),1999-12-31,77.72266564827,D,6.2962692282691,1999-12,4,0.062962692282691
2000051,DISCBOND,5005,Fama Bliss Discount Bonds - 5-Year (Nominal),1999-12-31,72.640205590102,D,6.3860339831715,1999-12,5,0.063860339831715
2000047,DISCBOND,5001,Fama Bliss Discount Bonds - 1-Year (Nominal),2000-01-31,94.004504202168,D,6.165856168916,2000-01,1,0.06165856168916
2000048,DISCBOND,5002,Fama Bliss Discount Bonds - 2-Year (Nominal),2000-01-31,87.792471658863,D,6.5008164519649,2000-01,2,0.065008164519649
2000049,DISCBOND,5003,Fama Bliss Discount Bonds - 3-Year (Nominal),2000-01-31,82.12985862752,D,6.5562977646588,2000-01,3,0.065562977646588
2000050,DISCBOND,5004,Fama Bliss Discount Bonds - 4-Year (Nominal),2000-01-31,76.961889876644,D,6.5464955830739,2000-01,4,0.065464955830739
2000051,DISCBOND,5005,Fama Bliss Discount Bonds - 5-Year (Nominal),2000-01-31,71.665715719621,D,6.6558601651658,2000-01,5,0.066558601651658
2000047,DISCBOND,5001,Fama Bliss Discount Bonds - 1-Year (Nominal),2000-02-29,94.084869587686,D,6.0972943104094,2000-02,1,0.060972943104094
2000048,DISCBOND,5002,Fama Bliss Discount Bonds - 2-Year (Nominal),2000-02-29,87.921770987188,D,6.4361366464609,2000-02,2,0.06436136646460901
2000049,DISCBOND,5003,Fama Bliss Discount Bonds - 3-Year (Nominal),2000-02-29,82.280836615446,D,6.5010653053244,2000-02,3,0.065010653053244
2000050,DISCBOND,5004,Fama Bliss Discount Bonds - 4-Year (Nominal),2000-02-29,77.168314065625,D,6.4839727362493,2000-02,4,0.06483972736249301
2000051,DISCBOND,5005,Fama Bliss Discount Bonds - 5-Year (Nominal),2000-02-29,72.008792004783,D,6.5640423181903,2000-02,5,0.065640423181903
2000047,DISCBOND,5001,Fama Bliss Discount Bonds - 1-Year (Nominal),2000-03-31,93.911415380668,D,6.2990817987448,2000-03,1,0.062990817987448
2000048,DISCBOND,5002,Fama Bliss Discount Bonds - 2-Year (Nominal),2000-03-31,88.054886196394,D,6.3867398422192,2000-03,2,0.063867398422192
2000049,DISCBOND,5003,Fama Bliss Discount Bonds - 3-Year (Nominal),2000-03-31,82.691854717212,D,6.3349695468381,2000-03,3,0.063349695468381
2000050,DISCBOND,5004,Fama Bliss Discount Bonds - 4-Year (Nominal),2000-03-31,77.839408280399,D,6.2587720582517,2000-03,4,0.06258772058251699
2000051,DISCBOND,5005,Fama Bliss Discount Bonds - 5-Year (Nominal),2000-03-31,73.154534125256,D,6.2484974946764,2000-03,5,0.062484974946764
2000047,DISCBOND,5001,Fama Bliss Discount Bonds - 1-Year (Nominal),2000-04-28,93.722407391967,D,6.4479572766945,2000-04,1,0.06447957276694499
2000048,DISCBOND,5002,Fama Bliss Discount Bonds - 2-Year (Nominal),2000-04-28,87.664539532358,D,6.5646501428985,2000-04,2,0.065646501428985
2000049,DISCBOND,5003,Fama Bliss Discount Bonds - 3-Year (Nominal),2000-04-28,82.290286531533,D,6.4853915298515,2000-04,3,0.064853915298515
2000050,DISCBOND,5004,Fama Bliss Discount Bonds - 4-Year (Nominal),2000-04-28,77.125550205758,D,6.4800740410021,2000-04,4,0.064800740410021
2000051,DISCBOND,5005,Fama Bliss Discount Bonds - 5-Year (Nominal),2000-04-28,72.400976119294,D,6.4519374184454,2000-04,5,0.064519374184454
2000047,DISCBOND,5001,Fama Bliss Discount Bonds - 1-Year (Nominal),2000-05-31,93.926806616133,D,6.265436004567,2000-05,1,0.06265436004567
2000048,DISCBOND,5002,Fama Bliss Discount Bonds - 2-Year (Nominal),2000-05-31,87.646445305866,D,6.5929565497633,2000-05,2,0.065929565497633
2000049,DISCBOND,5003,Fama Bliss Discount Bonds - 3-Year (Nominal),2000-05-31,82.219413093049,D,6.5319230617856,2000-05,3,0.065319230617856
2000050,DISCBOND,5004,Fama Bliss Discount Bonds - 4-Year (Nominal),2000-05-31,77.073746613715,D,6.5191171484617,2000-05,4,0.065191171484617
2000051,DISCBOND,5005,Fama Bliss Discount Bonds - 5-Year (Nominal),2000-05-31,72.426519433437,D,6.4484196747423,2000-05,5,0.06448419674742299
2000047,DISCBOND,5001,Fama Bliss Discount Bonds - 1-Year (Nominal),2000-06-30,93.822725615919,D,6.393825810721,2000-06,1,0.06393825810721
2000048,DISCBOND,5002,Fama Bliss Discount Bonds - 2-Year (Nominal),2000-06-30,88.230299717016,D,6.2781881818247,2000-06,2,0.06278188181824701
2000049,DISCBOND,5003,Fama Bliss Discount Bonds - 3-Year (Nominal),2000-06-30,83.031115147217,D,6.198492423068,2000-06,3,0.06198492423068
2000050,DISCBOND,5004,Fama Bliss Discount Bonds - 4-Year (Nominal),2000-06-30,78.005637605564,D,6.2054769364224,2000-06,4,0.062054769364224
2000051,DISCBOND,5005,Fama Bliss Discount Bonds - 5-Year (Nominal),2000-06-30,73.502880194896,D,6.1535398834942,2000-06,5,0.061535398834941996
2000047,DISCBOND,5001,Fama Bliss Discount Bonds - 1-Year (Nominal),2000-07-31,93.835935997005,D,6.3622290370486,2000-07,1,0.063622290370486
2000048,DISCBOND,5002,Fama Bliss Discount Bonds - 2-Year (Nominal),2000-07-31,88.337715726488,D,6.2001518951318,2000-07,2,0.062001518951317995
2000049,DISCBOND,5003,Fama Bliss Discount Bonds - 3-Year (Nominal),2000-07-31,82.968466542471,D,6.2236525706418,2000-07,3,0.062236525706418
2000050,DISCBOND,5004,Fama Bliss Discount Bonds - 4-Year (Nominal),2000-07-31,78.121240523748,D,6.1727050096356,2000-07,4,0.061727050096356005
2000051,DISCBOND,5005,Fama Bliss Discount Bonds - 5-Year (Nominal),2000-07-31,73.617252070298,D,6.129174039339,2000-07,5,0.061291740393390005
2000047,DISCBOND,5001,Fama Bliss Discount Bonds - 1-Year (Nominal),2000-08-31,94.056997099946,D,6.1269235348182,2000-08,1,0.061269235348182
2000048,DISCBOND,5002,Fama Bliss Discount Bonds - 2-Year (Nominal),2000-08-31,88.557609996261,D,6.0841787538479,2000-08,2,0.060841787538479
2000049,DISCBOND,5003,Fama Bliss Discount Bonds - 3-Year (Nominal),2000-08-31,83.506171414223,D,6.0193158142079,2000-08,3,0.060193158142079
2000050,DISCBOND,5004,Fama Bliss Discount Bonds - 4-Year (Nominal),2000-08-31,78.791355487567,D,5.9550937301238,2000-08,4,0.059550937301238005
2000051,DISCBOND,5005,Fama Bliss Discount Bonds - 5-Year (Nominal),2000-08-31,74.33861548946,D,5.9275447459702,2000-08,5,0.05927544745970201
2000047,DISCBOND,5001,Fama Bliss Discount Bonds - 1-Year (Nominal),2000-09-29,94.012416033622,D,6.1912954251233,2000-09,1,0.061912954251233006
2000048,DISCBOND,5002,Fama Bliss Discount Bonds - 2-Year (Nominal),2000-09-29,88.877773749353,D,5.8873396078189,2000-09,2,0.058873396078189
2000049,DISCBOND,5003,Fama Bliss Discount Bonds - 3-Year (Nominal),2000-09-29,83.848227442365,D,5.8667037697472,2000-09,3,0.058667037697472
2000050,DISCBOND,5004,Fama Bliss Discount Bonds - 4-Year (Nominal),2000-09-29,79.218512351678,D,5.8160371591271,2000-09,4,0.05816037159127099
2000051,DISCBOND,5005,Fama Bliss Discount Bonds - 5-Year (Nominal),2000-09-29,74.829896986424,D,5.7927055528116,2000-09,5,0.057927055528116
2000047,DISCBOND,5001,Fama Bliss Discount Bonds - 1-Year (Nominal),2000-10-31,93.983976469999,D,6.2045881333692,2000-10,1,0.062045881333692
2000048,DISCBOND,5002,Fama Bliss Discount Bonds - 2-Year (Nominal),2000-10-31,89.012268934309,D,5.8197986281174,2000-10,2,0.058197986281174
2000049,DISCBOND,5003,Fama Bliss Discount Bonds - 3-Year (Nominal),2000-10-31,83.976677337885,D,5.8210360546921,2000-10,3,0.058210360546921
2000050,DISCBOND,5004,Fama Bliss Discount Bonds - 4-Year (Nominal),2000-10-31,79.412480341637,D,5.7668163498719,2000-10,4,0.057668163498719
2000051,DISCBOND,5005,Fama Bliss Discount Bonds - 5-Year (Nominal),2000-10-31,75.183557173815,D,5.7016283074671,2000-10,5,0.057016283074671
2000047,DISCBOND,5001,Fama Bliss Discount Bonds - 1-Year (Nominal),2000-11-30,94.335764926181,D,5.8309800742549,2000-11,1,0.058309800742549
2000048,DISCBOND,5002,Fama Bliss Discount Bonds - 2-Year (Nominal),2000-11-30,89.505817655207,D,5.5509320662856,2000-11,2,0.05550932066285599
2000049,DISCBOND,5003,Fama Bliss Discount Bonds - 3-Year (Nominal),2000-11-30,84.727684289949,D,5.5343680250603,2000-11,3,0.055343680250603
2000050,DISCBOND,5004,Fama Bliss Discount Bonds - 4-Year (Nominal),2000-11-30,80.302680443134,D,5.4804260380898,2000-11,4,0.054804260380898
2000051,DISCBOND,5005,Fama Bliss Discount Bonds - 5-Year (Nominal),2000-11-30,76.381141105969,D,5.385736027398,2000-11,5,0.05385736027398
2000047,DISCBOND,5001,Fama Bliss Discount Bonds - 1-Year (Nominal),2000-12-29,94.688159807837,D,5.4283776591867,2000-12,1,0.054283776591867
2000048,DISCBOND,5002,Fama Bliss Discount Bonds - 2-Year (Nominal),2000-12-29,90.38041919862,D,5.0433100213729,2000-12,2,0.050433100213729
2000049,DISCBOND,5003,Fama Bliss Discount Bonds - 3-Year (Nominal),2000-12-29,85.826129761385,D,5.0856006557671,2000-12,3,0.050856006557670995
2000050,DISCBOND,5004,Fama Bliss Discount Bonds - 4-Year (Nominal),2000-12-29,81.692216615461,D,5.0449201510192,2000-12,4,0.050449201510192
2000051,DISCBOND,5005,Fama Bliss Discount Bonds - 5-Year (Nominal),2000-12-29,77.911046984037,D,4.9865838769364,2000-12,5,0.049865838769364006
2000047,DISCBOND,5001,Fama Bliss Discount Bonds - 1-Year (Nominal),2001-01-31,95.455219018838,D,4.6512959271965,2001-01,1,0.046512959271965
2000048,DISCBOND,5002,Fama Bliss Discount Bonds - 2-Year (Nominal),2001-01-31,91.276485789443,D,4.5638490207312,2001-01,2,0.045638490207312005
2000049,DISCBOND,5003,Fama Bliss Discount Bonds - 3-Year (Nominal),2001-01-31,86.841778472429,D,4.7070438614048,2001-01,3,0.047070438614048
2000050,DISCBOND,5004,Fama Bliss Discount Bonds - 4-Year (Nominal),2001-01-31,82.486748321147,D,4.8100188741811,2001-01,4,0.048100188741811004
2000051,DISCBOND,5005,Fama Bliss Discount Bonds - 5-Year (Nominal),2001-01-31,78.482548716668,D,4.8432239278953,2001-01,5,0.048432239278953
2000047,DISCBOND,5001,Fama Bliss Discount Bonds - 1-Year (Nominal),2001-02-28,95.680833029062,D,4.4152189416247,2001-02,1,0.044152189416247004
2000048,DISCBOND,5002,Fama Bliss Discount Bonds - 2-Year (Nominal),2001-02-28,91.60664035229,D,4.383321200328,2001-02,2,0.04383321200328
2000049,DISCBOND,5003,Fama Bliss Discount Bonds - 3-Year (Nominal),2001-02-28,87.220348102061,D,4.5619170375213,2001-02,3,0.045619170375213
2000050,DISCBOND,5004,Fama Bliss Discount Bonds - 4-Year (Nominal),2001-02-28,83.018250447293,D,4.6495584123794,2001-02,4,0.046495584123793995
2000051,DISCBOND,5005,Fama Bliss Discount Bonds - 5-Year (Nominal),2001-02-28,79.063132960712,D,4.6958967801454,2001-02,5,0.046958967801454005
2000047,DISCBOND,5001,Fama Bliss Discount Bonds - 1-Year (Nominal),2001-03-30,95.953013351309,D,4.1539169375001,2001-03,1,0.041539169375001
2000048,DISCBOND,5002,Fama Bliss Discount Bonds - 2-Year (Nominal),2001-03-30,91.954694492315,D,4.1879721340282,2001-03,2,0.041879721340282006
2000049,DISCBOND,5003,Fama Bliss Discount Bonds - 3-Year (Nominal),2001-03-30,87.609372104645,D,4.4013678344225,2001-03,3,0.044013678344224996
2000050,DISCBOND,5004,Fama Bliss Discount Bonds - 4-Year (Nominal),2001-03-30,83.381970850153,D,4.5372365417027,2001-03,4,0.045372365417026994
2000051,DISCBOND,5005,Fama Bliss Discount Bonds - 5-Year (Nominal),2001-03-30,79.363774613511,D,4.6175029044669,2001-03,5,0.046175029044669
2000047,DISCBOND,5001,Fama Bliss Discount Bonds - 1-Year (Nominal),2001-04-30,96.047374882441,D,4.0328627886836,2001-04,1,0.040328627886836
2000048,DISCBOND,5002,Fama Bliss Discount Bonds - 2-Year (Nominal),2001-04-30,91.804592416734,D,4.2753931643423,2001-04,2,0.042753931643423
2000049,DISCBOND,5003,Fama Bliss Discount Bonds - 3-Year (Nominal),2001-04-30,86.999310841346,D,4.6380974402067,2001-04,3,0.046380974402066996
2000050,DISCBOND,5004,Fama Bliss Discount Bonds - 4-Year (Nominal),2001-04-30,82.447178923807,D,4.8253088291883,2001-04,4,0.048253088291882996
2000051,DISCBOND,5005,Fama Bliss Discount Bonds - 5-Year (Nominal),2001-04-30,78.149418554903,D,4.9336546739744,2001-04,5,0.049336546739744
2000047,DISCBOND,5001,Fama Bliss Discount Bonds - 1-Year (Nominal),2001-05-31,96.281382635567,D,3.7895212607504,2001-05,1,0.037895212607504
2000048,DISCBOND,5002,Fama Bliss Discount Bonds - 2-Year (Nominal),2001-05-31,91.924226211766,D,4.216054235325,2001-05,2,0.04216054235325
2000049,DISCBOND,5003,Fama Bliss Discount Bonds - 3-Year (Nominal),2001-05-31,87.081741780637,D,4.6192018537707,2001-05,3,0.046192018537707
2000050,DISCBOND,5004,Fama Bliss Discount Bonds - 4-Year (Nominal),2001-05-31,82.313595537271,D,4.8625170458424,2001-05,4,0.048625170458423995
2000051,DISCBOND,5005,Fama Bliss Discount Bonds - 5-Year (Nominal),2001-05-31,77.973751856823,D,4.973233392297,2001-05,5,0.049732333922969996
2000047,DISCBOND,5001,Fama Bliss Discount Bonds - 1-Year (Nominal),2001-06-29,96.206868990492,D,3.8775664051593,2001-06,1,0.038775664051593
2000048,DISCBOND,5002,Fama Bliss Discount Bonds - 2-Year (Nominal),2001-06-29,91.867246978057,D,4.2354789186664,2001-06,2,0.042354789186664
2000049,DISCBOND,5003,Fama Bliss Discount Bonds - 3-Year (Nominal),2001-06-29,86.928499556108,D,4.6609617941747,2001-06,3,0.046609617941747
2000050,DISCBOND,5004,Fama Bliss Discount Bonds - 4-Year (Nominal),2001-06-29,82.12198306918,D,4.9173750263391,2001-06,4,0.049173750263391
2000051,DISCBOND,5005,Fama Bliss Discount Bonds - 5-Year (Nominal),2001-06-29,77.605526898446,D,5.0650799543862,2001-06,5,0.050650799543862
2000047,DISCBOND,5001,Fama Bliss Discount Bonds - 1-Year (Nominal),2001-07-31,96.603639650184,D,3.4553767941264,2001-07,1,0.034553767941263996
2000048,DISCBOND,5002,Fama Bliss Discount Bonds - 2-Year (Nominal),2001-07-31,92.733903727744,D,3.7718022137761,2001-07,2,0.037718022137761
2000049,DISCBOND,5003,Fama Bliss Discount Bonds - 3-Year (Nominal),2001-07-31,88.108420063328,D,4.2200695818272,2001-07,3,0.042200695818272
2000050,DISCBOND,5004,Fama Bliss Discount Bonds - 4-Year (Nominal),2001-07-31,83.555833087263,D,4.4944565767733,2001-07,4,0.044944565767733
2000051,DISCBOND,5005,Fama Bliss Discount Bonds - 5-Year (Nominal),2001-07-31,79.17402047231,D,4.6678814128908,2001-07,5,0.046678814128908
2000047,DISCBOND,5001,Fama Bliss Discount Bonds - 1-Year (Nominal),2001-08-31,96.734805537924,D,3.32881169101,2001-08,1,0.0332881169101
2000048,DISCBOND,5002,Fama Bliss Discount Bonds - 2-Year (Nominal),2001-08-31,93.049554794218,D,3.6117948632739,2001-08,2,0.036117948632739004
2000049,DISCBOND,5003,Fama Bliss Discount Bonds - 3-Year (Nominal),2001-08-31,88.537205391272,D,4.054541467294,2001-08,3,0.040545414672940004
2000050,DISCBOND,5004,Fama Bliss Discount Bonds - 4-Year (Nominal),2001-08-31,84.118015188029,D,4.3207764226766,2001-08,4,0.043207764226766
2000051,DISCBOND,5005,Fama Bliss Discount Bonds - 5-Year (Nominal),2001-08-31,79.865447157602,D,4.494074905421,2001-08,5,0.04494074905421
2000047,DISCBOND,5001,Fama Bliss Discount Bonds - 1-Year (Nominal),2001-09-28,97.502780947389,D,2.5151469536871,2001-09,1,0.025151469536871
2000048,DISCBOND,5002,Fama Bliss Discount Bonds - 2-Year (Nominal),2001-09-28,94.49305349751,D,2.8244549406154,2001-09,2,0.028244549406154
2000049,DISCBOND,5003,Fama Bliss Discount Bonds - 3-Year (Nominal),2001-09-28,90.218802407671,D,3.421703055758,2001-09,3,0.03421703055758
2000050,DISCBOND,5004,Fama Bliss Discount Bonds - 4-Year (Nominal),2001-09-28,86.002851528093,D,3.7620131695549,2001-09,4,0.037620131695549
2000051,DISCBOND,5005,Fama Bliss Discount Bonds - 5-Year (Nominal),2001-09-28,81.638644471988,D,4.052907462609,2001-09,5,0.040529074626090004
2000047,DISCBOND,5001,Fama Bliss Discount Bonds - 1-Year (Nominal),2001-10-31,98.063478950184,D,1.9555172623741,2001-10,1,0.019555172623741
2000048,DISCBOND,5002,Fama Bliss Discount Bonds - 2-Year (Nominal),2001-10-31,95.373889357593,D,2.3682670728427,2001-10,2,0.023682670728427002
2000049,DISCBOND,5003,Fama Bliss Discount Bonds - 3-Year (Nominal),2001-10-31,91.510557302136,D,2.9598976530553,2001-10,3,0.029598976530553
2000050,DISCBOND,5004,Fama Bliss Discount Bonds - 4-Year (Nominal),2001-10-31,87.416480325404,D,3.3598577791196,2001-10,4,0.033598577791195995
2000051,DISCBOND,5005,Fama Bliss Discount Bonds - 5-Year (Nominal),2001-10-31,83.216626131353,D,3.6724480777836,2001-10,5,0.036724480777836
2000047,DISCBOND,5001,Fama Bliss Discount Bonds - 1-Year (Nominal),2001-11-30,97.975592265848,D,2.0507984015496,2001-11,1,0.020507984015496
2000048,DISCBOND,5002,Fama Bliss Discount Bonds - 2-Year (Nominal),2001-11-30,94.488673421269,D,2.8422980763159,2001-11,2,0.028422980763159
2000049,DISCBOND,5003,Fama Bliss Discount Bonds - 3-Year (Nominal),2001-11-30,89.990146347755,D,3.5124593062088,2001-11,3,0.035124593062088
2000050,DISCBOND,5004,Fama Bliss Discount Bonds - 4-Year (Nominal),2001-11-30,85.510693029577,D,3.9105404657696,2001-11,4,0.039105404657696
2000051,DISCBOND,5005,Fama Bliss Discount Bonds - 5-Year (Nominal),2001-11-30,81.45568626324,D,4.0999741157859,2001-11,5,0.040999741157859
2000047,DISCBOND,5001,Fama Bliss Discount Bonds - 1-Year (Nominal),2001-12-31,97.969006369849,D,2.0519018870896,2001-12,1,0.020519018870896
2000048,DISCBOND,5002,Fama Bliss Discount Bonds - 2-Year (Nominal),2001-12-31,94.056619219031,D,3.063662646496,2001-12,2,0.03063662646496
2000049,DISCBOND,5003,Fama Bliss Discount Bonds - 3-Year (Nominal),2001-12-31,89.188303468847,D,3.8105296197658,2001-12,3,0.038105296197658
2000050,DISCBOND,5004,Fama Bliss Discount Bonds - 4-Year (Nominal),2001-12-31,84.442818342388,D,4.2273896675267,2001-12,4,0.042273896675267
2000051,DISCBOND,5005,Fama Bliss Discount Bonds - 5-Year (Nominal),2001-12-31,80.105499617871,D,4.4389457211107,2001-12,5,0.04438945721110701
2000047,DISCBOND,5001,Fama Bliss Discount Bonds - 1-Year (Nominal),2002-01-31,97.749497910248,D,2.2762123603861,2002-01,1,0.022762123603861
2000048,DISCBOND,5002,Fama Bliss Discount Bonds - 2-Year (Nominal),2002-01-31,93.905817966311,D,3.148204732687,2002-01,2,0.03148204732687
2000049,DISCBOND,5003,Fama Bliss Discount Bonds - 3-Year (Nominal),2002-01-31,89.19615958374,D,3.8075962749015,2002-01,3,0.038075962749015
2000050,DISCBOND,5004,Fama Bliss Discount Bonds - 4-Year (Nominal),2002-01-31,84.38448973942,D,4.2417590847387,2002-01,4,0.042417590847387
2000051,DISCBOND,5005,Fama Bliss Discount Bonds - 5-Year (Nominal),2002-01-31,79.77833969699,D,4.5158884101467,2002-01,5,0.045158884101467
2000047,DISCBOND,5001,Fama Bliss Discount Bonds - 1-Year (Nominal),2002-02-28,97.828519772575,D,2.1954038241678,2002-02,1,0.021954038241678
2000048,DISCBOND,5002,Fama Bliss Discount Bonds - 2-Year (Nominal),2002-02-28,94.112566649129,D,3.0380918985657,2002-02,2,0.030380918985657
2000049,DISCBOND,5003,Fama Bliss Discount Bonds - 3-Year (Nominal),2002-02-28,89.697726841232,D,3.6208520671142,2002-02,3,0.036208520671142004
2000050,DISCBOND,5004,Fama Bliss Discount Bonds - 4-Year (Nominal),2002-02-28,84.946955636736,D,4.0757878473517,2002-02,4,0.040757878473517
2000051,DISCBOND,5005,Fama Bliss Discount Bonds - 5-Year (Nominal),2002-02-28,80.422781513978,D,4.3550674769946,2002-02,5,0.043550674769946
2000047,DISCBOND,5001,Fama Bliss Discount Bonds - 1-Year (Nominal),2002-03-28,97.324996444522,D,2.6893287946516,2002-03,1,0.026893287946516
2000048,DISCBOND,5002,Fama Bliss Discount Bonds - 2-Year (Nominal),2002-03-28,92.861675336932,D,3.6827784864112,2002-03,2,0.036827784864112
2000049,DISCBOND,5003,Fama Bliss Discount Bonds - 3-Year (Nominal),2002-03-28,87.79188871009,D,4.3242396165767,2002-03,3,0.043242396165767
2000050,DISCBOND,5004,Fama Bliss Discount Bonds - 4-Year (Nominal),2002-03-28,82.737238665033,D,4.7245660720124,2002-03,4,0.047245660720124
2000051,DISCBOND,5005,Fama Bliss Discount Bonds - 5-Year (Nominal),2002-03-28,77.842992163834,D,5.001304922385,2002-03,5,0.05001304922385
2000047,DISCBOND,5001,Fama Bliss Discount Bonds - 1-Year (Nominal),2002-04-30,97.776456648243,D,2.24863674954,2002-04,1,0.022486367495400002
2000048,DISCBOND,5002,Fama Bliss Discount Bonds - 2-Year (Nominal),2002-04-30,93.762355032084,D,3.2159317638161,2002-04,2,0.032159317638161
2000049,DISCBOND,5003,Fama Bliss Discount Bonds - 3-Year (Nominal),2002-04-30,89.072947893436,D,3.8571505391081,2002-04,3,0.038571505391081
2000050,DISCBOND,5004,Fama Bliss Discount Bonds - 4-Year (Nominal),2002-04-30,84.227658826603,D,4.2941121239684,2002-04,4,0.042941121239684
2000051,DISCBOND,5005,Fama Bliss Discount Bonds - 5-Year (Nominal),2002-04-30,79.520555574527,D,4.5805826855001,2002-04,5,0.045805826855001
2000047,DISCBOND,5001,Fama Bliss Discount Bonds - 1-Year (Nominal),2002-05-31,97.76285844093,D,2.2687610462913,2002-05,1,0.022687610462913
2000048,DISCBOND,5002,Fama Bliss Discount Bonds - 2-Year (Nominal),2002-05-31,93.8471968473,D,3.1838375755763,2002-05,2,0.031838375755763
2000049,DISCBOND,5003,Fama Bliss Discount Bonds - 3-Year (Nominal),2002-05-31,89.398785136085,D,3.7320283389806,2002-05,3,0.037320283389806
2000050,DISCBOND,5004,Fama Bliss Discount Bonds - 4-Year (Nominal),2002-05-31,84.799654701453,D,4.1191466376291,2002-05,4,0.041191466376291
2000051,DISCBOND,5005,Fama Bliss Discount Bonds - 5-Year (Nominal),2002-05-31,80.197590461311,D,4.4111171213437,2002-05,5,0.044111171213437
2000047,DISCBOND,5001,Fama Bliss Discount Bonds - 1-Year (Nominal),2002-06-28,98.067170598921,D,1.9411165247542,2002-06,1,0.019411165247542
2000048,DISCBOND,5002,Fama Bliss Discount Bonds - 2-Year (Nominal),2002-06-28,94.381004211889,D,2.8796837140138,2002-06,2,0.028796837140138
2000049,DISCBOND,5003,Fama Bliss Discount Bonds - 3-Year (Nominal),2002-06-28,90.11799540122,D,3.4588674387312,2002-06,3,0.034588674387312
2000050,DISCBOND,5004,Fama Bliss Discount Bonds - 4-Year (Nominal),2002-06-28,85.662192219667,D,3.8610319326576,2002-06,4,0.038610319326576
2000051,DISCBOND,5005,Fama Bliss Discount Bonds - 5-Year (Nominal),2002-06-28,81.253525648293,D,4.1473743608128,2002-06,5,0.041473743608128
2000047,DISCBOND,5001,Fama Bliss Discount Bonds - 1-Year (Nominal),2002-07-31,98.2916012625,D,1.7231602337652,2002-07,1,0.017231602337652
2000048,DISCBOND,5002,Fama Bliss Discount Bonds - 2-Year (Nominal),2002-07-31,95.653988812994,D,2.2216394398405,2002-07,2,0.022216394398405
2000049,DISCBOND,5003,Fama Bliss Discount Bonds - 3-Year (Nominal),2002-07-31,91.807241533019,D,2.8519046222018,2002-07,3,0.028519046222018
2000050,DISCBOND,5004,Fama Bliss Discount Bonds - 4-Year (Nominal),2002-07-31,87.66028493153,D,3.2902774742746,2002-07,4,0.032902774742746
2000051,DISCBOND,5005,Fama Bliss Discount Bonds - 5-Year (Nominal),2002-07-31,83.380461392466,D,3.6331327241999,2002-07,5,0.036331327241999
2000047,DISCBOND,5001,Fama Bliss Discount Bonds - 1-Year (Nominal),2002-08-30,98.272676618977,D,1.7472025926077,2002-08,1,0.017472025926077
2000048,DISCBOND,5002,Fama Bliss Discount Bonds - 2-Year (Nominal),2002-08-30,95.843265472946,D,2.1169990553789,2002-08,2,0.021169990553789
2000049,DISCBOND,5003,Fama Bliss Discount Bonds - 3-Year (Nominal),2002-08-30,92.630714946414,D,2.546994762026,2002-08,3,0.02546994762026
2000050,DISCBOND,5004,Fama Bliss Discount Bonds - 4-Year (Nominal),2002-08-30,88.723012255326,D,2.9871802593062,2002-08,4,0.029871802593062
2000051,DISCBOND,5005,Fama Bliss Discount Bonds - 5-Year (Nominal),2002-08-30,84.847164305712,D,3.2827747108841,2002-08,5,0.032827747108840996
2000047,DISCBOND,5001,Fama Bliss Discount Bonds - 1-Year (Nominal),2002-09-30,98.580465983808,D,1.4297057761113,2002-09,1,0.014297057761113
2000048,DISCBOND,5002,Fama Bliss Discount Bonds - 2-Year (Nominal),2002-09-30,96.690288178985,D,1.6805589220284,2002-09,2,0.016805589220284002
2000049,DISCBOND,5003,Fama Bliss Discount Bonds - 3-Year (Nominal),2002-09-30,94.076006592957,D,2.03371446453,2002-09,3,0.0203371446453
2000050,DISCBOND,5004,Fama Bliss Discount Bonds - 4-Year (Nominal),2002-09-30,90.867650902741,D,2.3941530950211,2002-09,4,0.023941530950211
2000051,DISCBOND,5005,Fama Bliss Discount Bonds - 5-Year (Nominal),2002-09-30,87.513565723119,D,2.6689897709623,2002-09,5,0.026689897709623
2000047,DISCBOND,5001,Fama Bliss Discount Bonds - 1-Year (Nominal),2002-10-31,98.67237450232,D,1.3365172319691,2002-10,1,0.013365172319691001
2000048,DISCBOND,5002,Fama Bliss Discount Bonds - 2-Year (Nominal),2002-10-31,96.733004075512,D,1.6630550552475,2002-10,2,0.016630550552475
2000049,DISCBOND,5003,Fama Bliss Discount Bonds - 3-Year (Nominal),2002-10-31,93.816464014249,D,2.1257195510474,2002-10,3,0.021257195510474
2000050,DISCBOND,5004,Fama Bliss Discount Bonds - 4-Year (Nominal),2002-10-31,90.369784909925,D,2.5297726407129,2002-10,4,0.025297726407129
2000051,DISCBOND,5005,Fama Bliss Discount Bonds - 5-Year (Nominal),2002-10-31,86.60738608973,D,2.8741267302649,2002-10,5,0.028741267302649
2000047,DISCBOND,5001,Fama Bliss Discount Bonds - 1-Year (Nominal),2002-11-29,98.50900222958,D,1.5063519375801,2002-11,1,0.015063519375801
2000048,DISCBOND,5002,Fama Bliss Discount Bonds - 2-Year (Nominal),2002-11-29,95.994332675167,D,2.0384667518103,2002-11,2,0.020384667518103
2000049,DISCBOND,5003,Fama Bliss Discount Bonds - 3-Year (Nominal),2002-11-29,92.461947380015,D,2.6076706495102,2002-11,3,0.026076706495102
2000050,DISCBOND,5004,Fama Bliss Discount Bonds - 4-Year (Nominal),2002-11-29,88.574069530041,D,3.029126524632,2002-11,4,0.030291265246319997
2000051,DISCBOND,5005,Fama Bliss Discount Bonds - 5-Year (Nominal),2002-11-29,84.696219418155,D,3.3183478332036,2002-11,5,0.033183478332036
2000047,DISCBOND,5001,Fama Bliss Discount Bonds - 1-Year (Nominal),2002-12-31,98.798679503957,D,1.2085946668148,2002-12,1,0.012085946668148
2000048,DISCBOND,5002,Fama Bliss Discount Bonds - 2-Year (Nominal),2002-12-31,96.881102297925,D,1.5821181611755,2002-12,2,0.015821181611755
2000049,DISCBOND,5003,Fama Bliss Discount Bonds - 3-Year (Nominal),2002-12-31,94.084281517453,D,2.0326398454648,2002-12,3,0.020326398454648
2000050,DISCBOND,5004,Fama Bliss Discount Bonds - 4-Year (Nominal),2002-12-31,90.628088588692,D,2.4618361284718,2002-12,4,0.024618361284717998
2000051,DISCBOND,5005,Fama Bliss Discount Bonds - 5-Year (Nominal),2002-12-31,86.899218205251,D,2.8068848954228,2002-12,5,0.028068848954228
2000047,DISCBOND,5001,Fama Bliss Discount Bonds - 1-Year (Nominal),2003-01-31,98.727969641001,D,1.2837069961989,2003-01,1,0.012837069961989
2000048,DISCBOND,5002,Fama Bliss Discount Bonds - 2-Year (Nominal),2003-01-31,96.669302363723,D,1.6913973329807,2003-01,2,0.016913973329807
2000049,DISCBOND,5003,Fama Bliss Discount Bonds - 3-Year (Nominal),2003-01-31,93.606600661667,D,2.200300186006,2003-01,3,0.02200300186006
2000050,DISCBOND,5004,Fama Bliss Discount Bonds - 4-Year (Nominal),2003-01-31,89.841516477992,D,2.6762419164632,2003-01,4,0.026762419164632
2000051,DISCBOND,5005,Fama Bliss Discount Bonds - 5-Year (Nominal),2003-01-31,85.884460372756,D,3.0416787699185,2003-01,5,0.030416787699185002
2000047,DISCBOND,5001,Fama Bliss Discount Bonds - 1-Year (Nominal),2003-02-28,98.778266880096,D,1.2326347642102,2003-02,1,0.012326347642102
2000048,DISCBOND,5002,Fama Bliss Discount Bonds - 2-Year (Nominal),2003-02-28,97.019572060283,D,1.5108031120669,2003-02,2,0.015108031120669002
2000049,DISCBOND,5003,Fama Bliss Discount Bonds - 3-Year (Nominal),2003-02-28,94.366417125296,D,1.9310674437753,2003-02,3,0.019310674437753
2000050,DISCBOND,5004,Fama Bliss Discount Bonds - 4-Year (Nominal),2003-02-28,90.948003774857,D,2.3704322164559,2003-02,4,0.023704322164558998
2000051,DISCBOND,5005,Fama Bliss Discount Bonds - 5-Year (Nominal),2003-02-28,87.247541274432,D,2.7254293166359,2003-02,5,0.027254293166359
2000047,DISCBOND,5001,Fama Bliss Discount Bonds - 1-Year (Nominal),2003-03-31,98.858850568572,D,1.144574709229,2003-03,1,0.01144574709229
2000048,DISCBOND,5002,Fama Bliss Discount Bonds - 2-Year (Nominal),2003-03-31,97.068746250797,D,1.4855017841057,2003-03,2,0.014855017841057002
2000049,DISCBOND,5003,Fama Bliss Discount Bonds - 3-Year (Nominal),2003-03-31,94.250069353608,D,1.9721531539317,2003-03,3,0.019721531539317
2000050,DISCBOND,5004,Fama Bliss Discount Bonds - 4-Year (Nominal),2003-03-31,90.682561082578,D,2.4451279416669,2003-03,4,0.024451279416668997
2000051,DISCBOND,5005,Fama Bliss Discount Bonds - 5-Year (Nominal),2003-03-31,86.813578169179,D,2.8250469557444,2003-03,5,0.028250469557444
2000047,DISCBOND,5001,Fama Bliss Discount Bonds - 1-Year (Nominal),2003-04-30,98.853174816831,D,1.1503004553935,2003-04,1,0.011503004553935
2000048,DISCBOND,5002,Fama Bliss Discount Bonds - 2-Year (Nominal),2003-04-30,97.090508074137,D,1.4763284798705,2003-04,2,0.014763284798705001
2000049,DISCBOND,5003,Fama Bliss Discount Bonds - 3-Year (Nominal),2003-04-30,94.22861306847,D,1.9833546196147,2003-04,3,0.019833546196147002
2000050,DISCBOND,5004,Fama Bliss Discount Bonds - 4-Year (Nominal),2003-04-30,90.576982104648,D,2.4725581696947,2003-04,4,0.024725581696947
2000051,DISCBOND,5005,Fama Bliss Discount Bonds - 5-Year (Nominal),2003-04-30,86.548643492717,D,2.8861086694775,2003-04,5,0.028861086694775002
2000047,DISCBOND,5001,Fama Bliss Discount Bonds - 1-Year (Nominal),2003-05-30,98.845649837934,D,1.1642542942796,2003-05,1,0.011642542942796
2000048,DISCBOND,5002,Fama Bliss Discount Bonds - 2-Year (Nominal),2003-05-30,97.382115047108,D,1.3227568367647,2003-05,2,0.013227568367647
2000049,DISCBOND,5003,Fama Bliss Discount Bonds - 3-Year (Nominal),2003-05-30,95.245625738513,D,1.6207429686624,2003-05,3,0.016207429686624
2000050,DISCBOND,5004,Fama Bliss Discount Bonds - 4-Year (Nominal),2003-05-30,92.30795233334,D,1.998259931671,2003-05,4,0.01998259931671
2000051,DISCBOND,5005,Fama Bliss Discount Bonds - 5-Year (Nominal),2003-05-30,88.900082019935,D,2.3505664347646,2003-05,5,0.023505664347646
2000047,DISCBOND,5001,Fama Bliss Discount Bonds - 1-Year (Nominal),2003-06-30,98.963242736143,D,1.0393215967906,2003-06,1,0.010393215967906
2000048,DISCBOND,5002,Fama Bliss Discount Bonds - 2-Year (Nominal),2003-06-30,97.43105094188,D,1.2994812910456,2003-06,2,0.012994812910456
2000049,DISCBOND,5003,Fama Bliss Discount Bonds - 3-Year (Nominal),2003-06-30,95.024178069432,D,1.699741819089,2003-06,3,0.01699741819089
2000050,DISCBOND,5004,Fama Bliss Discount Bonds - 4-Year (Nominal),2003-06-30,91.890321678849,D,2.1143618946645,2003-06,4,0.021143618946645
2000051,DISCBOND,5005,Fama Bliss Discount Bonds - 5-Year (Nominal),2003-06-30,88.237139184334,D,2.5001047870386,2003-06,5,0.025001047870385998
2000047,DISCBOND,5001,Fama Bliss Discount Bonds - 1-Year (Nominal),2003-07-31,98.782051639594,D,1.2254261303961,2003-07,1,0.012254261303961001
2000048,DISCBOND,5002,Fama Bliss Discount Bonds - 2-Year (Nominal),2003-07-31,96.5934208025,D,1.7353549333053,2003-07,2,0.017353549333053
2000049,DISCBOND,5003,Fama Bliss Discount Bonds - 3-Year (Nominal),2003-07-31,93.225044413533,D,2.336325914101,2003-07,3,0.023363259141010003
2000050,DISCBOND,5004,Fama Bliss Discount Bonds - 4-Year (Nominal),2003-07-31,89.083280689235,D,2.8879848860204,2003-07,4,0.028879848860204
2000051,DISCBOND,5005,Fama Bliss Discount Bonds - 5-Year (Nominal),2003-07-31,84.518059898766,D,3.3604162815249,2003-07,5,0.033604162815249
2000047,DISCBOND,5001,Fama Bliss Discount Bonds - 1-Year (Nominal),2003-08-29,98.714864761156,D,1.2829199759238,2003-08,1,0.012829199759237998
2000048,DISCBOND,5002,Fama Bliss Discount Bonds - 2-Year (Nominal),2003-08-29,96.1314853846,D,1.9645909810236,2003-08,2,0.019645909810236
2000049,DISCBOND,5003,Fama Bliss Discount Bonds - 3-Year (Nominal),2003-08-29,92.62707139546,D,2.5459826671971,2003-08,3,0.025459826671971
2000050,DISCBOND,5004,Fama Bliss Discount Bonds - 4-Year (Nominal),2003-08-29,88.351318618621,D,3.089877503889,2003-08,4,0.03089877503889
2000051,DISCBOND,5005,Fama Bliss Discount Bonds - 5-Year (Nominal),2003-08-29,83.88145078668,D,3.5114654724658,2003-08,5,0.035114654724658
2000047,DISCBOND,5001,Fama Bliss Discount Bonds - 1-Year (Nominal),2003-09-30,98.948118958976,D,1.0545632237702,2003-09,1,0.010545632237702001
2000048,DISCBOND,5002,Fama Bliss Discount Bonds - 2-Year (Nominal),2003-09-30,97.113020338806,D,1.4627326419715,2003-09,2,0.014627326419715002
2000049,DISCBOND,5003,Fama Bliss Discount Bonds - 3-Year (Nominal),2003-09-30,94.231129269324,D,1.9806533810543,2003-09,3,0.019806533810543002
2000050,DISCBOND,5004,Fama Bliss Discount Bonds - 4-Year (Nominal),2003-09-30,90.683111573394,D,2.4466520962566,2003-09,4,0.024466520962565998
2000051,DISCBOND,5005,Fama Bliss Discount Bonds - 5-Year (Nominal),2003-09-30,86.576752886859,D,2.8796212046335,2003-09,5,0.028796212046335
2000047,DISCBOND,5001,Fama Bliss Discount Bonds - 1-Year (Nominal),2003-10-31,98.774116164591,D,1.2368484504146,2003-10,1,0.012368484504146
2000048,DISCBOND,5002,Fama Bliss Discount Bonds - 2-Year (Nominal),2003-10-31,96.417118374691,D,1.8218255355694,2003-10,2,0.018218255355694
2000049,DISCBOND,5003,Fama Bliss Discount Bonds - 3-Year (Nominal),2003-10-31,93.033433235535,D,2.4048459005853,2003-10,3,0.024048459005853
2000050,DISCBOND,5004,Fama Bliss Discount Bonds - 4-Year (Nominal),2003-10-31,89.164637836522,D,2.8651791586076,2003-10,4,0.028651791586076
2000051,DISCBOND,5005,Fama Bliss Discount Bonds - 5-Year (Nominal),2003-10-31,84.796263460927,D,3.294763415871,2003-10,5,0.03294763415871
2000047,DISCBOND,5001,Fama Bliss Discount Bonds - 1-Year (Nominal),2003-11-28,98.563457976085,D,1.4351642935623,2003-11,1,0.014351642935622999
2000048,DISCBOND,5002,Fama Bliss Discount Bonds - 2-Year (Nominal),2003-11-28,95.986312184902,D,2.039846408166,2003-11,2,0.02039846408166
2000049,DISCBOND,5003,Fama Bliss Discount Bonds - 3-Year (Nominal),2003-11-28,92.542651273516,D,2.5762934076822,2003-11,3,0.025762934076822
2000050,DISCBOND,5004,Fama Bliss Discount Bonds - 4-Year (Nominal),2003-11-28,88.660465119976,D,3.0027327728115,2003-11,4,0.030027327728115002
2000051,DISCBOND,5005,Fama Bliss Discount Bonds - 5-Year (Nominal),2003-11-28,84.415930946409,D,3.3845717907441,2003-11,5,0.033845717907441
2000047,DISCBOND,5001,Fama Bliss Discount Bonds - 1-Year (Nominal),2003-12-31,98.77680792526,D,1.2273720043174,2003-12,1,0.012273720043174
2000048,DISCBOND,5002,Fama Bliss Discount Bonds - 2-Year (Nominal),2003-12-31,96.391979547462,D,1.8373593774004,2003-12,2,0.018373593774004
2000049,DISCBOND,5003,Fama Bliss Discount Bonds - 3-Year (Nominal),2003-12-31,93.133150470484,D,2.3735005295962,2003-12,3,0.023735005295962
2000050,DISCBOND,5004,Fama Bliss Discount Bonds - 4-Year (Nominal),2003-12-31,89.248800168146,D,2.8416089794984,2003-12,4,0.028416089794984
2000051,DISCBOND,5005,Fama Bliss Discount Bonds - 5-Year (Nominal),2003-12-31,84.938315468515,D,3.2613237862011,2003-12,5,0.032613237862011
2000047,DISCBOND,5001,Fama Bliss Discount Bonds - 1-Year (Nominal),2004-01-30,98.775228253216,D,1.2256181671381,2004-01,1,0.012256181671380999
2000048,DISCBOND,5002,Fama Bliss Discount Bonds - 2-Year (Nominal),2004-01-30,96.422187736519,D,1.8167151212002,2004-01,2,0.018167151212002
2000049,DISCBOND,5003,Fama Bliss Discount Bonds - 3-Year (Nominal),2004-01-30,93.168326370481,D,2.3544452318698,2004-01,3,0.023544452318698
2000050,DISCBOND,5004,Fama Bliss Discount Bonds - 4-Year (Nominal),2004-01-30,89.42716479626,D,2.789820665397,2004-01,4,0.027898206653969998
2000051,DISCBOND,5005,Fama Bliss Discount Bonds - 5-Year (Nominal),2004-01-30,85.281134542228,D,3.1808525467449,2004-01,5,0.031808525467449
2000047,DISCBOND,5001,Fama Bliss Discount Bonds - 1-Year (Nominal),2004-02-27,98.855775773006,D,1.1445493354384,2004-02,1,0.011445493354384
2000048,DISCBOND,5002,Fama Bliss Discount Bonds - 2-Year (Nominal),2004-02-27,96.762986000971,D,1.640786774567,2004-02,2,0.01640786774567
2000049,DISCBOND,5003,Fama Bliss Discount Bonds - 3-Year (Nominal),2004-02-27,93.762328590269,D,2.142986689931,2004-02,3,0.02142986689931
2000050,DISCBOND,5004,Fama Bliss Discount Bonds - 4-Year (Nominal),2004-02-27,90.153509492719,D,2.5860938052468,2004-02,4,0.025860938052468
2000051,DISCBOND,5005,Fama Bliss Discount Bonds - 5-Year (Nominal),2004-02-27,86.177888268183,D,2.971874283875,2004-02,5,0.02971874283875
2000047,DISCBOND,5001,Fama Bliss Discount Bonds - 1-Year (Nominal),2004-03-31,98.860938636981,D,1.1455983546013,2004-03,1,0.011455983546013
2000048,DISCBOND,5002,Fama Bliss Discount Bonds - 2-Year (Nominal),2004-03-31,96.901753191081,D,1.5736287233917,2004-03,2,0.015736287233917
2000049,DISCBOND,5003,Fama Bliss Discount Bonds - 3-Year (Nominal),2004-03-31,94.170739522633,D,2.0038523709563,2004-03,3,0.020038523709563
2000050,DISCBOND,5004,Fama Bliss Discount Bonds - 4-Year (Nominal),2004-03-31,90.69615243259,D,2.4397102850794,2004-03,4,0.024397102850793998
2000051,DISCBOND,5005,Fama Bliss Discount Bonds - 5-Year (Nominal),2004-03-31,86.900490520392,D,2.8065922324873,2004-03,5,0.028065922324872997
2000047,DISCBOND,5001,Fama Bliss Discount Bonds - 1-Year (Nominal),2004-04-30,98.411170176384,D,1.6059870676969,2004-04,1,0.016059870676969
2000048,DISCBOND,5002,Fama Bliss Discount Bonds - 2-Year (Nominal),2004-04-30,95.500898828678,D,2.3080498628731,2004-04,2,0.023080498628731003
2000049,DISCBOND,5003,Fama Bliss Discount Bonds - 3-Year (Nominal),2004-04-30,91.684464653718,D,2.8939079521611,2004-04,3,0.028939079521611
2000050,DISCBOND,5004,Fama Bliss Discount Bonds - 4-Year (Nominal),2004-04-30,87.55421783685,D,3.3205245455431,2004-04,4,0.033205245455431
2000051,DISCBOND,5005,Fama Bliss Discount Bonds - 5-Year (Nominal),2004-04-30,83.308708401544,D,3.6503416881555,2004-04,5,0.036503416881555
2000047,DISCBOND,5001,Fama Bliss Discount Bonds - 1-Year (Nominal),2004-05-28,98.196912094722,D,1.8047083753072,2004-05,1,0.018047083753072
2000048,DISCBOND,5002,Fama Bliss Discount Bonds - 2-Year (Nominal),2004-05-28,95.047953376939,D,2.5290391979909,2004-05,2,0.025290391979909
2000049,DISCBOND,5003,Fama Bliss Discount Bonds - 3-Year (Nominal),2004-05-28,91.0442715166,D,3.1189315475112,2004-05,3,0.031189315475111997
2000050,DISCBOND,5004,Fama Bliss Discount Bonds - 4-Year (Nominal),2004-05-28,86.796039910127,D,3.5329701936765,2004-05,4,0.035329701936765
2000051,DISCBOND,5005,Fama Bliss Discount Bonds - 5-Year (Nominal),2004-05-28,82.45108126871,D,3.8550756846736,2004-05,5,0.038550756846736
2000047,DISCBOND,5001,Fama Bliss Discount Bonds - 1-Year (Nominal),2004-06-30,98.008025726023,D,2.0120815507248,2004-06,1,0.020120815507248
2000048,DISCBOND,5002,Fama Bliss Discount Bonds - 2-Year (Nominal),2004-06-30,94.795433405032,D,2.6724474360182,2004-06,2,0.026724474360181997
2000049,DISCBOND,5003,Fama Bliss Discount Bonds - 3-Year (Nominal),2004-06-30,90.963370491065,D,3.1599951349147,2004-06,3,0.031599951349147004
2000050,DISCBOND,5004,Fama Bliss Discount Bonds - 4-Year (Nominal),2004-06-30,86.914560559244,D,3.5037155842177,2004-06,4,0.035037155842177
2000051,DISCBOND,5005,Fama Bliss Discount Bonds - 5-Year (Nominal),2004-06-30,82.641893477917,D,3.8109806502235,2004-06,5,0.038109806502235
2000047,DISCBOND,5001,Fama Bliss Discount Bonds - 1-Year (Nominal),2004-07-30,97.970588404613,D,2.0559198163313,2004-07,1,0.020559198163313003
2000048,DISCBOND,5002,Fama Bliss Discount Bonds - 2-Year (Nominal),2004-07-30,94.80076334371,D,2.6659842050064,2004-07,2,0.026659842050064
2000049,DISCBOND,5003,Fama Bliss Discount Bonds - 3-Year (Nominal),2004-07-30,91.076551924316,D,3.1128174761367,2004-07,3,0.031128174761367
2000050,DISCBOND,5004,Fama Bliss Discount Bonds - 4-Year (Nominal),2004-07-30,87.149206148973,D,3.4340089650269,2004-07,4,0.034340089650269
2000051,DISCBOND,5005,Fama Bliss Discount Bonds - 5-Year (Nominal),2004-07-30,82.948060060682,D,3.7350179286663,2004-07,5,0.037350179286662996
2000047,DISCBOND,5001,Fama Bliss Discount Bonds - 1-Year (Nominal),2004-08-31,98.074908963717,D,1.9438622124191,2004-08,1,0.019438622124191
2000048,DISCBOND,5002,Fama Bliss Discount Bonds - 2-Year (Nominal),2004-08-31,95.33697103584,D,2.387625342287,2004-08,2,0.02387625342287
2000049,DISCBOND,5003,Fama Bliss Discount Bonds - 3-Year (Nominal),2004-08-31,92.132526561413,D,2.7314047270804,2004-08,3,0.027314047270804
2000050,DISCBOND,5004,Fama Bliss Discount Bonds - 4-Year (Nominal),2004-08-31,88.496676570169,D,3.0572238380479,2004-08,4,0.030572238380479
2000051,DISCBOND,5005,Fama Bliss Discount Bonds - 5-Year (Nominal),2004-08-31,84.5511934333,D,3.3544217651903,2004-08,5,0.033544217651903
2000047,DISCBOND,5001,Fama Bliss Discount Bonds - 1-Year (Nominal),2004-09-30,97.865157412279,D,2.1579599571414,2004-09,1,0.021579599571413997
2000048,DISCBOND,5002,Fama Bliss Discount Bonds - 2-Year (Nominal),2004-09-30,94.944373346922,D,2.5975087090821,2004-09,2,0.025975087090821
2000049,DISCBOND,5003,Fama Bliss Discount Bonds - 3-Year (Nominal),2004-09-30,91.762781927518,D,2.8706898278764,2004-09,3,0.028706898278764
2000050,DISCBOND,5004,Fama Bliss Discount Bonds - 4-Year (Nominal),2004-09-30,88.133863322477,D,3.1556724818889,2004-09,4,0.031556724818889
2000051,DISCBOND,5005,Fama Bliss Discount Bonds - 5-Year (Nominal),2004-09-30,84.405762966658,D,3.3888330985082,2004-09,5,0.033888330985081996
2000047,DISCBOND,5001,Fama Bliss Discount Bonds - 1-Year (Nominal),2004-10-29,97.806731593342,D,2.2055926685603,2004-10,1,0.022055926685602998
2000048,DISCBOND,5002,Fama Bliss Discount Bonds - 2-Year (Nominal),2004-10-29,95.044674496756,D,2.5342143590645,2004-10,2,0.025342143590645
2000049,DISCBOND,5003,Fama Bliss Discount Bonds - 3-Year (Nominal),2004-10-29,91.951604018206,D,2.7918271182281,2004-10,3,0.027918271182280997
2000050,DISCBOND,5004,Fama Bliss Discount Bonds - 4-Year (Nominal),2004-10-29,88.427244274331,D,3.0684467467868,2004-10,4,0.030684467467868
2000051,DISCBOND,5005,Fama Bliss Discount Bonds - 5-Year (Nominal),2004-10-29,84.760045614983,D,3.3032982086026,2004-10,5,0.033032982086026
2000047,DISCBOND,5001,Fama Bliss Discount Bonds - 1-Year (Nominal),2004-11-30,97.4104177557,D,2.623702258184,2004-11,1,0.026237022581840002
2000048,DISCBOND,5002,Fama Bliss Discount Bonds - 2-Year (Nominal),2004-11-30,94.205473923697,D,2.9845948250344,2004-11,2,0.029845948250344
2000049,DISCBOND,5003,Fama Bliss Discount Bonds - 3-Year (Nominal),2004-11-30,90.716949499021,D,3.2475324976409,2004-11,3,0.032475324976409
2000050,DISCBOND,5004,Fama Bliss Discount Bonds - 4-Year (Nominal),2004-11-30,86.97579252249,D,3.4909000332678,2004-11,4,0.034909000332678
2000051,DISCBOND,5005,Fama Bliss Discount Bonds - 5-Year (Nominal),2004-11-30,83.090158381611,D,3.7028493656118,2004-11,5,0.037028493656118
2000047,DISCBOND,5001,Fama Bliss Discount Bonds - 1-Year (Nominal),2004-12-31,97.295816714359,D,2.7489506339995,2004-12,1,0.027489506339994998
2000048,DISCBOND,5002,Fama Bliss Discount Bonds - 2-Year (Nominal),2004-12-31,94.09890402822,D,3.049544368588,2004-12,2,0.030495443685880003
2000049,DISCBOND,5003,Fama Bliss Discount Bonds - 3-Year (Nominal),2004-12-31,90.755735046971,D,3.2332840540275,2004-12,3,0.032332840540275
2000050,DISCBOND,5004,Fama Bliss Discount Bonds - 4-Year (Nominal),2004-12-31,87.092511652611,D,3.4526172707325,2004-12,4,0.034526172707325
2000051,DISCBOND,5005,Fama Bliss Discount Bonds - 5-Year (Nominal),2004-12-31,83.431662129555,D,3.6208619860462,2004-12,5,0.036208619860462
2000047,DISCBOND,5001,Fama Bliss Discount Bonds - 1-Year (Nominal),2005-01-31,97.106153217934,D,2.9365442791964,2005-01,1,0.029365442791964
2000048,DISCBOND,5002,Fama Bliss Discount Bonds - 2-Year (Nominal),2005-01-31,93.69689920086,D,3.2552545065818,2005-01,2,0.032552545065818
2000049,DISCBOND,5003,Fama Bliss Discount Bonds - 3-Year (Nominal),2005-01-31,90.279694731384,D,3.4085872815244,2005-01,3,0.034085872815244
2000050,DISCBOND,5004,Fama Bliss Discount Bonds - 4-Year (Nominal),2005-01-31,86.761719621153,D,3.55011699471,2005-01,4,0.0355011699471
2000051,DISCBOND,5005,Fama Bliss Discount Bonds - 5-Year (Nominal),2005-01-31,83.139705132548,D,3.6949805603142,2005-01,5,0.036949805603142004
2000047,DISCBOND,5001,Fama Bliss Discount Bonds - 1-Year (Nominal),2005-02-28,96.803734957271,D,3.2484608180592,2005-02,1,0.032484608180592
2000048,DISCBOND,5002,Fama Bliss Discount Bonds - 2-Year (Nominal),2005-02-28,93.10094653603,D,3.5742917441049,2005-02,2,0.035742917441049
2000049,DISCBOND,5003,Fama Bliss Discount Bonds - 3-Year (Nominal),2005-02-28,89.365252447846,D,3.7445223114533,2005-02,3,0.037445223114533
2000050,DISCBOND,5004,Fama Bliss Discount Bonds - 4-Year (Nominal),2005-02-28,85.619850321283,D,3.8813258361878,2005-02,4,0.038813258361877996
2000051,DISCBOND,5005,Fama Bliss Discount Bonds - 5-Year (Nominal),2005-02-28,81.832198395166,D,4.0121863184735,2005-02,5,0.040121863184735
2000047,DISCBOND,5001,Fama Bliss Discount Bonds - 1-Year (Nominal),2005-03-31,96.646102635327,D,3.4114305664894,2005-03,1,0.034114305664894
2000048,DISCBOND,5002,Fama Bliss Discount Bonds - 2-Year (Nominal),2005-03-31,92.775343665019,D,3.7546070324199,2005-03,2,0.037546070324199
2000049,DISCBOND,5003,Fama Bliss Discount Bonds - 3-Year (Nominal),2005-03-31,88.905725015215,D,3.9162119484893,2005-03,3,0.039162119484893
2000050,DISCBOND,5004,Fama Bliss Discount Bonds - 4-Year (Nominal),2005-03-31,85.061760642464,D,4.0420465049887,2005-03,4,0.040420465049887
2000051,DISCBOND,5005,Fama Bliss Discount Bonds - 5-Year (Nominal),2005-03-31,81.255628086802,D,4.1491283397994,2005-03,5,0.041491283397994
2000047,DISCBOND,5001,Fama Bliss Discount Bonds - 1-Year (Nominal),2005-04-29,96.69503590124,D,3.3700451387179,2005-04,1,0.033700451387179
2000048,DISCBOND,5002,Fama Bliss Discount Bonds - 2-Year (Nominal),2005-04-29,93.012229958859,D,3.6170050362754,2005-04,2,0.036170050362753996
2000049,DISCBOND,5003,Fama Bliss Discount Bonds - 3-Year (Nominal),2005-04-29,89.447483902537,D,3.7105063071024,2005-04,3,0.037105063071024
2000050,DISCBOND,5004,Fama Bliss Discount Bonds - 4-Year (Nominal),2005-04-29,85.918211603716,D,3.7891686217028,2005-04,4,0.037891686217028
2000051,DISCBOND,5005,Fama Bliss Discount Bonds - 5-Year (Nominal),2005-04-29,82.356870114771,D,3.8779163378223,2005-04,5,0.038779163378223
2000047,DISCBOND,5001,Fama Bliss Discount Bonds - 1-Year (Nominal),2005-05-31,96.6857222737,D,3.3704444133342,2005-05,1,0.033704444133342004
2000048,DISCBOND,5002,Fama Bliss Discount Bonds - 2-Year (Nominal),2005-05-31,93.153567048304,D,3.5460398039714,2005-05,2,0.035460398039714
2000049,DISCBOND,5003,Fama Bliss Discount Bonds - 3-Year (Nominal),2005-05-31,89.776993413463,D,3.594714826218,2005-05,3,0.03594714826218
2000050,DISCBOND,5004,Fama Bliss Discount Bonds - 4-Year (Nominal),2005-05-31,86.420553275201,D,3.651117289991,2005-05,4,0.036511172899909995
2000051,DISCBOND,5005,Fama Bliss Discount Bonds - 5-Year (Nominal),2005-05-31,83.072477243216,D,3.7132041281686,2005-05,5,0.037132041281686
2000047,DISCBOND,5001,Fama Bliss Discount Bonds - 1-Year (Nominal),2005-06-30,96.569992273063,D,3.4902132023114,2005-06,1,0.034902132023114
2000048,DISCBOND,5002,Fama Bliss Discount Bonds - 2-Year (Nominal),2005-06-30,93.056301753443,D,3.6032099418054,2005-06,2,0.036032099418054
2000049,DISCBOND,5003,Fama Bliss Discount Bonds - 3-Year (Nominal),2005-06-30,89.710801636563,D,3.6159980182997,2005-06,3,0.036159980182997
2000050,DISCBOND,5004,Fama Bliss Discount Bonds - 4-Year (Nominal),2005-06-30,86.385600464787,D,3.656225452462,2005-06,4,0.03656225452462
2000051,DISCBOND,5005,Fama Bliss Discount Bonds - 5-Year (Nominal),2005-06-30,83.216000438468,D,3.672598372884,2005-06,5,0.03672598372884
2000047,DISCBOND,5001,Fama Bliss Discount Bonds - 1-Year (Nominal),2005-07-29,96.203316411468,D,3.8495420896312,2005-07,1,0.038495420896312
2000048,DISCBOND,5002,Fama Bliss Discount Bonds - 2-Year (Nominal),2005-07-29,92.361003309702,D,3.9624110977232,2005-07,2,0.039624110977232
2000049,DISCBOND,5003,Fama Bliss Discount Bonds - 3-Year (Nominal),2005-07-29,88.608452537816,D,4.0204161948992,2005-07,3,0.040204161948992
2000050,DISCBOND,5004,Fama Bliss Discount Bonds - 4-Year (Nominal),2005-07-29,84.878962779333,D,4.090193293222,2005-07,4,0.04090193293222
2000051,DISCBOND,5005,Fama Bliss Discount Bonds - 5-Year (Nominal),2005-07-29,81.472590563524,D,4.0935845347187,2005-07,5,0.040935845347187
2000047,DISCBOND,5001,Fama Bliss Discount Bonds - 1-Year (Nominal),2005-08-31,96.346127315232,D,3.7222985861497,2005-08,1,0.037222985861497
2000048,DISCBOND,5002,Fama Bliss Discount Bonds - 2-Year (Nominal),2005-08-31,92.708887507604,D,3.7852922071727,2005-08,2,0.037852922071726997
2000049,DISCBOND,5003,Fama Bliss Discount Bonds - 3-Year (Nominal),2005-08-31,89.260526438445,D,3.7904891174126,2005-08,3,0.037904891174126
2000050,DISCBOND,5004,Fama Bliss Discount Bonds - 4-Year (Nominal),2005-08-31,85.879985934035,D,3.8028797928218,2005-08,4,0.038028797928218
2000051,DISCBOND,5005,Fama Bliss Discount Bonds - 5-Year (Nominal),2005-08-31,82.601452929219,D,3.8207646208376,2005-08,5,0.038207646208376
2000047,DISCBOND,5001,Fama Bliss Discount Bonds - 1-Year (Nominal),2005-09-30,96.030439586388,D,4.0616244936835,2005-09,1,0.040616244936835
2000048,DISCBOND,5002,Fama Bliss Discount Bonds - 2-Year (Nominal),2005-09-30,92.104148669022,D,4.1238082111104,2005-09,2,0.041238082111103996
2000049,DISCBOND,5003,Fama Bliss Discount Bonds - 3-Year (Nominal),2005-09-30,88.326741866066,D,4.1338007350229,2005-09,3,0.041338007350229
2000050,DISCBOND,5004,Fama Bliss Discount Bonds - 4-Year (Nominal),2005-09-30,84.669852460893,D,4.157417069353,2005-09,4,0.041574170693530005
2000051,DISCBOND,5005,Fama Bliss Discount Bonds - 5-Year (Nominal),2005-09-30,81.257358293722,D,4.1487027099803,2005-09,5,0.041487027099803
2000047,DISCBOND,5001,Fama Bliss Discount Bonds - 1-Year (Nominal),2005-10-31,95.781566002111,D,4.3099941216572,2005-10,1,0.043099941216572006
2000048,DISCBOND,5002,Fama Bliss Discount Bonds - 2-Year (Nominal),2005-10-31,91.694040548527,D,4.3356398701603,2005-10,2,0.043356398701602995
2000049,DISCBOND,5003,Fama Bliss Discount Bonds - 3-Year (Nominal),2005-10-31,87.683426495269,D,4.3772454929074,2005-10,3,0.043772454929073994
2000050,DISCBOND,5004,Fama Bliss Discount Bonds - 4-Year (Nominal),2005-10-31,83.850069473075,D,4.4034967294816,2005-10,4,0.044034967294816
2000051,DISCBOND,5005,Fama Bliss Discount Bonds - 5-Year (Nominal),2005-10-31,80.270134145867,D,4.3978609654396,2005-10,5,0.043978609654396
2000047,DISCBOND,5001,Fama Bliss Discount Bonds - 1-Year (Nominal),2005-11-30,95.701369687385,D,4.3937575328726,2005-11,1,0.043937575328726004
2000048,DISCBOND,5002,Fama Bliss Discount Bonds - 2-Year (Nominal),2005-11-30,91.650924911824,D,4.3591559985631,2005-11,2,0.043591559985631
2000049,DISCBOND,5003,Fama Bliss Discount Bonds - 3-Year (Nominal),2005-11-30,87.790124465108,D,4.3446732096006,2005-11,3,0.043446732096006004
2000050,DISCBOND,5004,Fama Bliss Discount Bonds - 4-Year (Nominal),2005-11-30,83.979396684594,D,4.361979811005,2005-11,4,0.04361979811005
2000051,DISCBOND,5005,Fama Bliss Discount Bonds - 5-Year (Nominal),2005-11-30,80.386698695451,D,4.3640378579313,2005-11,5,0.043640378579313
2000047,DISCBOND,5001,Fama Bliss Discount Bonds - 1-Year (Nominal),2005-12-30,95.717687473038,D,4.3887323713956,2005-12,1,0.043887323713956
2000048,DISCBOND,5002,Fama Bliss Discount Bonds - 2-Year (Nominal),2005-12-30,91.672312370156,D,4.3415421640698,2005-12,2,0.043415421640698
2000049,DISCBOND,5003,Fama Bliss Discount Bonds - 3-Year (Nominal),2005-12-30,87.8326080268,D,4.3166944291576,2005-12,3,0.043166944291576
2000050,DISCBOND,5004,Fama Bliss Discount Bonds - 4-Year (Nominal),2005-12-30,84.137578946105,D,4.3120152010269,2005-12,4,0.043120152010268996
2000051,DISCBOND,5005,Fama Bliss Discount Bonds - 5-Year (Nominal),2005-12-30,80.668892818372,D,4.2916398371421,2005-12,5,0.042916398371421
2000047,DISCBOND,5001,Fama Bliss Discount Bonds - 1-Year (Nominal),2006-01-31,95.55716829621,D,4.5445496700709,2006-01,1,0.045445496700709
2000048,DISCBOND,5002,Fama Bliss Discount Bonds - 2-Year (Nominal),2006-01-31,91.451635539559,D,4.4679963394449,2006-01,2,0.044679963394449
2000049,DISCBOND,5003,Fama Bliss Discount Bonds - 3-Year (Nominal),2006-01-31,87.545382715577,D,4.4337623813142,2006-01,3,0.044337623813142005
2000050,DISCBOND,5004,Fama Bliss Discount Bonds - 4-Year (Nominal),2006-01-31,83.701968741923,D,4.4507408698064,2006-01,4,0.044507408698064
2000051,DISCBOND,5005,Fama Bliss Discount Bonds - 5-Year (Nominal),2006-01-31,80.208613849458,D,4.4083697585586,2006-01,5,0.044083697585586
2000047,DISCBOND,5001,Fama Bliss Discount Bonds - 1-Year (Nominal),2006-02-28,95.429050937731,D,4.6787136722807,2006-02,1,0.046787136722806995
2000048,DISCBOND,5002,Fama Bliss Discount Bonds - 2-Year (Nominal),2006-02-28,91.168138408339,D,4.6169109529483,2006-02,2,0.046169109529483
2000049,DISCBOND,5003,Fama Bliss Discount Bonds - 3-Year (Nominal),2006-02-28,87.116363592604,D,4.5975150852829,2006-02,3,0.045975150852829
2000050,DISCBOND,5004,Fama Bliss Discount Bonds - 4-Year (Nominal),2006-02-28,83.24398992929,D,4.5879990247998,2006-02,4,0.045879990247998007
2000051,DISCBOND,5005,Fama Bliss Discount Bonds - 5-Year (Nominal),2006-02-28,79.682330011788,D,4.5399588256666,2006-02,5,0.045399588256666006
2000047,DISCBOND,5001,Fama Bliss Discount Bonds - 1-Year (Nominal),2006-03-31,95.316719288917,D,4.8096726199963,2006-03,1,0.048096726199963
2000048,DISCBOND,5002,Fama Bliss Discount Bonds - 2-Year (Nominal),2006-03-31,90.923929324383,D,4.7508405406283,2006-03,2,0.047508405406283
2000049,DISCBOND,5003,Fama Bliss Discount Bonds - 3-Year (Nominal),2006-03-31,86.70855192136,D,4.749584971606,2006-03,3,0.047495849716059996
2000050,DISCBOND,5004,Fama Bliss Discount Bonds - 4-Year (Nominal),2006-03-31,82.637740077359,D,4.7643295718516,2006-03,4,0.047643295718516
2000051,DISCBOND,5005,Fama Bliss Discount Bonds - 5-Year (Nominal),2006-03-31,78.844334466493,D,4.7512909440232,2006-03,5,0.047512909440232
2000047,DISCBOND,5001,Fama Bliss Discount Bonds - 1-Year (Nominal),2006-04-28,95.236201386351,D,4.8544054901406,2006-04,1,0.048544054901406
2000048,DISCBOND,5002,Fama Bliss Discount Bonds - 2-Year (Nominal),2006-04-28,90.843200546063,D,4.7821094045762,2006-04,2,0.047821094045762
2000049,DISCBOND,5003,Fama Bliss Discount Bonds - 3-Year (Nominal),2006-04-28,86.554862070163,D,4.799907187525,2006-04,3,0.04799907187525
2000050,DISCBOND,5004,Fama Bliss Discount Bonds - 4-Year (Nominal),2006-04-28,82.380033319419,D,4.8357408708322,2006-04,4,0.048357408708321996
2000051,DISCBOND,5005,Fama Bliss Discount Bonds - 5-Year (Nominal),2006-04-28,78.448307902461,D,4.8492911918974,2006-04,5,0.048492911918974
2000047,DISCBOND,5001,Fama Bliss Discount Bonds - 1-Year (Nominal),2006-05-31,95.090206029053,D,5.0344207764855,2006-05,1,0.050344207764855
2000048,DISCBOND,5002,Fama Bliss Discount Bonds - 2-Year (Nominal),2006-05-31,90.55198742973,D,4.9623026738118,2006-05,2,0.049623026738118005
2000049,DISCBOND,5003,Fama Bliss Discount Bonds - 3-Year (Nominal),2006-05-31,86.211479423298,D,4.950081934697,2006-05,3,0.049500819346969996
2000050,DISCBOND,5004,Fama Bliss Discount Bonds - 4-Year (Nominal),2006-05-31,82.037735678938,D,4.9565611400588,2006-05,4,0.049565611400587996
2000051,DISCBOND,5005,Fama Bliss Discount Bonds - 5-Year (Nominal),2006-05-31,77.989585781821,D,4.9691746812152,2006-05,5,0.04969174681215199
2000047,DISCBOND,5001,Fama Bliss Discount Bonds - 1-Year (Nominal),2006-06-30,94.940921795695,D,5.2057990605074,2006-06,1,0.052057990605073996
2000048,DISCBOND,5002,Fama Bliss Discount Bonds - 2-Year (Nominal),2006-06-30,90.328963683082,D,5.0786443404165,2006-06,2,0.050786443404165
2000049,DISCBOND,5003,Fama Bliss Discount Bonds - 3-Year (Nominal),2006-06-30,85.930232456289,D,5.0498707667283,2006-06,3,0.050498707667283
2000050,DISCBOND,5004,Fama Bliss Discount Bonds - 4-Year (Nominal),2006-06-30,81.80590349769,D,5.0170831321624,2006-06,4,0.050170831321624
2000051,DISCBOND,5005,Fama Bliss Discount Bonds - 5-Year (Nominal),2006-06-30,77.769193671764,D,5.0257420359622,2006-06,5,0.050257420359621996
2000047,DISCBOND,5001,Fama Bliss Discount Bonds - 1-Year (Nominal),2006-07-31,95.08198899828,D,5.0430624507082,2006-07,1,0.050430624507081995
2000048,DISCBOND,5002,Fama Bliss Discount Bonds - 2-Year (Nominal),2006-07-31,90.677036567358,D,4.8866080800986,2006-07,2,0.048866080800986
2000049,DISCBOND,5003,Fama Bliss Discount Bonds - 3-Year (Nominal),2006-07-31,86.457829246816,D,4.8460217420207,2006-07,3,0.048460217420207
2000050,DISCBOND,5004,Fama Bliss Discount Bonds - 4-Year (Nominal),2006-07-31,82.483122381328,D,4.8144122693063,2006-07,4,0.048144122693063
2000051,DISCBOND,5005,Fama Bliss Discount Bonds - 5-Year (Nominal),2006-07-31,78.500152605586,D,4.844046533479,2006-07,5,0.04844046533479
2000047,DISCBOND,5001,Fama Bliss Discount Bonds - 1-Year (Nominal),2006-08-31,95.192485177676,D,4.9269184515761,2006-08,1,0.049269184515761
2000048,DISCBOND,5002,Fama Bliss Discount Bonds - 2-Year (Nominal),2006-08-31,91.028608832721,D,4.7062642385754,2006-08,2,0.047062642385754
2000049,DISCBOND,5003,Fama Bliss Discount Bonds - 3-Year (Nominal),2006-08-31,87.01005764738,D,4.6339838682016,2006-08,3,0.046339838682016
2000050,DISCBOND,5004,Fama Bliss Discount Bonds - 4-Year (Nominal),2006-08-31,83.101137481168,D,4.6246274544194,2006-08,4,0.046246274544194
2000051,DISCBOND,5005,Fama Bliss Discount Bonds - 5-Year (Nominal),2006-08-31,79.335348408751,D,4.6271924270955,2006-08,5,0.046271924270955
2000047,DISCBOND,5001,Fama Bliss Discount Bonds - 1-Year (Nominal),2006-09-29,95.263394751762,D,4.865786593037,2006-09,1,0.04865786593037
2000048,DISCBOND,5002,Fama Bliss Discount Bonds - 2-Year (Nominal),2006-09-29,91.162299070796,D,4.6137976536415,2006-09,2,0.046137976536415
2000049,DISCBOND,5003,Fama Bliss Discount Bonds - 3-Year (Nominal),2006-09-29,87.241499120777,D,4.5413739370977,2006-09,3,0.045413739370977
2000050,DISCBOND,5004,Fama Bliss Discount Bonds - 4-Year (Nominal),2006-09-29,83.441844053757,D,4.5193160486095,2006-09,4,0.045193160486095
2000051,DISCBOND,5005,Fama Bliss Discount Bonds - 5-Year (Nominal),2006-09-29,79.759211584489,D,4.5182074075317,2006-09,5,0.045182074075317005
2000047,DISCBOND,5001,Fama Bliss Discount Bonds - 1-Year (Nominal),2006-10-31,95.262515798275,D,4.8533781156481,2006-10,1,0.048533781156481
2000048,DISCBOND,5002,Fama Bliss Discount Bonds - 2-Year (Nominal),2006-10-31,91.151567720104,D,4.6259873277183,2006-10,2,0.046259873277183
2000049,DISCBOND,5003,Fama Bliss Discount Bonds - 3-Year (Nominal),2006-10-31,87.279134529027,D,4.5352921531956,2006-10,3,0.045352921531956004
2000050,DISCBOND,5004,Fama Bliss Discount Bonds - 4-Year (Nominal),2006-10-31,83.525538193593,D,4.5035287011846,2006-10,4,0.045035287011846004
2000051,DISCBOND,5005,Fama Bliss Discount Bonds - 5-Year (Nominal),2006-10-31,79.839512945909,D,4.5005668787012,2006-10,5,0.045005668787011996
2000047,DISCBOND,5001,Fama Bliss Discount Bonds - 1-Year (Nominal),2006-11-30,95.308583804287,D,4.8050307985515,2006-11,1,0.048050307985514996
2000048,DISCBOND,5002,Fama Bliss Discount Bonds - 2-Year (Nominal),2006-11-30,91.321355317262,D,4.5455028640411,2006-11,2,0.045455028640411
2000049,DISCBOND,5003,Fama Bliss Discount Bonds - 3-Year (Nominal),2006-11-30,87.548972346665,D,4.4283515304329,2006-11,3,0.044283515304329
2000050,DISCBOND,5004,Fama Bliss Discount Bonds - 4-Year (Nominal),2006-11-30,83.895869853205,D,4.3868404324898,2006-11,4,0.043868404324898
2000051,DISCBOND,5005,Fama Bliss Discount Bonds - 5-Year (Nominal),2006-11-30,80.305138873306,D,4.3843289099016,2006-11,5,0.043843289099016004
2000047,DISCBOND,5001,Fama Bliss Discount Bonds - 1-Year (Nominal),2006-12-29,95.156730609987,D,4.9374313637736,2006-12,1,0.049374313637736
2000048,DISCBOND,5002,Fama Bliss Discount Bonds - 2-Year (Nominal),2006-12-29,90.939335454982,D,4.7294412751065,2006-12,2,0.047294412751064996
2000049,DISCBOND,5003,Fama Bliss Discount Bonds - 3-Year (Nominal),2006-12-29,86.954498931976,D,4.6467759068413,2006-12,3,0.046467759068412995
2000050,DISCBOND,5004,Fama Bliss Discount Bonds - 4-Year (Nominal),2006-12-29,83.08346157537,D,4.6236124945507,2006-12,4,0.046236124945506996
2000051,DISCBOND,5005,Fama Bliss Discount Bonds - 5-Year (Nominal),2006-12-29,79.321625816645,D,4.6281157667717,2006-12,5,0.046281157667716996
2000047,DISCBOND,5001,Fama Bliss Discount Bonds - 1-Year (Nominal),2007-01-31,95.137265963681,D,4.9849432377308,2007-01,1,0.049849432377307996
2000048,DISCBOND,5002,Fama Bliss Discount Bonds - 2-Year (Nominal),2007-01-31,90.762356289932,D,4.8462782323452,2007-01,2,0.048462782323452
2000049,DISCBOND,5003,Fama Bliss Discount Bonds - 3-Year (Nominal),2007-01-31,86.705839720667,D,4.7593111811125,2007-01,3,0.047593111811125
2000050,DISCBOND,5004,Fama Bliss Discount Bonds - 4-Year (Nominal),2007-01-31,82.774801949224,D,4.7229276047194,2007-01,4,0.047229276047194
2000051,DISCBOND,5005,Fama Bliss Discount Bonds - 5-Year (Nominal),2007-01-31,78.892836351981,D,4.7389982616114,2007-01,5,0.047389982616114
2000047,DISCBOND,5001,Fama Bliss Discount Bonds - 1-Year (Nominal),2007-02-28,95.268853100139,D,4.8334835674103,2007-02,1,0.048334835674103
2000048,DISCBOND,5002,Fama Bliss Discount Bonds - 2-Year (Nominal),2007-02-28,91.254107360813,D,4.5761091182608,2007-02,2,0.045761091182608
2000049,DISCBOND,5003,Fama Bliss Discount Bonds - 3-Year (Nominal),2007-02-28,87.401857502654,D,4.49255763704,2007-02,3,0.0449255763704
2000050,DISCBOND,5004,Fama Bliss Discount Bonds - 4-Year (Nominal),2007-02-28,83.646737320888,D,4.4611386076543,2007-02,4,0.044611386076543004
2000051,DISCBOND,5005,Fama Bliss Discount Bonds - 5-Year (Nominal),2007-02-28,79.992234324084,D,4.4599249140948,2007-02,5,0.044599249140948
2000047,DISCBOND,5001,Fama Bliss Discount Bonds - 1-Year (Nominal),2007-03-30,95.271586370278,D,4.8174598607964,2007-03,1,0.048174598607964
2000048,DISCBOND,5002,Fama Bliss Discount Bonds - 2-Year (Nominal),2007-03-30,91.353188920932,D,4.5094950713836,2007-03,2,0.045094950713836
2000049,DISCBOND,5003,Fama Bliss Discount Bonds - 3-Year (Nominal),2007-03-30,87.423043355111,D,4.4722077081778,2007-03,3,0.044722077081778
2000050,DISCBOND,5004,Fama Bliss Discount Bonds - 4-Year (Nominal),2007-03-30,83.591584621372,D,4.474553821722,2007-03,4,0.04474553821722
2000051,DISCBOND,5005,Fama Bliss Discount Bonds - 5-Year (Nominal),2007-03-30,79.94291879523,D,4.4722452936483,2007-03,5,0.044722452936483005
2000047,DISCBOND,5001,Fama Bliss Discount Bonds - 1-Year (Nominal),2007-04-30,95.230948575998,D,4.8731696572755,2007-04,1,0.048731696572754994
2000048,DISCBOND,5002,Fama Bliss Discount Bonds - 2-Year (Nominal),2007-04-30,91.338676359616,D,4.523596789586,2007-04,2,0.04523596789586
2000049,DISCBOND,5003,Fama Bliss Discount Bonds - 3-Year (Nominal),2007-04-30,87.493785243643,D,4.4493508773525,2007-04,3,0.044493508773525
2000050,DISCBOND,5004,Fama Bliss Discount Bonds - 4-Year (Nominal),2007-04-30,83.71034251633,D,4.4451912405758,2007-04,4,0.04445191240575799
2000051,DISCBOND,5005,Fama Bliss Discount Bonds - 5-Year (Nominal),2007-04-30,80.024126098953,D,4.4519615125238,2007-04,5,0.044519615125238
2000047,DISCBOND,5001,Fama Bliss Discount Bonds - 1-Year (Nominal),2007-05-31,95.157009544032,D,4.9641926603746,2007-05,1,0.049641926603746
2000048,DISCBOND,5002,Fama Bliss Discount Bonds - 2-Year (Nominal),2007-05-31,90.773445383954,D,4.8468092042992,2007-05,2,0.048468092042992
2000049,DISCBOND,5003,Fama Bliss Discount Bonds - 3-Year (Nominal),2007-05-31,86.638742628921,D,4.7895178759378,2007-05,3,0.047895178759377995
2000050,DISCBOND,5004,Fama Bliss Discount Bonds - 4-Year (Nominal),2007-05-31,82.565616743856,D,4.7861432853756,2007-05,4,0.047861432853756
2000051,DISCBOND,5005,Fama Bliss Discount Bonds - 5-Year (Nominal),2007-05-31,78.692066042247,D,4.7873105596243,2007-05,5,0.047873105596243005
2000047,DISCBOND,5001,Fama Bliss Discount Bonds - 1-Year (Nominal),2007-06-29,95.1572804648,D,4.9368566732132,2007-06,1,0.049368566732132003
2000048,DISCBOND,5002,Fama Bliss Discount Bonds - 2-Year (Nominal),2007-06-29,90.83878712699,D,4.791064935615,2007-06,2,0.04791064935615
2000049,DISCBOND,5003,Fama Bliss Discount Bonds - 3-Year (Nominal),2007-06-29,86.566476823855,D,4.7998181614536,2007-06,3,0.047998181614536
2000050,DISCBOND,5004,Fama Bliss Discount Bonds - 4-Year (Nominal),2007-06-29,82.371572354868,D,4.8416127748561,2007-06,4,0.048416127748560994
2000051,DISCBOND,5005,Fama Bliss Discount Bonds - 5-Year (Nominal),2007-06-29,78.394852755847,D,4.8629090331004,2007-06,5,0.048629090331004
2000047,DISCBOND,5001,Fama Bliss Discount Bonds - 1-Year (Nominal),2007-07-31,95.379647795311,D,4.7175718325607,2007-07,1,0.047175718325607
2000048,DISCBOND,5002,Fama Bliss Discount Bonds - 2-Year (Nominal),2007-07-31,91.459182396349,D,4.4577638501909,2007-07,2,0.044577638501908996
2000049,DISCBOND,5003,Fama Bliss Discount Bonds - 3-Year (Nominal),2007-07-31,87.534555088055,D,4.4378853086257,2007-07,3,0.044378853086257
2000050,DISCBOND,5004,Fama Bliss Discount Bonds - 4-Year (Nominal),2007-07-31,83.580657194546,D,4.4870251884534,2007-07,4,0.044870251884533995
2000051,DISCBOND,5005,Fama Bliss Discount Bonds - 5-Year (Nominal),2007-07-31,79.792156227585,D,4.5099571293797,2007-07,5,0.045099571293797
2000047,DISCBOND,5001,Fama Bliss Discount Bonds - 1-Year (Nominal),2007-08-31,95.743532091212,D,4.3616609662934,2007-08,1,0.04361660966293399
2000048,DISCBOND,5002,Fama Bliss Discount Bonds - 2-Year (Nominal),2007-08-31,92.117911589874,D,4.0994234547824,2007-08,2,0.040994234547824
2000049,DISCBOND,5003,Fama Bliss Discount Bonds - 3-Year (Nominal),2007-08-31,88.338988599203,D,4.1291835182438,2007-08,3,0.041291835182438
2000050,DISCBOND,5004,Fama Bliss Discount Bonds - 4-Year (Nominal),2007-08-31,84.537295107058,D,4.1965604079366,2007-08,4,0.041965604079365997
2000051,DISCBOND,5005,Fama Bliss Discount Bonds - 5-Year (Nominal),2007-08-31,80.953458602605,D,4.2212895269006,2007-08,5,0.042212895269006
2000047,DISCBOND,5001,Fama Bliss Discount Bonds - 1-Year (Nominal),2007-09-28,96.012552080346,D,4.0359529538287,2007-09,1,0.040359529538286996
2000048,DISCBOND,5002,Fama Bliss Discount Bonds - 2-Year (Nominal),2007-09-28,92.426381233188,D,3.921770047528,2007-09,2,0.039217700475280004
2000049,DISCBOND,5003,Fama Bliss Discount Bonds - 3-Year (Nominal),2007-09-28,88.632932816811,D,4.0112334663362,2007-09,3,0.040112334663362
2000050,DISCBOND,5004,Fama Bliss Discount Bonds - 4-Year (Nominal),2007-09-28,84.763773065261,D,4.1240743567417,2007-09,4,0.041240743567417006
2000051,DISCBOND,5005,Fama Bliss Discount Bonds - 5-Year (Nominal),2007-09-28,81.006084410565,D,4.2083064820199,2007-09,5,0.042083064820198995
2000047,DISCBOND,5001,Fama Bliss Discount Bonds - 1-Year (Nominal),2007-10-31,96.043381446899,D,4.0259906342829,2007-10,1,0.040259906342829
2000048,DISCBOND,5002,Fama Bliss Discount Bonds - 2-Year (Nominal),2007-10-31,92.505373062177,D,3.8951727999021,2007-10,2,0.038951727999021
2000049,DISCBOND,5003,Fama Bliss Discount Bonds - 3-Year (Nominal),2007-10-31,88.895657298206,D,3.9271494144478,2007-10,3,0.039271494144478
2000050,DISCBOND,5004,Fama Bliss Discount Bonds - 4-Year (Nominal),2007-10-31,85.031715161702,D,4.0508725098073,2007-10,4,0.040508725098073003
2000051,DISCBOND,5005,Fama Bliss Discount Bonds - 5-Year (Nominal),2007-10-31,81.311025959345,D,4.1332415459153,2007-10,5,0.041332415459153
2000047,DISCBOND,5001,Fama Bliss Discount Bonds - 1-Year (Nominal),2007-11-30,96.928021642811,D,3.1287247728618,2007-11,1,0.031287247728617996
2000048,DISCBOND,5002,Fama Bliss Discount Bonds - 2-Year (Nominal),2007-11-30,94.202393236498,D,2.9821448196876,2007-11,2,0.029821448196876
2000049,DISCBOND,5003,Fama Bliss Discount Bonds - 3-Year (Nominal),2007-11-30,91.291863910602,D,3.0341797210107,2007-11,3,0.030341797210107
2000050,DISCBOND,5004,Fama Bliss Discount Bonds - 4-Year (Nominal),2007-11-30,87.750233865295,D,3.2646554712155,2007-11,4,0.032646554712154996
2000051,DISCBOND,5005,Fama Bliss Discount Bonds - 5-Year (Nominal),2007-11-30,84.464190190985,D,3.3731538888098,2007-11,5,0.033731538888097996
2000047,DISCBOND,5001,Fama Bliss Discount Bonds - 1-Year (Nominal),2007-12-31,96.773071077664,D,3.2711801142032,2007-12,1,0.032711801142032
2000048,DISCBOND,5002,Fama Bliss Discount Bonds - 2-Year (Nominal),2007-12-31,94.123378524418,D,3.0240438252971,2007-12,2,0.030240438252971
2000049,DISCBOND,5003,Fama Bliss Discount Bonds - 3-Year (Nominal),2007-12-31,91.323978546717,D,3.0224664853142,2007-12,3,0.030224664853142
2000050,DISCBOND,5004,Fama Bliss Discount Bonds - 4-Year (Nominal),2007-12-31,87.68160100875,D,3.2864525818752,2007-12,4,0.032864525818752
2000051,DISCBOND,5005,Fama Bliss Discount Bonds - 5-Year (Nominal),2007-12-31,84.218827571756,D,3.4312733597903,2007-12,5,0.034312733597902996
2000047,DISCBOND,5001,Fama Bliss Discount Bonds - 1-Year (Nominal),2008-01-31,97.943026828325,D,2.0784235266773,2008-01,1,0.020784235266772998
2000048,DISCBOND,5002,Fama Bliss Discount Bonds - 2-Year (Nominal),2008-01-31,95.930714032333,D,2.0800485760028,2008-01,2,0.020800485760028
2000049,DISCBOND,5003,Fama Bliss Discount Bonds - 3-Year (Nominal),2008-01-31,93.627887998626,D,2.1927275372875,2008-01,3,0.021927275372874998
2000050,DISCBOND,5004,Fama Bliss Discount Bonds - 4-Year (Nominal),2008-01-31,90.335234993832,D,2.5393258532309,2008-01,4,0.025393258532309
2000051,DISCBOND,5005,Fama Bliss Discount Bonds - 5-Year (Nominal),2008-01-31,87.066481892473,D,2.7669317128766,2008-01,5,0.027669317128766
2000047,DISCBOND,5001,Fama Bliss Discount Bonds - 1-Year (Nominal),2008-02-29,98.331362533406,D,1.6873389762913,2008-02,1,0.016873389762913
2000048,DISCBOND,5002,Fama Bliss Discount Bonds - 2-Year (Nominal),2008-02-29,96.828854300785,D,1.6156843291462,2008-02,2,0.016156843291462
2000049,DISCBOND,5003,Fama Bliss Discount Bonds - 3-Year (Nominal),2008-02-29,94.630277289851,D,1.839756895467,2008-02,3,0.01839756895467
2000050,DISCBOND,5004,Fama Bliss Discount Bonds - 4-Year (Nominal),2008-02-29,91.527707506248,D,2.2116963212139,2008-02,4,0.022116963212138997
2000051,DISCBOND,5005,Fama Bliss Discount Bonds - 5-Year (Nominal),2008-02-29,88.31740771948,D,2.4832983065138,2008-02,5,0.024832983065138002
2000047,DISCBOND,5001,Fama Bliss Discount Bonds - 1-Year (Nominal),2008-03-31,98.549379118064,D,1.4612452581057,2008-03,1,0.014612452581057
2000048,DISCBOND,5002,Fama Bliss Discount Bonds - 2-Year (Nominal),2008-03-31,96.878211983605,D,1.5857771452217,2008-03,2,0.015857771452217
2000049,DISCBOND,5003,Fama Bliss Discount Bonds - 3-Year (Nominal),2008-03-31,94.890648180384,D,1.7481676909304,2008-03,3,0.017481676909304
2000050,DISCBOND,5004,Fama Bliss Discount Bonds - 4-Year (Nominal),2008-03-31,91.512226458094,D,2.2174400035118,2008-03,4,0.022174400035118
2000051,DISCBOND,5005,Fama Bliss Discount Bonds - 5-Year (Nominal),2008-03-31,88.473392356435,D,2.4520538420626,2008-03,5,0.024520538420626
2000047,DISCBOND,5001,Fama Bliss Discount Bonds - 1-Year (Nominal),2008-04-30,98.107771084235,D,1.9103606608883,2008-04,1,0.019103606608882998
2000048,DISCBOND,5002,Fama Bliss Discount Bonds - 2-Year (Nominal),2008-04-30,95.593356661133,D,2.2533429668838,2008-04,2,0.022533429668838
2000049,DISCBOND,5003,Fama Bliss Discount Bonds - 3-Year (Nominal),2008-04-30,92.884456972192,D,2.4627110672928,2008-04,3,0.024627110672928
2000050,DISCBOND,5004,Fama Bliss Discount Bonds - 4-Year (Nominal),2008-04-30,89.256626043405,D,2.8394184245427,2008-04,4,0.028394184245426998
2000051,DISCBOND,5005,Fama Bliss Discount Bonds - 5-Year (Nominal),2008-04-30,85.980968102547,D,3.0192298374733,2008-04,5,0.030192298374733
2000047,DISCBOND,5001,Fama Bliss Discount Bonds - 1-Year (Nominal),2008-05-30,97.769570160359,D,2.261877115509,2008-05,1,0.02261877115509
2000048,DISCBOND,5002,Fama Bliss Discount Bonds - 2-Year (Nominal),2008-05-30,94.895722998625,D,2.6267742529176,2008-05,2,0.026267742529176
2000049,DISCBOND,5003,Fama Bliss Discount Bonds - 3-Year (Nominal),2008-05-30,91.562067812618,D,2.9357559607662,2008-05,3,0.029357559607662
2000050,DISCBOND,5004,Fama Bliss Discount Bonds - 4-Year (Nominal),2008-05-30,87.739399149733,D,3.2655051733461,2008-05,4,0.032655051733461
2000051,DISCBOND,5005,Fama Bliss Discount Bonds - 5-Year (Nominal),2008-05-30,84.243668750354,D,3.4253814881373,2008-05,5,0.034253814881373
2000047,DISCBOND,5001,Fama Bliss Discount Bonds - 1-Year (Nominal),2008-06-30,97.661415121268,D,2.3663637174206,2008-06,1,0.023663637174206
2000048,DISCBOND,5002,Fama Bliss Discount Bonds - 2-Year (Nominal),2008-06-30,94.922598486551,D,2.6054189626068,2008-06,2,0.026054189626067998
2000049,DISCBOND,5003,Fama Bliss Discount Bonds - 3-Year (Nominal),2008-06-30,91.642214426302,D,2.909272229612,2008-06,3,0.02909272229612
2000050,DISCBOND,5004,Fama Bliss Discount Bonds - 4-Year (Nominal),2008-06-30,88.026570851438,D,3.1882868897857,2008-06,4,0.031882868897857
2000051,DISCBOND,5005,Fama Bliss Discount Bonds - 5-Year (Nominal),2008-06-30,84.669103865148,D,3.3302131626716,2008-06,5,0.033302131626716
2000047,DISCBOND,5001,Fama Bliss Discount Bonds - 1-Year (Nominal),2008-07-31,97.769533647624,D,2.2557174374253,2008-07,1,0.022557174374253003
2000048,DISCBOND,5002,Fama Bliss Discount Bonds - 2-Year (Nominal),2008-07-31,95.14163021669,D,2.4935938903352,2008-07,2,0.024935938903352
2000049,DISCBOND,5003,Fama Bliss Discount Bonds - 3-Year (Nominal),2008-07-31,91.942211135525,D,2.8054556762364,2008-07,3,0.028054556762364
2000050,DISCBOND,5004,Fama Bliss Discount Bonds - 4-Year (Nominal),2008-07-31,88.508888827481,D,3.0495913149521,2008-07,4,0.030495913149521
2000051,DISCBOND,5005,Fama Bliss Discount Bonds - 5-Year (Nominal),2008-07-31,85.025268125152,D,3.2426571294738,2008-07,5,0.032426571294738
2000047,DISCBOND,5001,Fama Bliss Discount Bonds - 1-Year (Nominal),2008-08-29,97.858406837913,D,2.1530604319822,2008-08,1,0.021530604319822
2000048,DISCBOND,5002,Fama Bliss Discount Bonds - 2-Year (Nominal),2008-08-29,95.395837549096,D,2.3503228163863,2008-08,2,0.023503228163863
2000049,DISCBOND,5003,Fama Bliss Discount Bonds - 3-Year (Nominal),2008-08-29,92.418269856778,D,2.6233917809953,2008-08,3,0.026233917809953
2000050,DISCBOND,5004,Fama Bliss Discount Bonds - 4-Year (Nominal),2008-08-29,89.080856616333,D,2.8847156936214,2008-08,4,0.028847156936213997
2000051,DISCBOND,5005,Fama Bliss Discount Bonds - 5-Year (Nominal),2008-08-29,85.668254967183,D,3.0903702568066,2008-08,5,0.030903702568066002
2000047,DISCBOND,5001,Fama Bliss Discount Bonds - 1-Year (Nominal),2008-09-30,98.209522757457,D,1.8067002239066,2008-09,1,0.018067002239066
2000048,DISCBOND,5002,Fama Bliss Discount Bonds - 2-Year (Nominal),2008-09-30,96.169503808533,D,1.9528943400734,2008-09,2,0.019528943400734
2000049,DISCBOND,5003,Fama Bliss Discount Bonds - 3-Year (Nominal),2008-09-30,93.37127077381,D,2.2862161180684,2008-09,3,0.022862161180684
2000050,DISCBOND,5004,Fama Bliss Discount Bonds - 4-Year (Nominal),2008-09-30,89.879699045615,D,2.6692805911718,2008-09,4,0.026692805911718
2000051,DISCBOND,5005,Fama Bliss Discount Bonds - 5-Year (Nominal),2008-09-30,86.092841089214,D,2.9932382626594,2008-09,5,0.029932382626594
2000047,DISCBOND,5001,Fama Bliss Discount Bonds - 1-Year (Nominal),2008-10-31,98.583252424938,D,1.4307993123679,2008-10,1,0.014307993123678999
2000048,DISCBOND,5002,Fama Bliss Discount Bonds - 2-Year (Nominal),2008-10-31,97.371356145247,D,1.3355643065554,2008-10,2,0.013355643065554
2000049,DISCBOND,5003,Fama Bliss Discount Bonds - 3-Year (Nominal),2008-10-31,94.696698607194,D,1.8163683206719,2008-10,3,0.018163683206719
2000050,DISCBOND,5004,Fama Bliss Discount Bonds - 4-Year (Nominal),2008-10-31,91.799002563862,D,2.1377546762159,2008-10,4,0.021377546762159
2000051,DISCBOND,5005,Fama Bliss Discount Bonds - 5-Year (Nominal),2008-10-31,86.762007935533,D,2.8384717163509,2008-10,5,0.028384717163509002
2000047,DISCBOND,5001,Fama Bliss Discount Bonds - 1-Year (Nominal),2008-11-28,99.148454557978,D,0.85053135793753,2008-11,1,0.0085053135793753
2000048,DISCBOND,5002,Fama Bliss Discount Bonds - 2-Year (Nominal),2008-11-28,98.026543980539,D,0.99387144007573,2008-11,2,0.0099387144007573
2000049,DISCBOND,5003,Fama Bliss Discount Bonds - 3-Year (Nominal),2008-11-28,96.272285499532,D,1.2640146923211,2008-11,3,0.012640146923211
2000050,DISCBOND,5004,Fama Bliss Discount Bonds - 4-Year (Nominal),2008-11-28,95.188058048065,D,1.2303641756707,2008-11,4,0.012303641756707
2000051,DISCBOND,5005,Fama Bliss Discount Bonds - 5-Year (Nominal),2008-11-28,90.80731008121,D,1.9264966773992,2008-11,5,0.019264966773992
2000047,DISCBOND,5001,Fama Bliss Discount Bonds - 1-Year (Nominal),2008-12-31,99.590659744374,D,0.41018034618669,2008-12,1,0.0041018034618669
2000048,DISCBOND,5002,Fama Bliss Discount Bonds - 2-Year (Nominal),2008-12-31,98.930442790323,D,0.53765904343749,2008-12,2,0.0053765904343749
2000049,DISCBOND,5003,Fama Bliss Discount Bonds - 3-Year (Nominal),2008-12-31,97.051624516294,D,0.99848306895583,2008-12,3,0.009984830689558301
2000050,DISCBOND,5004,Fama Bliss Discount Bonds - 4-Year (Nominal),2008-12-31,95.966213888943,D,1.0286453496807,2008-12,4,0.010286453496807
2000051,DISCBOND,5005,Fama Bliss Discount Bonds - 5-Year (Nominal),2008-12-31,92.422017965859,D,1.5752357274948,2008-12,5,0.015752357274948
2000047,DISCBOND,5001,Fama Bliss Discount Bonds - 1-Year (Nominal),2009-01-30,99.434228587782,D,0.56893671706811,2009-01,1,0.0056893671706811
2000048,DISCBOND,5002,Fama Bliss Discount Bonds - 2-Year (Nominal),2009-01-30,98.125007911491,D,0.94510180564009,2009-01,2,0.0094510180564009
2000049,DISCBOND,5003,Fama Bliss Discount Bonds - 3-Year (Nominal),2009-01-30,96.09679299767,D,1.3259305609566,2009-01,3,0.013259305609565999
2000050,DISCBOND,5004,Fama Bliss Discount Bonds - 4-Year (Nominal),2009-01-30,94.22536513256,D,1.4849850713495,2009-01,4,0.014849850713495
2000051,DISCBOND,5005,Fama Bliss Discount Bonds - 5-Year (Nominal),2009-01-30,90.967553700292,D,1.891273272204,2009-01,5,0.01891273272204
2000047,DISCBOND,5001,Fama Bliss Discount Bonds - 1-Year (Nominal),2009-02-27,99.22741417073,D,0.77771649939208,2009-02,1,0.0077771649939207994
2000048,DISCBOND,5002,Fama Bliss Discount Bonds - 2-Year (Nominal),2009-02-27,98.093461453052,D,0.96115702393428,2009-02,2,0.0096115702393428
2000049,DISCBOND,5003,Fama Bliss Discount Bonds - 3-Year (Nominal),2009-02-27,95.909939561457,D,1.3894809446344,2009-02,3,0.013894809446344001
2000050,DISCBOND,5004,Fama Bliss Discount Bonds - 4-Year (Nominal),2009-02-27,93.53671785503,D,1.6681179729037,2009-02,4,0.016681179729037
2000051,DISCBOND,5005,Fama Bliss Discount Bonds - 5-Year (Nominal),2009-02-27,90.479293790813,D,1.9987927129345,2009-02,5,0.019987927129345
2000047,DISCBOND,5001,Fama Bliss Discount Bonds - 1-Year (Nominal),2009-03-31,99.389954818618,D,0.61191355950818,2009-03,1,0.0061191355950818
2000048,DISCBOND,5002,Fama Bliss Discount Bonds - 2-Year (Nominal),2009-03-31,98.455886458341,D,0.7780795670535,2009-03,2,0.007780795670535
2000049,DISCBOND,5003,Fama Bliss Discount Bonds - 3-Year (Nominal),2009-03-31,96.571977301439,D,1.1627192646882,2009-03,3,0.011627192646882
2000050,DISCBOND,5004,Fama Bliss Discount Bonds - 4-Year (Nominal),2009-03-31,94.80265533925,D,1.3361495210122,2009-03,4,0.013361495210122
2000051,DISCBOND,5005,Fama Bliss Discount Bonds - 5-Year (Nominal),2009-03-31,91.980808699154,D,1.6708890264957,2009-03,5,0.016708890264956998
2000047,DISCBOND,5001,Fama Bliss Discount Bonds - 1-Year (Nominal),2009-04-30,99.493629199063,D,0.50765720235545,2009-04,1,0.0050765720235545
2000048,DISCBOND,5002,Fama Bliss Discount Bonds - 2-Year (Nominal),2009-04-30,98.20793032111,D,0.90540112748949,2009-04,2,0.0090540112748949
2000049,DISCBOND,5003,Fama Bliss Discount Bonds - 3-Year (Nominal),2009-04-30,95.934663780718,D,1.3821648663839,2009-04,3,0.013821648663838998
2000050,DISCBOND,5004,Fama Bliss Discount Bonds - 4-Year (Nominal),2009-04-30,93.384009516088,D,1.7100802441695,2009-04,4,0.017100802441695
2000051,DISCBOND,5005,Fama Bliss Discount Bonds - 5-Year (Nominal),2009-04-30,90.341053432692,D,2.0304512600847,2009-04,5,0.020304512600846997
2000047,DISCBOND,5001,Fama Bliss Discount Bonds - 1-Year (Nominal),2009-05-29,99.504631602494,D,0.49796372003439,2009-05,1,0.0049796372003439
2000048,DISCBOND,5002,Fama Bliss Discount Bonds - 2-Year (Nominal),2009-05-29,98.153879731798,D,0.92914130148927,2009-05,2,0.0092914130148927
2000049,DISCBOND,5003,Fama Bliss Discount Bonds - 3-Year (Nominal),2009-05-29,95.88555850153,D,1.3966669916414,2009-05,3,0.013966669916414001
2000050,DISCBOND,5004,Fama Bliss Discount Bonds - 4-Year (Nominal),2009-05-29,92.812502840204,D,1.8608969034696,2009-05,4,0.018608969034696
2000051,DISCBOND,5005,Fama Bliss Discount Bonds - 5-Year (Nominal),2009-05-29,88.801798931166,D,2.3726653586173,2009-05,5,0.023726653586173
2000047,DISCBOND,5001,Fama Bliss Discount Bonds - 1-Year (Nominal),2009-06-30,99.450192881295,D,0.55132412098995,2009-06,1,0.0055132412098995
2000048,DISCBOND,5002,Fama Bliss Discount Bonds - 2-Year (Nominal),2009-06-30,97.771087715974,D,1.1270639639757,2009-06,2,0.011270639639757002
2000049,DISCBOND,5003,Fama Bliss Discount Bonds - 3-Year (Nominal),2009-06-30,95.272872754934,D,1.6141689447309,2009-06,3,0.016141689447309
2000050,DISCBOND,5004,Fama Bliss Discount Bonds - 4-Year (Nominal),2009-06-30,91.682029709972,D,2.1725830392913,2009-06,4,0.021725830392913
2000051,DISCBOND,5005,Fama Bliss Discount Bonds - 5-Year (Nominal),2009-06-30,87.846264040724,D,2.5902185953744,2009-06,5,0.025902185953744
2000047,DISCBOND,5001,Fama Bliss Discount Bonds - 1-Year (Nominal),2009-07-31,99.527345378968,D,0.47507676647567,2009-07,1,0.0047507676647567
2000048,DISCBOND,5002,Fama Bliss Discount Bonds - 2-Year (Nominal),2009-07-31,97.779305957267,D,1.1259461772113,2009-07,2,0.011259461772113
2000049,DISCBOND,5003,Fama Bliss Discount Bonds - 3-Year (Nominal),2009-07-31,95.363639840152,D,1.5809833748125,2009-07,3,0.015809833748125
2000050,DISCBOND,5004,Fama Bliss Discount Bonds - 4-Year (Nominal),2009-07-31,92.021707466983,D,2.0772194449577,2009-07,4,0.020772194449576998
2000051,DISCBOND,5005,Fama Bliss Discount Bonds - 5-Year (Nominal),2009-07-31,88.00717631973,D,2.5536371794948,2009-07,5,0.025536371794948002
2000047,DISCBOND,5001,Fama Bliss Discount Bonds - 1-Year (Nominal),2009-08-31,99.583529174352,D,0.41734048080482,2009-08,1,0.0041734048080482
2000048,DISCBOND,5002,Fama Bliss Discount Bonds - 2-Year (Nominal),2009-08-31,98.063964528394,D,0.97751104818597,2009-08,2,0.0097751104818597
2000049,DISCBOND,5003,Fama Bliss Discount Bonds - 3-Year (Nominal),2009-08-31,95.72480342403,D,1.455095943432,2009-08,3,0.01455095943432
2000050,DISCBOND,5004,Fama Bliss Discount Bonds - 4-Year (Nominal),2009-08-31,92.440076342843,D,1.9652393679632,2009-08,4,0.019652393679632
2000051,DISCBOND,5005,Fama Bliss Discount Bonds - 5-Year (Nominal),2009-08-31,88.630422374846,D,2.4152237623314,2009-08,5,0.024152237623313998
2000047,DISCBOND,5001,Fama Bliss Discount Bonds - 1-Year (Nominal),2009-09-30,99.583139172606,D,0.41773211435391,2009-09,1,0.0041773211435391
2000048,DISCBOND,5002,Fama Bliss Discount Bonds - 2-Year (Nominal),2009-09-30,98.108214274147,D,0.95495446204153,2009-09,2,0.0095495446204153
2000049,DISCBOND,5003,Fama Bliss Discount Bonds - 3-Year (Nominal),2009-09-30,95.836682598194,D,1.4187845102253,2009-09,3,0.014187845102253
2000050,DISCBOND,5004,Fama Bliss Discount Bonds - 4-Year (Nominal),2009-09-30,92.754133799703,D,1.8791608515972,2009-09,4,0.018791608515972
2000051,DISCBOND,5005,Fama Bliss Discount Bonds - 5-Year (Nominal),2009-09-30,88.922443116262,D,2.3468264287311,2009-09,5,0.023468264287311
2000047,DISCBOND,5001,Fama Bliss Discount Bonds - 1-Year (Nominal),2009-10-30,99.597304508815,D,0.40461705061341,2009-10,1,0.0040461705061341
2000048,DISCBOND,5002,Fama Bliss Discount Bonds - 2-Year (Nominal),2009-10-30,98.234526410368,D,0.88940362383258,2009-10,2,0.0088940362383258
2000049,DISCBOND,5003,Fama Bliss Discount Bonds - 3-Year (Nominal),2009-10-30,96.018304046452,D,1.351908940647,2009-10,3,0.01351908940647
2000050,DISCBOND,5004,Fama Bliss Discount Bonds - 4-Year (Nominal),2009-10-30,92.666647860409,D,1.9014343985559,2009-10,4,0.019014343985559
2000051,DISCBOND,5005,Fama Bliss Discount Bonds - 5-Year (Nominal),2009-10-30,88.945169229814,D,2.3404367622302,2009-10,5,0.023404367622301997
2000047,DISCBOND,5001,Fama Bliss Discount Bonds - 1-Year (Nominal),2009-11-30,99.717078314772,D,0.28332266511217,2009-11,1,0.0028332266511217003
2000048,DISCBOND,5002,Fama Bliss Discount Bonds - 2-Year (Nominal),2009-11-30,98.732619215995,D,0.63774028186828,2009-11,2,0.0063774028186828
2000049,DISCBOND,5003,Fama Bliss Discount Bonds - 3-Year (Nominal),2009-11-30,96.799689499014,D,1.0832241103302,2009-11,3,0.010832241103302
2000050,DISCBOND,5004,Fama Bliss Discount Bonds - 4-Year (Nominal),2009-11-30,93.933149726522,D,1.5646707460939,2009-11,4,0.015646707460939
2000051,DISCBOND,5005,Fama Bliss Discount Bonds - 5-Year (Nominal),2009-11-30,90.386004650043,D,2.0227232350305,2009-11,5,0.020227232350305
2000047,DISCBOND,5001,Fama Bliss Discount Bonds - 1-Year (Nominal),2009-12-31,99.498697487314,D,0.50256324889869,2009-12,1,0.0050256324889869
2000048,DISCBOND,5002,Fama Bliss Discount Bonds - 2-Year (Nominal),2009-12-31,97.759074097928,D,1.1347625575666,2009-12,2,0.011347625575666001
2000049,DISCBOND,5003,Fama Bliss Discount Bonds - 3-Year (Nominal),2009-12-31,95.152169548939,D,1.6549151007835,2009-12,3,0.016549151007834998
2000050,DISCBOND,5004,Fama Bliss Discount Bonds - 4-Year (Nominal),2009-12-31,91.596023419073,D,2.1930561489395,2009-12,4,0.021930561489395
2000051,DISCBOND,5005,Fama Bliss Discount Bonds - 5-Year (Nominal),2009-12-31,87.282015084974,D,2.719025178439,2009-12,5,0.02719025178439
2000047,DISCBOND,5001,Fama Bliss Discount Bonds - 1-Year (Nominal),2010-01-29,99.688331817734,D,0.31045376199638,2010-01,1,0.0031045376199637996
2000048,DISCBOND,5002,Fama Bliss Discount Bonds - 2-Year (Nominal),2010-01-29,98.431097840054,D,0.78850956308773,2010-01,2,0.0078850956308773
2000049,DISCBOND,5003,Fama Bliss Discount Bonds - 3-Year (Nominal),2010-01-29,96.079773283425,D,1.3294033861419,2010-01,3,0.013294033861418999
2000050,DISCBOND,5004,Fama Bliss Discount Bonds - 4-Year (Nominal),2010-01-29,92.897234954982,D,1.8381306307399,2010-01,4,0.018381306307399
2000051,DISCBOND,5005,Fama Bliss Discount Bonds - 5-Year (Nominal),2010-01-29,88.898332475255,D,2.3509596057523,2010-01,5,0.023509596057522997
2000047,DISCBOND,5001,Fama Bliss Discount Bonds - 1-Year (Nominal),2010-02-26,99.634035945627,D,0.36463732768509,2010-02,1,0.0036463732768509
2000048,DISCBOND,5002,Fama Bliss Discount Bonds - 2-Year (Nominal),2010-02-26,98.382215785429,D,0.81216894054622,2010-02,2,0.0081216894054622
2000049,DISCBOND,5003,Fama Bliss Discount Bonds - 3-Year (Nominal),2010-02-26,96.005407389096,D,1.3551429084984,2010-02,3,0.013551429084984
2000050,DISCBOND,5004,Fama Bliss Discount Bonds - 4-Year (Nominal),2010-02-26,92.837117443264,D,1.854281180532,2010-02,4,0.01854281180532
2000051,DISCBOND,5005,Fama Bliss Discount Bonds - 5-Year (Nominal),2010-02-26,88.952553633197,D,2.3387782093112,2010-02,5,0.023387782093112
2000047,DISCBOND,5001,Fama Bliss Discount Bonds - 1-Year (Nominal),2010-03-31,99.543353245129,D,0.45769257117043,2010-03,1,0.0045769257117043
2000048,DISCBOND,5002,Fama Bliss Discount Bonds - 2-Year (Nominal),2010-03-31,98.01183009899,D,1.0040999653607,2010-03,2,0.010040999653606998
2000049,DISCBOND,5003,Fama Bliss Discount Bonds - 3-Year (Nominal),2010-03-31,95.406463172965,D,1.5703302496164,2010-03,3,0.015703302496164
2000050,DISCBOND,5004,Fama Bliss Discount Bonds - 4-Year (Nominal),2010-03-31,91.815831538542,D,2.1331751289307,2010-03,4,0.021331751289306998
2000051,DISCBOND,5005,Fama Bliss Discount Bonds - 5-Year (Nominal),2010-03-31,87.855676274918,D,2.5880769959547,2010-03,5,0.025880769959547002
2000047,DISCBOND,5001,Fama Bliss Discount Bonds - 1-Year (Nominal),2010-04-30,99.586508552922,D,0.41548702587664,2010-04,1,0.0041548702587663995
2000048,DISCBOND,5002,Fama Bliss Discount Bonds - 2-Year (Nominal),2010-04-30,98.126679867371,D,0.9442510263747,2010-04,2,0.009442510263747001
2000049,DISCBOND,5003,Fama Bliss Discount Bonds - 3-Year (Nominal),2010-04-30,95.647441084505,D,1.4820213947475,2010-04,3,0.014820213947475
2000050,DISCBOND,5004,Fama Bliss Discount Bonds - 4-Year (Nominal),2010-04-30,92.22958052421,D,2.0208478258053,2010-04,4,0.020208478258053
2000051,DISCBOND,5005,Fama Bliss Discount Bonds - 5-Year (Nominal),2010-04-30,88.461054114625,D,2.4508129565708,2010-04,5,0.024508129565707998
2000047,DISCBOND,5001,Fama Bliss Discount Bonds - 1-Year (Nominal),2010-05-28,99.632357830287,D,0.36531702398985,2010-05,1,0.0036531702398985
2000048,DISCBOND,5002,Fama Bliss Discount Bonds - 2-Year (Nominal),2010-05-28,98.49553181541,D,0.75381953658225,2010-05,2,0.0075381953658225
2000049,DISCBOND,5003,Fama Bliss Discount Bonds - 3-Year (Nominal),2010-05-28,96.383407940902,D,1.22340152793,2010-05,3,0.012234015279299999
2000050,DISCBOND,5004,Fama Bliss Discount Bonds - 4-Year (Nominal),2010-05-28,93.162552013868,D,1.7669779144055,2010-05,4,0.017669779144055
2000051,DISCBOND,5005,Fama Bliss Discount Bonds - 5-Year (Nominal),2010-05-28,89.932014285703,D,2.1200006530702,2010-05,5,0.021200006530701997
2000047,DISCBOND,5001,Fama Bliss Discount Bonds - 1-Year (Nominal),2010-06-30,99.693298695389,D,0.30717259694934,2010-06,1,0.0030717259694934
2000048,DISCBOND,5002,Fama Bliss Discount Bonds - 2-Year (Nominal),2010-06-30,98.864598509135,D,0.57094819122782,2010-06,2,0.005709481912278201
2000049,DISCBOND,5003,Fama Bliss Discount Bonds - 3-Year (Nominal),2010-06-30,97.207597078718,D,0.94490683563973,2010-06,3,0.0094490683563973
2000050,DISCBOND,5004,Fama Bliss Discount Bonds - 4-Year (Nominal),2010-06-30,94.380665730309,D,1.4448590529646,2010-06,4,0.014448590529646
2000051,DISCBOND,5005,Fama Bliss Discount Bonds - 5-Year (Nominal),2010-06-30,91.400928925343,D,1.797306002595,2010-06,5,0.01797306002595
2000047,DISCBOND,5001,Fama Bliss Discount Bonds - 1-Year (Nominal),2010-07-30,99.72189248083,D,0.27926006506487,2010-07,1,0.0027926006506487
2000048,DISCBOND,5002,Fama Bliss Discount Bonds - 2-Year (Nominal),2010-07-30,98.946252037457,D,0.52822242726807,2010-07,2,0.0052822242726807
2000049,DISCBOND,5003,Fama Bliss Discount Bonds - 3-Year (Nominal),2010-07-30,97.622171222041,D,0.80072263071057,2010-07,3,0.008007226307105701
2000050,DISCBOND,5004,Fama Bliss Discount Bonds - 4-Year (Nominal),2010-07-30,95.224635325346,D,1.2216141404976,2010-07,4,0.012216141404976
2000051,DISCBOND,5005,Fama Bliss Discount Bonds - 5-Year (Nominal),2010-07-30,92.226747003393,D,1.6166283361951,2010-07,5,0.016166283361951
2000047,DISCBOND,5001,Fama Bliss Discount Bonds - 1-Year (Nominal),2010-08-31,99.752144078525,D,0.24816359275743,2010-08,1,0.0024816359275742998
2000048,DISCBOND,5002,Fama Bliss Discount Bonds - 2-Year (Nominal),2010-08-31,99.073138222969,D,0.4649550106935,2010-08,2,0.004649550106935
2000049,DISCBOND,5003,Fama Bliss Discount Bonds - 3-Year (Nominal),2010-08-31,97.974358549371,D,0.68214632061588,2010-08,3,0.0068214632061588
2000050,DISCBOND,5004,Fama Bliss Discount Bonds - 4-Year (Nominal),2010-08-31,95.999692816533,D,1.0213294530511,2010-08,4,0.010213294530511
2000051,DISCBOND,5005,Fama Bliss Discount Bonds - 5-Year (Nominal),2010-08-31,93.501184548654,D,1.3431855807495,2010-08,5,0.013431855807495
2000047,DISCBOND,5001,Fama Bliss Discount Bonds - 1-Year (Nominal),2010-09-30,99.700751859444,D,0.29969678306374,2010-09,1,0.0029969678306373997
2000048,DISCBOND,5002,Fama Bliss Discount Bonds - 2-Year (Nominal),2010-09-30,99.175323493245,D,0.41461585410365,2010-09,2,0.0041461585410365
2000049,DISCBOND,5003,Fama Bliss Discount Bonds - 3-Year (Nominal),2010-09-30,98.075269022304,D,0.64724063456334,2010-09,3,0.0064724063456334
2000050,DISCBOND,5004,Fama Bliss Discount Bonds - 4-Year (Nominal),2010-09-30,96.225085092456,D,0.96134412962302,2010-09,4,0.0096134412962302
2000051,DISCBOND,5005,Fama Bliss Discount Bonds - 5-Year (Nominal),2010-09-30,93.785717541587,D,1.2824493784219,2010-09,5,0.012824493784219
2000047,DISCBOND,5001,Fama Bliss Discount Bonds - 1-Year (Nominal),2010-10-29,99.731969186211,D,0.26692803963949,2010-10,1,0.0026692803963949004
2000048,DISCBOND,5002,Fama Bliss Discount Bonds - 2-Year (Nominal),2010-10-29,99.37233093804,D,0.3135350977874,2010-10,2,0.0031353509778740004
2000049,DISCBOND,5003,Fama Bliss Discount Bonds - 3-Year (Nominal),2010-10-29,98.473524912631,D,0.51134759596446,2010-10,3,0.0051134759596446
2000050,DISCBOND,5004,Fama Bliss Discount Bonds - 4-Year (Nominal),2010-10-29,96.680036534202,D,0.84235045156535,2010-10,4,0.0084235045156535
2000051,DISCBOND,5005,Fama Bliss Discount Bonds - 5-Year (Nominal),2010-10-29,94.273908749985,D,1.1780233676548,2010-10,5,0.011780233676548
2000047,DISCBOND,5001,Fama Bliss Discount Bonds - 1-Year (Nominal),2010-11-30,99.683256422284,D,0.31724627196769,2010-11,1,0.0031724627196769
2000048,DISCBOND,5002,Fama Bliss Discount Bonds - 2-Year (Nominal),2010-11-30,99.115418736942,D,0.44365071537933,2010-11,2,0.0044365071537933
2000049,DISCBOND,5003,Fama Bliss Discount Bonds - 3-Year (Nominal),2010-11-30,97.874538609791,D,0.71612488015697,2010-11,3,0.0071612488015697
2000050,DISCBOND,5004,Fama Bliss Discount Bonds - 4-Year (Nominal),2010-11-30,95.764630404494,D,1.0826608963126,2010-11,4,0.010826608963126
2000051,DISCBOND,5005,Fama Bliss Discount Bonds - 5-Year (Nominal),2010-11-30,92.869771288553,D,1.4786294026856,2010-11,5,0.014786294026856
2000047,DISCBOND,5001,Fama Bliss Discount Bonds - 1-Year (Nominal),2010-12-31,99.649892788298,D,0.35168505753128,2010-12,1,0.0035168505753127998
2000048,DISCBOND,5002,Fama Bliss Discount Bonds - 2-Year (Nominal),2010-12-31,98.855171903402,D,0.57492827955073,2010-12,2,0.0057492827955073
2000049,DISCBOND,5003,Fama Bliss Discount Bonds - 3-Year (Nominal),2010-12-31,97.017411552005,D,1.0084032265831,2010-12,3,0.010084032265831
2000050,DISCBOND,5004,Fama Bliss Discount Bonds - 4-Year (Nominal),2010-12-31,94.001518853737,D,1.545422671988,2010-12,4,0.015454226719879999
2000051,DISCBOND,5005,Fama Bliss Discount Bonds - 5-Year (Nominal),2010-12-31,90.299802819068,D,2.0395805397333,2010-12,5,0.020395805397333
2000047,DISCBOND,5001,Fama Bliss Discount Bonds - 1-Year (Nominal),2011-01-31,99.689174664229,D,0.31130940104299,2011-01,1,0.0031130940104299
2000048,DISCBOND,5002,Fama Bliss Discount Bonds - 2-Year (Nominal),2011-01-31,98.927488243626,D,0.53841475726688,2011-01,2,0.0053841475726688
2000049,DISCBOND,5003,Fama Bliss Discount Bonds - 3-Year (Nominal),2011-01-31,97.128458491294,D,0.9703062240024,2011-01,3,0.009703062240023999
2000050,DISCBOND,5004,Fama Bliss Discount Bonds - 4-Year (Nominal),2011-01-31,94.39153762251,D,1.4429690171057,2011-01,4,0.014429690171056999
2000051,DISCBOND,5005,Fama Bliss Discount Bonds - 5-Year (Nominal),2011-01-31,90.614293740779,D,1.9722450052155,2011-01,5,0.019722450052155
2000047,DISCBOND,5001,Fama Bliss Discount Bonds - 1-Year (Nominal),2011-02-28,99.687149359793,D,0.31248492508748,2011-02,1,0.0031248492508748
2000048,DISCBOND,5002,Fama Bliss Discount Bonds - 2-Year (Nominal),2011-02-28,98.65878608301,D,0.67422112645952,2011-02,2,0.0067422112645952005
2000049,DISCBOND,5003,Fama Bliss Discount Bonds - 3-Year (Nominal),2011-02-28,96.563692400416,D,1.1645155789572,2011-02,3,0.011645155789571999
2000050,DISCBOND,5004,Fama Bliss Discount Bonds - 4-Year (Nominal),2011-02-28,93.533819639387,D,1.6711776930167,2011-02,4,0.016711776930167
2000051,DISCBOND,5005,Fama Bliss Discount Bonds - 5-Year (Nominal),2011-02-28,89.712614473118,D,2.1687991607302,2011-02,5,0.021687991607302
2000047,DISCBOND,5001,Fama Bliss Discount Bonds - 1-Year (Nominal),2011-03-31,99.70144616921,D,0.29900039177788,2011-03,1,0.0029900039177788
2000048,DISCBOND,5002,Fama Bliss Discount Bonds - 2-Year (Nominal),2011-03-31,98.39162553118,D,0.8129518985905,2011-03,2,0.008129518985905
2000049,DISCBOND,5003,Fama Bliss Discount Bonds - 3-Year (Nominal),2011-03-31,96.144281731874,D,1.3094771198731,2011-03,3,0.013094771198730999
2000050,DISCBOND,5004,Fama Bliss Discount Bonds - 4-Year (Nominal),2011-03-31,92.978921795686,D,1.818688511061,2011-03,4,0.01818688511061
2000051,DISCBOND,5005,Fama Bliss Discount Bonds - 5-Year (Nominal),2011-03-31,89.15726539227,D,2.2928542389208,2011-03,5,0.022928542389208002
2000047,DISCBOND,5001,Fama Bliss Discount Bonds - 1-Year (Nominal),2011-04-29,99.774949938846,D,0.22407586601849,2011-04,1,0.0022407586601849
2000048,DISCBOND,5002,Fama Bliss Discount Bonds - 2-Year (Nominal),2011-04-29,98.817332914678,D,0.59323283146487,2011-04,2,0.0059323283146487
2000049,DISCBOND,5003,Fama Bliss Discount Bonds - 3-Year (Nominal),2011-04-29,96.955128468281,D,1.028851070995,2011-04,3,0.01028851070995
2000050,DISCBOND,5004,Fama Bliss Discount Bonds - 4-Year (Nominal),2011-04-29,94.154351568373,D,1.5038078042882,2011-04,4,0.015038078042882
2000051,DISCBOND,5005,Fama Bliss Discount Bonds - 5-Year (Nominal),2011-04-29,90.470119323623,D,2.0008185661851,2011-04,5,0.020008185661851
2000047,DISCBOND,5001,Fama Bliss Discount Bonds - 1-Year (Nominal),2011-05-31,99.814458766144,D,0.1852061649681,2011-05,1,0.0018520616496809999
2000048,DISCBOND,5002,Fama Bliss Discount Bonds - 2-Year (Nominal),2011-05-31,99.099450248136,D,0.45169584551999,2011-05,2,0.0045169584551999
2000049,DISCBOND,5003,Fama Bliss Discount Bonds - 3-Year (Nominal),2011-05-31,97.640434817781,D,0.79594959699256,2011-05,3,0.0079594959699256
2000050,DISCBOND,5004,Fama Bliss Discount Bonds - 4-Year (Nominal),2011-05-31,95.20265569685,D,1.2299011776069,2011-05,4,0.012299011776069
2000051,DISCBOND,5005,Fama Bliss Discount Bonds - 5-Year (Nominal),2011-05-31,91.754431083503,D,1.71920402737,2011-05,5,0.0171920402737
2000047,DISCBOND,5001,Fama Bliss Discount Bonds - 1-Year (Nominal),2011-06-30,99.811997587763,D,0.1881793585822,2011-06,1,0.001881793585822
2000048,DISCBOND,5002,Fama Bliss Discount Bonds - 2-Year (Nominal),2011-06-30,99.12616537125,D,0.43943944746734,2011-06,2,0.0043943944746734
2000049,DISCBOND,5003,Fama Bliss Discount Bonds - 3-Year (Nominal),2011-06-30,97.566479355411,D,0.82045745000043,2011-06,3,0.008204574500004301
2000050,DISCBOND,5004,Fama Bliss Discount Bonds - 4-Year (Nominal),2011-06-30,94.959027402319,D,1.2922318869091,2011-06,4,0.012922318869091001
2000051,DISCBOND,5005,Fama Bliss Discount Bonds - 5-Year (Nominal),2011-06-30,91.515545178411,D,1.7712855601914,2011-06,5,0.017712855601914
2000047,DISCBOND,5001,Fama Bliss Discount Bonds - 1-Year (Nominal),2011-07-29,99.768894988879,D,0.22948627928724,2011-07,1,0.0022948627928724
2000048,DISCBOND,5002,Fama Bliss Discount Bonds - 2-Year (Nominal),2011-07-29,99.306922028099,D,0.34632222015372,2011-07,2,0.0034632222015372
2000049,DISCBOND,5003,Fama Bliss Discount Bonds - 3-Year (Nominal),2011-07-29,98.34146625785,D,0.55595729325206,2011-07,3,0.0055595729325206
2000050,DISCBOND,5004,Fama Bliss Discount Bonds - 4-Year (Nominal),2011-07-29,96.350358058556,D,0.92757090728975,2011-07,4,0.0092757090728975
2000051,DISCBOND,5005,Fama Bliss Discount Bonds - 5-Year (Nominal),2011-07-29,93.377713222713,D,1.3688495933858,2011-07,5,0.013688495933858
2000047,DISCBOND,5001,Fama Bliss Discount Bonds - 1-Year (Nominal),2011-08-31,99.857375349623,D,0.14233649644874,2011-08,1,0.0014233649644874
2000048,DISCBOND,5002,Fama Bliss Discount Bonds - 2-Year (Nominal),2011-08-31,99.590097468781,D,0.20537246722721,2011-08,2,0.0020537246722721002
2000049,DISCBOND,5003,Fama Bliss Discount Bonds - 3-Year (Nominal),2011-08-31,98.985766466786,D,0.34011456857018,2011-08,3,0.0034011456857018004
2000050,DISCBOND,5004,Fama Bliss Discount Bonds - 4-Year (Nominal),2011-08-31,97.549250753582,D,0.61989541780997,2011-08,4,0.0061989541780997
2000051,DISCBOND,5005,Fama Bliss Discount Bonds - 5-Year (Nominal),2011-08-31,95.214082136927,D,0.97977293869739,2011-08,5,0.0097977293869739
2000047,DISCBOND,5001,Fama Bliss Discount Bonds - 1-Year (Nominal),2011-09-30,99.822558944631,D,0.1780865848249,2011-09,1,0.001780865848249
2000048,DISCBOND,5002,Fama Bliss Discount Bonds - 2-Year (Nominal),2011-09-30,99.477528559877,D,0.26156224377405,2011-09,2,0.0026156224377405003
2000049,DISCBOND,5003,Fama Bliss Discount Bonds - 3-Year (Nominal),2011-09-30,98.733321010848,D,0.42453556776839,2011-09,3,0.0042453556776839005
2000050,DISCBOND,5004,Fama Bliss Discount Bonds - 4-Year (Nominal),2011-09-30,97.375928778811,D,0.66432359079343,2011-09,4,0.0066432359079343
2000051,DISCBOND,5005,Fama Bliss Discount Bonds - 5-Year (Nominal),2011-09-30,95.267842456747,D,0.96849596950519,2011-09,5,0.0096849596950519
2000047,DISCBOND,5001,Fama Bliss Discount Bonds - 1-Year (Nominal),2011-10-31,99.83985258477,D,0.15983787999523,2011-10,1,0.0015983787999523
2000048,DISCBOND,5002,Fama Bliss Discount Bonds - 2-Year (Nominal),2011-10-31,99.499695078389,D,0.25043725433694,2011-10,2,0.0025043725433693998
2000049,DISCBOND,5003,Fama Bliss Discount Bonds - 3-Year (Nominal),2011-10-31,98.785272269431,D,0.40701692636321,2011-10,3,0.0040701692636321
2000050,DISCBOND,5004,Fama Bliss Discount Bonds - 4-Year (Nominal),2011-10-31,97.364900650514,D,0.66761008042496,2011-10,4,0.006676100804249599
2000051,DISCBOND,5005,Fama Bliss Discount Bonds - 5-Year (Nominal),2011-10-31,95.175544876456,D,0.98786057979503,2011-10,5,0.0098786057979503
2000047,DISCBOND,5001,Fama Bliss Discount Bonds - 1-Year (Nominal),2011-11-30,99.824138517161,D,0.17553538589787,2011-11,1,0.0017553538589786999
2000048,DISCBOND,5002,Fama Bliss Discount Bonds - 2-Year (Nominal),2011-11-30,99.469898915373,D,0.26575555282916,2011-11,2,0.0026575555282916004
2000049,DISCBOND,5003,Fama Bliss Discount Bonds - 3-Year (Nominal),2011-11-30,98.7593752934,D,0.41650859114272,2011-11,3,0.0041650859114272
2000050,DISCBOND,5004,Fama Bliss Discount Bonds - 4-Year (Nominal),2011-11-30,97.338211580079,D,0.67400223661978,2011-11,4,0.0067400223661977995
2000051,DISCBOND,5005,Fama Bliss Discount Bonds - 5-Year (Nominal),2011-11-30,95.239700837066,D,0.974398268763,2011-11,5,0.00974398268763
2000047,DISCBOND,5001,Fama Bliss Discount Bonds - 1-Year (Nominal),2011-12-30,99.83428275818,D,0.16495086407951,2011-12,1,0.0016495086407951002
2000048,DISCBOND,5002,Fama Bliss Discount Bonds - 2-Year (Nominal),2011-12-30,99.519526970521,D,0.24015754561773,2011-12,2,0.0024015754561773
2000049,DISCBOND,5003,Fama Bliss Discount Bonds - 3-Year (Nominal),2011-12-30,98.828893285605,D,0.39195682344489,2011-12,3,0.0039195682344489
2000050,DISCBOND,5004,Fama Bliss Discount Bonds - 4-Year (Nominal),2011-12-30,97.692872741427,D,0.58274122717278,2011-12,4,0.0058274122717278
2000051,DISCBOND,5005,Fama Bliss Discount Bonds - 5-Year (Nominal),2011-12-30,95.780855670487,D,0.8612033565845,2011-12,5,0.008612033565845
2000047,DISCBOND,5001,Fama Bliss Discount Bonds - 1-Year (Nominal),2012-01-31,99.847385760743,D,0.15231351963556,2012-01,1,0.0015231351963556
2000048,DISCBOND,5002,Fama Bliss Discount Bonds - 2-Year (Nominal),2012-01-31,99.555225166203,D,0.2225785484129,2012-01,2,0.002225785484129
2000049,DISCBOND,5003,Fama Bliss Discount Bonds - 3-Year (Nominal),2012-01-31,99.089131352331,D,0.3050141492659,2012-01,3,0.0030501414926589997
2000050,DISCBOND,5004,Fama Bliss Discount Bonds - 4-Year (Nominal),2012-01-31,98.06773282156,D,0.48812923096294,2012-01,4,0.0048812923096294
2000051,DISCBOND,5005,Fama Bliss Discount Bonds - 5-Year (Nominal),2012-01-31,96.435549281328,D,0.72511102927854,2012-01,5,0.0072511102927854
2000047,DISCBOND,5001,Fama Bliss Discount Bonds - 1-Year (Nominal),2012-02-29,99.795274954169,D,0.20493489400986,2012-02,1,0.0020493489400986
2000048,DISCBOND,5002,Fama Bliss Discount Bonds - 2-Year (Nominal),2012-02-29,99.389534360757,D,0.306168299495,2012-02,2,0.00306168299495
2000049,DISCBOND,5003,Fama Bliss Discount Bonds - 3-Year (Nominal),2012-02-29,98.651046859201,D,0.4531251858565,2012-02,3,0.004531251858565
2000050,DISCBOND,5004,Fama Bliss Discount Bonds - 4-Year (Nominal),2012-02-29,97.468535666089,D,0.64057554369336,2012-02,4,0.0064057554369336
2000051,DISCBOND,5005,Fama Bliss Discount Bonds - 5-Year (Nominal),2012-02-29,95.697847472362,D,0.8790059293012,2012-02,5,0.008790059293012
2000047,DISCBOND,5001,Fama Bliss Discount Bonds - 1-Year (Nominal),2012-03-30,99.829770900055,D,0.1713128503041,2012-03,1,0.001713128503041
2000048,DISCBOND,5002,Fama Bliss Discount Bonds - 2-Year (Nominal),2012-03-30,99.3247686513,D,0.33829725503599,2012-03,2,0.0033829725503599
2000049,DISCBOND,5003,Fama Bliss Discount Bonds - 3-Year (Nominal),2012-03-30,98.388053274987,D,0.54119907979266,2012-03,3,0.0054119907979266
2000050,DISCBOND,5004,Fama Bliss Discount Bonds - 4-Year (Nominal),2012-03-30,96.900374491802,D,0.7860932215791,2012-03,4,0.007860932215791
2000051,DISCBOND,5005,Fama Bliss Discount Bonds - 5-Year (Nominal),2012-03-30,94.811211602159,D,1.0644837912077,2012-03,5,0.010644837912077001
2000047,DISCBOND,5001,Fama Bliss Discount Bonds - 1-Year (Nominal),2012-04-30,99.817836468653,D,0.18232965087851,2012-04,1,0.0018232965087851
2000048,DISCBOND,5002,Fama Bliss Discount Bonds - 2-Year (Nominal),2012-04-30,99.45931837509,D,0.27107429908327,2012-04,2,0.0027107429908327
2000049,DISCBOND,5003,Fama Bliss Discount Bonds - 3-Year (Nominal),2012-04-30,98.794006679599,D,0.40444148578315,2012-04,3,0.0040444148578315
2000050,DISCBOND,5004,Fama Bliss Discount Bonds - 4-Year (Nominal),2012-04-30,97.573052442938,D,0.61422081778272,2012-04,4,0.0061422081778272
2000051,DISCBOND,5005,Fama Bliss Discount Bonds - 5-Year (Nominal),2012-04-30,95.936933095986,D,0.83003794764982,2012-04,5,0.0083003794764982
2000047,DISCBOND,5001,Fama Bliss Discount Bonds - 1-Year (Nominal),2012-05-31,99.81937110735,D,0.1807922233453,2012-05,1,0.0018079222334530002
2000048,DISCBOND,5002,Fama Bliss Discount Bonds - 2-Year (Nominal),2012-05-31,99.442865313808,D,0.27972942584068,2012-05,2,0.0027972942584068
2000049,DISCBOND,5003,Fama Bliss Discount Bonds - 3-Year (Nominal),2012-05-31,98.880955369458,D,0.37580408321418,2012-05,3,0.0037580408321418
2000050,DISCBOND,5004,Fama Bliss Discount Bonds - 4-Year (Nominal),2012-05-31,97.885776637766,D,0.53385764627311,2012-05,4,0.0053385764627311
2000051,DISCBOND,5005,Fama Bliss Discount Bonds - 5-Year (Nominal),2012-05-31,96.684098030685,D,0.67405550235936,2012-05,5,0.0067405550235936
2000047,DISCBOND,5001,Fama Bliss Discount Bonds - 1-Year (Nominal),2012-06-29,99.792224875436,D,0.20856269040489,2012-06,1,0.0020856269040489
2000048,DISCBOND,5002,Fama Bliss Discount Bonds - 2-Year (Nominal),2012-06-29,99.381204125346,D,0.30993460854681,2012-06,2,0.0030993460854681
2000049,DISCBOND,5003,Fama Bliss Discount Bonds - 3-Year (Nominal),2012-06-29,98.711671049,D,0.43183893834944,2012-06,3,0.0043183893834944
2000050,DISCBOND,5004,Fama Bliss Discount Bonds - 4-Year (Nominal),2012-06-29,97.662786722667,D,0.59043101251653,2012-06,4,0.005904310125165299
2000051,DISCBOND,5005,Fama Bliss Discount Bonds - 5-Year (Nominal),2012-06-29,96.372725308502,D,0.73813022191343,2012-06,5,0.0073813022191343
2000047,DISCBOND,5001,Fama Bliss Discount Bonds - 1-Year (Nominal),2012-07-31,99.831586855849,D,0.16855511851192,2012-07,1,0.0016855511851192001
2000048,DISCBOND,5002,Fama Bliss Discount Bonds - 2-Year (Nominal),2012-07-31,99.563306648529,D,0.21882482097047,2012-07,2,0.0021882482097047
2000049,DISCBOND,5003,Fama Bliss Discount Bonds - 3-Year (Nominal),2012-07-31,99.134829681717,D,0.28964489006402,2012-07,3,0.0028964489006402
2000050,DISCBOND,5004,Fama Bliss Discount Bonds - 4-Year (Nominal),2012-07-31,98.279706158227,D,0.43411306502159,2012-07,4,0.0043411306502159006
2000051,DISCBOND,5005,Fama Bliss Discount Bonds - 5-Year (Nominal),2012-07-31,97.05730698209,D,0.5970445991522,2012-07,5,0.0059704459915219995
2000047,DISCBOND,5001,Fama Bliss Discount Bonds - 1-Year (Nominal),2012-08-31,99.803270807665,D,0.19746396429138,2012-08,1,0.0019746396429138
2000048,DISCBOND,5002,Fama Bliss Discount Bonds - 2-Year (Nominal),2012-08-31,99.526967702336,D,0.23772863996526,2012-08,2,0.0023772863996526002
2000049,DISCBOND,5003,Fama Bliss Discount Bonds - 3-Year (Nominal),2012-08-31,99.110105992628,D,0.29795907973693,2012-08,3,0.0029795907973692998
2000050,DISCBOND,5004,Fama Bliss Discount Bonds - 4-Year (Nominal),2012-08-31,98.301579838382,D,0.42795907109407,2012-08,4,0.0042795907109407
2000051,DISCBOND,5005,Fama Bliss Discount Bonds - 5-Year (Nominal),2012-08-31,97.042206794188,D,0.60015473943205,2012-08,5,0.0060015473943205
2000047,DISCBOND,5001,Fama Bliss Discount Bonds - 1-Year (Nominal),2012-09-28,99.800044420464,D,0.19906499016554,2012-09,1,0.0019906499016554
2000048,DISCBOND,5002,Fama Bliss Discount Bonds - 2-Year (Nominal),2012-09-28,99.527942419644,D,0.23594123665493,2012-09,2,0.0023594123665493
2000049,DISCBOND,5003,Fama Bliss Discount Bonds - 3-Year (Nominal),2012-09-28,99.02983740559,D,0.32437397934484,2012-09,3,0.0032437397934484
2000050,DISCBOND,5004,Fama Bliss Discount Bonds - 4-Year (Nominal),2012-09-28,98.146292819149,D,0.46681670229715,2012-09,4,0.0046681670229715
2000051,DISCBOND,5005,Fama Bliss Discount Bonds - 5-Year (Nominal),2012-09-28,96.892332809944,D,0.63070471140482,2012-09,5,0.0063070471140482
2000047,DISCBOND,5001,Fama Bliss Discount Bonds - 1-Year (Nominal),2012-10-31,99.781534443697,D,0.21870454042854,2012-10,1,0.0021870454042854
2000048,DISCBOND,5002,Fama Bliss Discount Bonds - 2-Year (Nominal),2012-10-31,99.41843357149,D,0.29163205568292,2012-10,2,0.0029163205568292
2000049,DISCBOND,5003,Fama Bliss Discount Bonds - 3-Year (Nominal),2012-10-31,98.865309030326,D,0.38074026094535,2012-10,3,0.0038074026094535003
2000050,DISCBOND,5004,Fama Bliss Discount Bonds - 4-Year (Nominal),2012-10-31,97.812866009177,D,0.55247318903161,2012-10,4,0.0055247318903161
2000051,DISCBOND,5005,Fama Bliss Discount Bonds - 5-Year (Nominal),2012-10-31,96.399471525551,D,0.732987669062,2012-10,5,0.0073298766906199995
2000047,DISCBOND,5001,Fama Bliss Discount Bonds - 1-Year (Nominal),2012-11-30,99.790224723958,D,0.21057253294608,2012-11,1,0.0021057253294608
2000048,DISCBOND,5002,Fama Bliss Discount Bonds - 2-Year (Nominal),2012-11-30,99.478405635676,D,0.26219807073679,2012-11,2,0.0026219807073679002
2000049,DISCBOND,5003,Fama Bliss Discount Bonds - 3-Year (Nominal),2012-11-30,98.961753080781,D,0.3478914442512,2012-11,3,0.003478914442512
2000050,DISCBOND,5004,Fama Bliss Discount Bonds - 4-Year (Nominal),2012-11-30,98.142683697751,D,0.46837445851886,2012-11,4,0.0046837445851886
2000051,DISCBOND,5005,Fama Bliss Discount Bonds - 5-Year (Nominal),2012-11-30,96.923868393217,D,0.62454531480001,2012-11,5,0.0062454531480001
2000047,DISCBOND,5001,Fama Bliss Discount Bonds - 1-Year (Nominal),2012-12-31,99.803795236799,D,0.19639749688993,2012-12,1,0.0019639749688993
2000048,DISCBOND,5002,Fama Bliss Discount Bonds - 2-Year (Nominal),2012-12-31,99.495852901135,D,0.25271110388676,2012-12,2,0.0025271110388676
2000049,DISCBOND,5003,Fama Bliss Discount Bonds - 3-Year (Nominal),2012-12-31,98.898908274803,D,0.36906621425821,2012-12,3,0.0036906621425821
2000050,DISCBOND,5004,Fama Bliss Discount Bonds - 4-Year (Nominal),2012-12-31,97.855874148133,D,0.54186154437036,2012-12,4,0.005418615443703601
2000051,DISCBOND,5005,Fama Bliss Discount Bonds - 5-Year (Nominal),2012-12-31,96.442110752926,D,0.72494214064535,2012-12,5,0.0072494214064535
2000047,DISCBOND,5001,Fama Bliss Discount Bonds - 1-Year (Nominal),2013-01-31,99.857562733916,D,0.14253880438849,2013-01,1,0.0014253880438849001
2000048,DISCBOND,5002,Fama Bliss Discount Bonds - 2-Year (Nominal),2013-01-31,99.464559971636,D,0.26880755234041,2013-01,2,0.0026880755234041
2000049,DISCBOND,5003,Fama Bliss Discount Bonds - 3-Year (Nominal),2013-01-31,98.741583128819,D,0.4229064339024,2013-01,3,0.004229064339024
2000050,DISCBOND,5004,Fama Bliss Discount Bonds - 4-Year (Nominal),2013-01-31,97.4237115553,D,0.65206738926389,2013-01,4,0.0065206738926389
2000051,DISCBOND,5005,Fama Bliss Discount Bonds - 5-Year (Nominal),2013-01-31,95.663410571375,D,0.88620028857785,2013-01,5,0.0088620028857785
2000047,DISCBOND,5001,Fama Bliss Discount Bonds - 1-Year (Nominal),2013-02-28,99.839819637879,D,0.16030878802329,2013-02,1,0.0016030878802328998
2000048,DISCBOND,5002,Fama Bliss Discount Bonds - 2-Year (Nominal),2013-02-28,99.509486523792,D,0.24619747765032,2013-02,2,0.0024619747765032
2000049,DISCBOND,5003,Fama Bliss Discount Bonds - 3-Year (Nominal),2013-02-28,98.936043118957,D,0.35622715023029,2013-02,3,0.0035622715023029
2000050,DISCBOND,5004,Fama Bliss Discount Bonds - 4-Year (Nominal),2013-02-28,97.79474060814,D,0.55710312026227,2013-02,4,0.0055710312026227005
2000051,DISCBOND,5005,Fama Bliss Discount Bonds - 5-Year (Nominal),2013-02-28,96.237434289673,D,0.76661539564443,2013-02,5,0.007666153956444301
2000047,DISCBOND,5001,Fama Bliss Discount Bonds - 1-Year (Nominal),2013-03-28,99.86787658727,D,0.13113296574345,2013-03,1,0.0013113296574344998
2000048,DISCBOND,5002,Fama Bliss Discount Bonds - 2-Year (Nominal),2013-03-28,99.504487518171,D,0.24735558209831,2013-03,2,0.0024735558209830998
2000049,DISCBOND,5003,Fama Bliss Discount Bonds - 3-Year (Nominal),2013-03-28,98.908370919664,D,0.36454536332502,2013-03,3,0.0036454536332502004
2000050,DISCBOND,5004,Fama Bliss Discount Bonds - 4-Year (Nominal),2013-03-28,97.770505020471,D,0.56214087834752,2013-03,4,0.0056214087834752
2000051,DISCBOND,5005,Fama Bliss Discount Bonds - 5-Year (Nominal),2013-03-28,96.225394097652,D,0.76869541262162,2013-03,5,0.0076869541262162
2000047,DISCBOND,5001,Fama Bliss Discount Bonds - 1-Year (Nominal),2013-04-30,99.893708829486,D,0.10634769963962,2013-04,1,0.0010634769963962
2000048,DISCBOND,5002,Fama Bliss Discount Bonds - 2-Year (Nominal),2013-04-30,99.562401791577,D,0.21927923590231,2013-04,2,0.0021927923590231
2000049,DISCBOND,5003,Fama Bliss Discount Bonds - 3-Year (Nominal),2013-04-30,99.035711579325,D,0.32298927212351,2013-04,3,0.0032298927212350997
2000050,DISCBOND,5004,Fama Bliss Discount Bonds - 4-Year (Nominal),2013-04-30,98.098640512821,D,0.48024590295594,2013-04,4,0.0048024590295594
2000051,DISCBOND,5005,Fama Bliss Discount Bonds - 5-Year (Nominal),2013-04-30,96.661713441121,D,0.6786839615873,2013-04,5,0.006786839615873
2000047,DISCBOND,5001,Fama Bliss Discount Bonds - 1-Year (Nominal),2013-05-31,99.866354849555,D,0.13410194375016,2013-05,1,0.0013410194375016
2000048,DISCBOND,5002,Fama Bliss Discount Bonds - 2-Year (Nominal),2013-05-31,99.387998042266,D,0.30778444154408,2013-05,2,0.0030778444154408004
2000049,DISCBOND,5003,Fama Bliss Discount Bonds - 3-Year (Nominal),2013-05-31,98.457768982364,D,0.51760968612775,2013-05,3,0.0051760968612775005
2000050,DISCBOND,5004,Fama Bliss Discount Bonds - 4-Year (Nominal),2013-05-31,96.975404882901,D,0.76729441182156,2013-05,4,0.0076729441182156
2000051,DISCBOND,5005,Fama Bliss Discount Bonds - 5-Year (Nominal),2013-05-31,94.99505296387,D,1.0263449823115,2013-05,5,0.010263449823115
2000047,DISCBOND,5001,Fama Bliss Discount Bonds - 1-Year (Nominal),2013-06-28,99.843879465394,D,0.15539107149538,2013-06,1,0.0015539107149538
2000048,DISCBOND,5002,Fama Bliss Discount Bonds - 2-Year (Nominal),2013-06-28,99.271822389103,D,0.36442247330074,2013-06,2,0.0036442247330074
2000049,DISCBOND,5003,Fama Bliss Discount Bonds - 3-Year (Nominal),2013-06-28,97.936788333247,D,0.69303235783101,2013-06,3,0.0069303235783101
2000050,DISCBOND,5004,Fama Bliss Discount Bonds - 4-Year (Nominal),2013-06-28,95.787249270217,D,1.0738087277431,2013-06,4,0.010738087277431
2000051,DISCBOND,5005,Fama Bliss Discount Bonds - 5-Year (Nominal),2013-06-28,93.178072161537,D,1.4116084046529,2013-06,5,0.014116084046529
2000047,DISCBOND,5001,Fama Bliss Discount Bonds - 1-Year (Nominal),2013-07-31,99.8470932604,D,0.15302376125992,2013-07,1,0.0015302376125992001
2000048,DISCBOND,5002,Fama Bliss Discount Bonds - 2-Year (Nominal),2013-07-31,99.367084400874,D,0.31746350069054,2013-07,2,0.0031746350069054
2000049,DISCBOND,5003,Fama Bliss Discount Bonds - 3-Year (Nominal),2013-07-31,98.156755213482,D,0.62071491273226,2013-07,3,0.0062071491273226
2000050,DISCBOND,5004,Fama Bliss Discount Bonds - 4-Year (Nominal),2013-07-31,95.969545978886,D,1.0277779216073,2013-07,4,0.010277779216073
2000051,DISCBOND,5005,Fama Bliss Discount Bonds - 5-Year (Nominal),2013-07-31,93.229633522201,D,1.4013232782655,2013-07,5,0.014013232782655
2000047,DISCBOND,5001,Fama Bliss Discount Bonds - 1-Year (Nominal),2013-08-30,99.840623774683,D,0.15994156748707,2013-08,1,0.0015994156748707
2000048,DISCBOND,5002,Fama Bliss Discount Bonds - 2-Year (Nominal),2013-08-30,99.18002361325,D,0.41111517182508,2013-08,2,0.0041111517182508
2000049,DISCBOND,5003,Fama Bliss Discount Bonds - 3-Year (Nominal),2013-08-30,97.563777539128,D,0.82063090251177,2013-08,3,0.0082063090251177
2000050,DISCBOND,5004,Fama Bliss Discount Bonds - 4-Year (Nominal),2013-08-30,94.955452463198,D,1.2922878914529,2013-08,4,0.012922878914529
2000051,DISCBOND,5005,Fama Bliss Discount Bonds - 5-Year (Nominal),2013-08-30,92.014043602965,D,1.662757241297,2013-08,5,0.01662757241297
2000047,DISCBOND,5001,Fama Bliss Discount Bonds - 1-Year (Nominal),2013-09-30,99.879831693996,D,0.1202405660074,2013-09,1,0.001202405660074
2000048,DISCBOND,5002,Fama Bliss Discount Bonds - 2-Year (Nominal),2013-09-30,99.36149428356,D,0.3202764415129,2013-09,2,0.003202764415129
2000049,DISCBOND,5003,Fama Bliss Discount Bonds - 3-Year (Nominal),2013-09-30,98.072577831384,D,0.64815448113574,2013-09,3,0.0064815448113574
2000050,DISCBOND,5004,Fama Bliss Discount Bonds - 4-Year (Nominal),2013-09-30,95.865985945504,D,1.0554737385515,2013-09,4,0.010554737385515
2000051,DISCBOND,5005,Fama Bliss Discount Bonds - 5-Year (Nominal),2013-09-30,93.278268867683,D,1.3924233882687,2013-09,5,0.013924233882687001
2000047,DISCBOND,5001,Fama Bliss Discount Bonds - 1-Year (Nominal),2013-10-31,99.870368838711,D,0.12971525516192,2013-10,1,0.0012971525516192002
2000048,DISCBOND,5002,Fama Bliss Discount Bonds - 2-Year (Nominal),2013-10-31,99.392601745266,D,0.30504307786251,2013-10,2,0.0030504307786251
2000049,DISCBOND,5003,Fama Bliss Discount Bonds - 3-Year (Nominal),2013-10-31,98.18211754218,D,0.61097837471855,2013-10,3,0.0061097837471855
2000050,DISCBOND,5004,Fama Bliss Discount Bonds - 4-Year (Nominal),2013-10-31,96.074391873091,D,1.000499230843,2013-10,4,0.010004992308430001
2000051,DISCBOND,5005,Fama Bliss Discount Bonds - 5-Year (Nominal),2013-10-31,93.529187075796,D,1.3371999879798,2013-10,5,0.013371999879798
2000047,DISCBOND,5001,Fama Bliss Discount Bonds - 1-Year (Nominal),2013-11-29,99.835284939887,D,0.16530375884818,2013-11,1,0.0016530375884818
2000048,DISCBOND,5002,Fama Bliss Discount Bonds - 2-Year (Nominal),2013-11-29,99.422712171613,D,0.2890842826543,2013-11,2,0.0028908428265429996
2000049,DISCBOND,5003,Fama Bliss Discount Bonds - 3-Year (Nominal),2013-11-29,98.264814020112,D,0.58240849755935,2013-11,3,0.005824084975593499
2000050,DISCBOND,5004,Fama Bliss Discount Bonds - 4-Year (Nominal),2013-11-29,96.044698984892,D,1.0075320334918,2013-11,4,0.010075320334918002
2000051,DISCBOND,5005,Fama Bliss Discount Bonds - 5-Year (Nominal),2013-11-29,93.350571411904,D,1.374657411723,2013-11,5,0.01374657411723
2000047,DISCBOND,5001,Fama Bliss Discount Bonds - 1-Year (Nominal),2013-12-31,99.831603653985,D,0.16853829203879,2013-12,1,0.0016853829203879
2000048,DISCBOND,5002,Fama Bliss Discount Bonds - 2-Year (Nominal),2013-12-31,99.218978964106,D,0.39204348969797,2013-12,2,0.0039204348969797
2000049,DISCBOND,5003,Fama Bliss Discount Bonds - 3-Year (Nominal),2013-12-31,97.616712536197,D,0.80404909816463,2013-12,3,0.0080404909816463
2000050,DISCBOND,5004,Fama Bliss Discount Bonds - 4-Year (Nominal),2013-12-31,94.851610047727,D,1.3223186439243,2013-12,4,0.013223186439243
2000051,DISCBOND,5005,Fama Bliss Discount Bonds - 5-Year (Nominal),2013-12-31,91.598658319847,D,1.7541100189347,2013-12,5,0.017541100189347
2000047,DISCBOND,5001,Fama Bliss Discount Bonds - 1-Year (Nominal),2014-01-31,99.904961768953,D,0.095344643432196,2014-01,1,0.00095344643432196
2000048,DISCBOND,5002,Fama Bliss Discount Bonds - 2-Year (Nominal),2014-01-31,99.340533286745,D,0.33173427698142,2014-01,2,0.0033173427698142
2000049,DISCBOND,5003,Fama Bliss Discount Bonds - 3-Year (Nominal),2014-01-31,97.871014317425,D,0.71667069120878,2014-01,3,0.0071667069120878
2000050,DISCBOND,5004,Fama Bliss Discount Bonds - 4-Year (Nominal),2014-01-31,95.53811372302,D,1.1403420081707,2014-01,4,0.011403420081707001
2000051,DISCBOND,5005,Fama Bliss Discount Bonds - 5-Year (Nominal),2014-01-31,92.736164754119,D,1.5074072288871,2014-01,5,0.015074072288871001
2000047,DISCBOND,5001,Fama Bliss Discount Bonds - 1-Year (Nominal),2014-02-28,99.882228571063,D,0.11816457778635,2014-02,1,0.0011816457778635
2000048,DISCBOND,5002,Fama Bliss Discount Bonds - 2-Year (Nominal),2014-02-28,99.361865309238,D,0.31965185855707,2014-02,2,0.0031965185855707
2000049,DISCBOND,5003,Fama Bliss Discount Bonds - 3-Year (Nominal),2014-02-28,97.882926037721,D,0.71261769405876,2014-02,3,0.0071261769405876
2000050,DISCBOND,5004,Fama Bliss Discount Bonds - 4-Year (Nominal),2014-02-28,95.512571822584,D,1.1470220204967,2014-02,4,0.011470220204967001
2000051,DISCBOND,5005,Fama Bliss Discount Bonds - 5-Year (Nominal),2014-02-28,92.653177496114,D,1.5253029314777,2014-02,5,0.015253029314777001
2000047,DISCBOND,5001,Fama Bliss Discount Bonds - 1-Year (Nominal),2014-03-31,99.874104527258,D,0.12597478766886,2014-03,1,0.0012597478766886
2000048,DISCBOND,5002,Fama Bliss Discount Bonds - 2-Year (Nominal),2014-03-31,99.160732663623,D,0.42082803180232,2014-03,2,0.0042082803180232
2000049,DISCBOND,5003,Fama Bliss Discount Bonds - 3-Year (Nominal),2014-03-31,97.330874579807,D,0.9009750240587,2014-03,3,0.009009750240587
2000050,DISCBOND,5004,Fama Bliss Discount Bonds - 4-Year (Nominal),2014-03-31,94.677459392761,D,1.3682931418436,2014-03,4,0.013682931418436
2000051,DISCBOND,5005,Fama Bliss Discount Bonds - 5-Year (Nominal),2014-03-31,91.672620894975,D,1.7398818079865,2014-03,5,0.017398818079865
2000047,DISCBOND,5001,Fama Bliss Discount Bonds - 1-Year (Nominal),2014-04-30,99.898610480182,D,0.10144095376035,2014-04,1,0.0010144095376035
2000048,DISCBOND,5002,Fama Bliss Discount Bonds - 2-Year (Nominal),2014-04-30,99.179381121038,D,0.41200224519242,2014-04,2,0.0041200224519242
2000049,DISCBOND,5003,Fama Bliss Discount Bonds - 3-Year (Nominal),2014-04-30,97.415540237721,D,0.87361236405708,2014-04,3,0.0087361236405708
2000050,DISCBOND,5004,Fama Bliss Discount Bonds - 4-Year (Nominal),2014-04-30,94.801738775733,D,1.3336474574455,2014-04,4,0.013336474574455
2000051,DISCBOND,5005,Fama Bliss Discount Bonds - 5-Year (Nominal),2014-04-30,91.886263615863,D,1.691445901685,2014-04,5,0.01691445901685
2000047,DISCBOND,5001,Fama Bliss Discount Bonds - 1-Year (Nominal),2014-05-30,99.902336053228,D,0.097980112081982,2014-05,1,0.00097980112081982
2000048,DISCBOND,5002,Fama Bliss Discount Bonds - 2-Year (Nominal),2014-05-30,99.257355923489,D,0.37168938501297,2014-05,2,0.0037168938501297
2000049,DISCBOND,5003,Fama Bliss Discount Bonds - 3-Year (Nominal),2014-05-30,97.598538056681,D,0.80877849684257,2014-05,3,0.0080877849684257
2000050,DISCBOND,5004,Fama Bliss Discount Bonds - 4-Year (Nominal),2014-05-30,95.24250698853,D,1.2169290239914,2014-05,4,0.012169290239914
2000051,DISCBOND,5005,Fama Bliss Discount Bonds - 5-Year (Nominal),2014-05-30,92.511001447822,D,1.5551479949294,2014-05,5,0.015551479949294001
2000047,DISCBOND,5001,Fama Bliss Discount Bonds - 1-Year (Nominal),2014-06-30,99.882506742491,D,0.11756233495026,2014-06,1,0.0011756233495026
2000048,DISCBOND,5002,Fama Bliss Discount Bonds - 2-Year (Nominal),2014-06-30,99.086789743851,D,0.45807529189691,2014-06,2,0.0045807529189691
2000049,DISCBOND,5003,Fama Bliss Discount Bonds - 3-Year (Nominal),2014-06-30,97.34757619574,D,0.89526085696863,2014-06,3,0.0089526085696863
2000050,DISCBOND,5004,Fama Bliss Discount Bonds - 4-Year (Nominal),2014-06-30,94.868850385579,D,1.3168692610848,2014-06,4,0.013168692610848
2000051,DISCBOND,5005,Fama Bliss Discount Bonds - 5-Year (Nominal),2014-06-30,92.085327302292,D,1.6499954410269,2014-06,5,0.016499954410269
2000047,DISCBOND,5001,Fama Bliss Discount Bonds - 1-Year (Nominal),2014-07-31,99.856333210285,D,0.14377008939754,2014-07,1,0.0014377008939753999
2000048,DISCBOND,5002,Fama Bliss Discount Bonds - 2-Year (Nominal),2014-07-31,98.945759001082,D,0.53064565529475,2014-07,2,0.0053064565529475005
2000049,DISCBOND,5003,Fama Bliss Discount Bonds - 3-Year (Nominal),2014-07-31,96.928860757652,D,1.0388137138139,2014-07,3,0.010388137138138999
2000050,DISCBOND,5004,Fama Bliss Discount Bonds - 4-Year (Nominal),2014-07-31,94.157508585196,D,1.5039994663996,2014-07,4,0.015039994663996
2000051,DISCBOND,5005,Fama Bliss Discount Bonds - 5-Year (Nominal),2014-07-31,91.496973728342,D,1.7763123861842,2014-07,5,0.017763123861842
2000047,DISCBOND,5001,Fama Bliss Discount Bonds - 1-Year (Nominal),2014-08-29,99.884821579504,D,0.11461676454161,2014-08,1,0.0011461676454161
2000048,DISCBOND,5002,Fama Bliss Discount Bonds - 2-Year (Nominal),2014-08-29,98.975249021668,D,0.51291100475828,2014-08,2,0.0051291100475828
2000049,DISCBOND,5003,Fama Bliss Discount Bonds - 3-Year (Nominal),2014-08-29,97.103393896048,D,0.97711824768431,2014-08,3,0.0097711824768431
2000050,DISCBOND,5004,Fama Bliss Discount Bonds - 4-Year (Nominal),2014-08-29,94.556872612266,D,1.3963484424561,2014-08,4,0.013963484424561
2000051,DISCBOND,5005,Fama Bliss Discount Bonds - 5-Year (Nominal),2014-08-29,92.067825542177,D,1.6510835080912,2014-08,5,0.016510835080912
2000047,DISCBOND,5001,Fama Bliss Discount Bonds - 1-Year (Nominal),2014-09-30,99.865838441458,D,0.13425163573605,2014-09,1,0.0013425163573605001
2000048,DISCBOND,5002,Fama Bliss Discount Bonds - 2-Year (Nominal),2014-09-30,98.827679100301,D,0.58881678498419,2014-09,2,0.0058881678498419
2000049,DISCBOND,5003,Fama Bliss Discount Bonds - 3-Year (Nominal),2014-09-30,96.764715287462,D,1.0962590209772,2014-09,3,0.010962590209772001
2000050,DISCBOND,5004,Fama Bliss Discount Bonds - 4-Year (Nominal),2014-09-30,94.096135533351,D,1.5223729984388,2014-09,4,0.015223729984388
2000051,DISCBOND,5005,Fama Bliss Discount Bonds - 5-Year (Nominal),2014-09-30,91.474217741246,D,1.7812844310386,2014-09,5,0.017812844310386
2000047,DISCBOND,5001,Fama Bliss Discount Bonds - 1-Year (Nominal),2014-10-31,99.868650524741,D,0.1317969075507,2014-10,1,0.001317969075507
2000048,DISCBOND,5002,Fama Bliss Discount Bonds - 2-Year (Nominal),2014-10-31,98.98421378559,D,0.50979192032683,2014-10,2,0.0050979192032683
2000049,DISCBOND,5003,Fama Bliss Discount Bonds - 3-Year (Nominal),2014-10-31,97.129885020938,D,0.96981710622995,2014-10,3,0.009698171062299499
2000050,DISCBOND,5004,Fama Bliss Discount Bonds - 4-Year (Nominal),2014-10-31,94.642298351045,D,1.375699806334,2014-10,4,0.01375699806334
2000051,DISCBOND,5005,Fama Bliss Discount Bonds - 5-Year (Nominal),2014-10-31,92.169348309466,D,1.6299579905726,2014-10,5,0.016299579905726
2000047,DISCBOND,5001,Fama Bliss Discount Bonds - 1-Year (Nominal),2014-11-28,99.828459139036,D,0.17075253016585,2014-11,1,0.0017075253016585001
2000048,DISCBOND,5002,Fama Bliss Discount Bonds - 2-Year (Nominal),2014-11-28,99.041933069623,D,0.47937294082333,2014-11,2,0.0047937294082333
2000049,DISCBOND,5003,Fama Bliss Discount Bonds - 3-Year (Nominal),2014-11-28,97.335797493462,D,0.89765253844149,2014-11,3,0.0089765253844149
2000050,DISCBOND,5004,Fama Bliss Discount Bonds - 4-Year (Nominal),2014-11-28,95.080982407439,D,1.2584444362938,2014-11,4,0.012584444362938001
2000051,DISCBOND,5005,Fama Bliss Discount Bonds - 5-Year (Nominal),2014-11-28,92.792832892066,D,1.4943779322386,2014-11,5,0.014943779322385999
2000047,DISCBOND,5001,Fama Bliss Discount Bonds - 1-Year (Nominal),2014-12-31,99.739980633164,D,0.26035800433447,2014-12,1,0.0026035800433446997
2000048,DISCBOND,5002,Fama Bliss Discount Bonds - 2-Year (Nominal),2014-12-31,98.641153310683,D,0.68408175403492,2014-12,2,0.0068408175403492
2000049,DISCBOND,5003,Fama Bliss Discount Bonds - 3-Year (Nominal),2014-12-31,96.729800203088,D,1.1093016606495,2014-12,3,0.011093016606495
2000050,DISCBOND,5004,Fama Bliss Discount Bonds - 4-Year (Nominal),2014-12-31,94.269402418342,D,1.4743282105627,2014-12,4,0.014743282105627
2000051,DISCBOND,5005,Fama Bliss Discount Bonds - 5-Year (Nominal),2014-12-31,92.052902866897,D,1.6552278334505,2014-12,5,0.016552278334505
2000047,DISCBOND,5001,Fama Bliss Discount Bonds - 1-Year (Nominal),2015-01-30,99.838763308406,D,0.1618101404618,2015-01,1,0.001618101404618
2000048,DISCBOND,5002,Fama Bliss Discount Bonds - 2-Year (Nominal),2015-01-30,99.087551785768,D,0.45706603483143,2015-01,2,0.0045706603483143
2000049,DISCBOND,5003,Fama Bliss Discount Bonds - 3-Year (Nominal),2015-01-30,97.706210470548,D,0.77209185819448,2015-01,3,0.0077209185819448
2000050,DISCBOND,5004,Fama Bliss Discount Bonds - 4-Year (Nominal),2015-01-30,95.996099655243,D,1.0201681107778,2015-01,4,0.010201681107778
2000051,DISCBOND,5005,Fama Bliss Discount Bonds - 5-Year (Nominal),2015-01-30,94.332673520641,D,1.165574079381,2015-01,5,0.011655740793810002
2000047,DISCBOND,5001,Fama Bliss Discount Bonds - 1-Year (Nominal),2015-02-27,99.765009207542,D,0.23398521792339,2015-02,1,0.0023398521792339
2000048,DISCBOND,5002,Fama Bliss Discount Bonds - 2-Year (Nominal),2015-02-27,98.736574002005,D,0.63400057304847,2015-02,2,0.0063400057304847
2000049,DISCBOND,5003,Fama Bliss Discount Bonds - 3-Year (Nominal),2015-02-27,96.936839593765,D,1.0351279447483,2015-02,3,0.010351279447483
2000050,DISCBOND,5004,Fama Bliss Discount Bonds - 4-Year (Nominal),2015-02-27,94.780336904578,D,1.3383719890259,2015-02,4,0.013383719890259
2000051,DISCBOND,5005,Fama Bliss Discount Bonds - 5-Year (Nominal),2015-02-27,92.721805515767,D,1.5096758357968,2015-02,5,0.015096758357968
2000047,DISCBOND,5001,Fama Bliss Discount Bonds - 1-Year (Nominal),2015-03-31,99.740750139528,D,0.25887724814985,2015-03,1,0.0025887724814985004
2000048,DISCBOND,5002,Fama Bliss Discount Bonds - 2-Year (Nominal),2015-03-31,98.872169493144,D,0.56634356021135,2015-03,2,0.0056634356021135
2000049,DISCBOND,5003,Fama Bliss Discount Bonds - 3-Year (Nominal),2015-03-31,97.334162940058,D,0.90149488298748,2015-03,3,0.009014948829874801
2000050,DISCBOND,5004,Fama Bliss Discount Bonds - 4-Year (Nominal),2015-03-31,95.36114058113,D,1.1882895079334,2015-03,4,0.011882895079333999
2000051,DISCBOND,5005,Fama Bliss Discount Bonds - 5-Year (Nominal),2015-03-31,93.344700357408,D,1.3759139250574,2015-03,5,0.013759139250574
2000047,DISCBOND,5001,Fama Bliss Discount Bonds - 1-Year (Nominal),2015-04-30,99.771956259156,D,0.22830415656568,2015-04,1,0.0022830415656568
2000048,DISCBOND,5002,Fama Bliss Discount Bonds - 2-Year (Nominal),2015-04-30,98.837005653947,D,0.58570734874288,2015-04,2,0.0058570734874287995
2000049,DISCBOND,5003,Fama Bliss Discount Bonds - 3-Year (Nominal),2015-04-30,97.269700348353,D,0.92191309856023,2015-04,3,0.0092191309856023
2000050,DISCBOND,5004,Fama Bliss Discount Bonds - 4-Year (Nominal),2015-04-30,95.211389540085,D,1.2259256855869,2015-04,4,0.012259256855869
2000051,DISCBOND,5005,Fama Bliss Discount Bonds - 5-Year (Nominal),2015-04-30,93.050893741221,D,1.4388950767068,2015-04,5,0.014388950767068
2000047,DISCBOND,5001,Fama Bliss Discount Bonds - 1-Year (Nominal),2015-05-29,99.731954854294,D,0.26621694199085,2015-05,1,0.0026621694199085
2000048,DISCBOND,5002,Fama Bliss Discount Bonds - 2-Year (Nominal),2015-05-29,98.779061210828,D,0.61171285968288,2015-05,2,0.0061171285968288
2000049,DISCBOND,5003,Fama Bliss Discount Bonds - 3-Year (Nominal),2015-05-29,97.170963762522,D,0.95399450576562,2015-05,3,0.0095399450576562
2000050,DISCBOND,5004,Fama Bliss Discount Bonds - 4-Year (Nominal),2015-05-29,95.024415201745,D,1.273291782179,2015-05,4,0.01273291782179
2000051,DISCBOND,5005,Fama Bliss Discount Bonds - 5-Year (Nominal),2015-05-29,92.746986108386,D,1.5042510896957,2015-05,5,0.015042510896957
2000047,DISCBOND,5001,Fama Bliss Discount Bonds - 1-Year (Nominal),2015-06-30,99.656025669575,D,0.34362584955656,2015-06,1,0.0034362584955656
2000048,DISCBOND,5002,Fama Bliss Discount Bonds - 2-Year (Nominal),2015-06-30,98.713510546631,D,0.64653253811983,2015-06,2,0.0064653253811983
2000049,DISCBOND,5003,Fama Bliss Discount Bonds - 3-Year (Nominal),2015-06-30,96.963071460568,D,1.0279995827685,2015-06,3,0.010279995827685
2000050,DISCBOND,5004,Fama Bliss Discount Bonds - 4-Year (Nominal),2015-06-30,94.59849691141,D,1.3891665302498,2015-06,4,0.013891665302498
2000051,DISCBOND,5005,Fama Bliss Discount Bonds - 5-Year (Nominal),2015-06-30,92.004197926297,D,1.6648950507976,2015-06,5,0.016648950507976
2000047,DISCBOND,5001,Fama Bliss Discount Bonds - 1-Year (Nominal),2015-07-31,99.637192707213,D,0.36446558665488,2015-07,1,0.0036446558665488
2000048,DISCBOND,5002,Fama Bliss Discount Bonds - 2-Year (Nominal),2015-07-31,98.663362973117,D,0.6719047980557,2015-07,2,0.006719047980557
2000049,DISCBOND,5003,Fama Bliss Discount Bonds - 3-Year (Nominal),2015-07-31,97.060549192435,D,0.99359876911708,2015-07,3,0.0099359876911708
2000050,DISCBOND,5004,Fama Bliss Discount Bonds - 4-Year (Nominal),2015-07-31,94.843086095784,D,1.3227536666532,2015-07,4,0.013227536666532001
2000051,DISCBOND,5005,Fama Bliss Discount Bonds - 5-Year (Nominal),2015-07-31,92.523090184519,D,1.5525375563706,2015-07,5,0.015525375563706001
2000047,DISCBOND,5001,Fama Bliss Discount Bonds - 1-Year (Nominal),2015-08-31,99.557609059664,D,0.44216099496802,2015-08,1,0.0044216099496802
2000048,DISCBOND,5002,Fama Bliss Discount Bonds - 2-Year (Nominal),2015-08-31,98.489327089525,D,0.76005873092542,2015-08,2,0.0076005873092542
2000049,DISCBOND,5003,Fama Bliss Discount Bonds - 3-Year (Nominal),2015-08-31,96.767277753041,D,1.0943768999085,2015-08,3,0.010943768999085
2000050,DISCBOND,5004,Fama Bliss Discount Bonds - 4-Year (Nominal),2015-08-31,94.5805265711,D,1.3929645330026,2015-08,4,0.013929645330025999
2000051,DISCBOND,5005,Fama Bliss Discount Bonds - 5-Year (Nominal),2015-08-31,92.396935310259,D,1.5797962141325,2015-08,5,0.015797962141325
2000047,DISCBOND,5001,Fama Bliss Discount Bonds - 1-Year (Nominal),2015-09-30,99.609989216611,D,0.38970563111213,2015-09,1,0.0038970563111213
2000048,DISCBOND,5002,Fama Bliss Discount Bonds - 2-Year (Nominal),2015-09-30,98.739541972356,D,0.63423459462497,2015-09,2,0.0063423459462497
2000049,DISCBOND,5003,Fama Bliss Discount Bonds - 3-Year (Nominal),2015-09-30,97.300090507766,D,0.91317613487669,2015-09,3,0.0091317613487669
2000050,DISCBOND,5004,Fama Bliss Discount Bonds - 4-Year (Nominal),2015-09-30,95.33850566867,D,1.1925934331843,2015-09,4,0.011925934331843
2000051,DISCBOND,5005,Fama Bliss Discount Bonds - 5-Year (Nominal),2015-09-30,93.331812566404,D,1.3786724258612,2015-09,5,0.013786724258612
2000047,DISCBOND,5001,Fama Bliss Discount Bonds - 1-Year (Nominal),2015-10-30,99.526523117914,D,0.47201495048571,2015-10,1,0.0047201495048571004
2000048,DISCBOND,5002,Fama Bliss Discount Bonds - 2-Year (Nominal),2015-10-30,98.500566232832,D,0.75333056166454,2015-10,2,0.0075333056166454
2000049,DISCBOND,5003,Fama Bliss Discount Bonds - 3-Year (Nominal),2015-10-30,96.941006844557,D,1.033697610024,2015-10,3,0.010336976100240002
2000050,DISCBOND,5004,Fama Bliss Discount Bonds - 4-Year (Nominal),2015-10-30,94.727679654499,D,1.3522461295495,2015-10,4,0.013522461295495001
2000051,DISCBOND,5005,Fama Bliss Discount Bonds - 5-Year (Nominal),2015-10-30,92.567001229033,D,1.5430582858965,2015-10,5,0.015430582858965002
2000047,DISCBOND,5001,Fama Bliss Discount Bonds - 1-Year (Nominal),2015-11-30,99.28238406431,D,0.71823543233961,2015-11,1,0.0071823543233961
2000048,DISCBOND,5002,Fama Bliss Discount Bonds - 2-Year (Nominal),2015-11-30,98.125306588018,D,0.94494982221886,2015-11,2,0.0094494982221886
2000049,DISCBOND,5003,Fama Bliss Discount Bonds - 3-Year (Nominal),2015-11-30,96.387922120579,D,1.2251905350831,2015-11,3,0.012251905350831
2000050,DISCBOND,5004,Fama Bliss Discount Bonds - 4-Year (Nominal),2015-11-30,94.199488473394,D,1.4938858659818,2015-11,4,0.014938858659818
2000051,DISCBOND,5005,Fama Bliss Discount Bonds - 5-Year (Nominal),2015-11-30,91.949544030782,D,1.6767663108178,2015-11,5,0.016767663108178
2000047,DISCBOND,5001,Fama Bliss Discount Bonds - 1-Year (Nominal),2015-12-31,99.293483363943,D,0.70902428311819,2015-12,1,0.0070902428311819
2000048,DISCBOND,5002,Fama Bliss Discount Bonds - 2-Year (Nominal),2015-12-31,97.898954427785,D,1.063172224984,2015-12,2,0.01063172224984
2000049,DISCBOND,5003,Fama Bliss Discount Bonds - 3-Year (Nominal),2015-12-31,96.09477219965,D,1.326630888017,2015-12,3,0.013266308880169999
2000050,DISCBOND,5004,Fama Bliss Discount Bonds - 4-Year (Nominal),2015-12-31,93.779913043205,D,1.6043886291623,2015-12,4,0.016043886291623
2000051,DISCBOND,5005,Fama Bliss Discount Bonds - 5-Year (Nominal),2015-12-31,91.490273049095,D,1.7768033004138,2015-12,5,0.017768033004137998
2000047,DISCBOND,5001,Fama Bliss Discount Bonds - 1-Year (Nominal),2016-01-29,99.468587724789,D,0.52848556864429,2016-01,1,0.0052848556864429
2000048,DISCBOND,5002,Fama Bliss Discount Bonds - 2-Year (Nominal),2016-01-29,98.408791441669,D,0.79871970362302,2016-01,2,0.0079871970362302
2000049,DISCBOND,5003,Fama Bliss Discount Bonds - 3-Year (Nominal),2016-01-29,97.063071966145,D,0.9909248751835,2016-01,3,0.009909248751835
2000050,DISCBOND,5004,Fama Bliss Discount Bonds - 4-Year (Nominal),2016-01-29,95.280655079949,D,1.2061063434644,2016-01,4,0.012061063434644
2000051,DISCBOND,5005,Fama Bliss Discount Bonds - 5-Year (Nominal),2016-01-29,93.460751089879,D,1.3510915859069,2016-01,5,0.013510915859069
2000047,DISCBOND,5001,Fama Bliss Discount Bonds - 1-Year (Nominal),2016-02-29,99.369007606137,D,0.63299156505122,2016-02,1,0.0063299156505122
2000048,DISCBOND,5002,Fama Bliss Discount Bonds - 2-Year (Nominal),2016-02-29,98.445277310477,D,0.783467624529,2016-02,2,0.00783467624529
2000049,DISCBOND,5003,Fama Bliss Discount Bonds - 3-Year (Nominal),2016-02-29,97.313254091807,D,0.9078329352787,2016-02,3,0.009078329352787
2000050,DISCBOND,5004,Fama Bliss Discount Bonds - 4-Year (Nominal),2016-02-29,95.56475457633,D,1.1341527472062,2016-02,4,0.011341527472062001
2000051,DISCBOND,5005,Fama Bliss Discount Bonds - 5-Year (Nominal),2016-02-29,93.943525447994,D,1.2502125742255,2016-02,5,0.012502125742255
2000047,DISCBOND,5001,Fama Bliss Discount Bonds - 1-Year (Nominal),2016-03-31,99.416476472562,D,0.58523267808067,2016-03,1,0.0058523267808067
2000048,DISCBOND,5002,Fama Bliss Discount Bonds - 2-Year (Nominal),2016-03-31,98.543942829288,D,0.73539567513354,2016-03,2,0.0073539567513354
2000049,DISCBOND,5003,Fama Bliss Discount Bonds - 3-Year (Nominal),2016-03-31,97.43791521521,D,0.86674235778639,2016-03,3,0.0086674235778639
2000050,DISCBOND,5004,Fama Bliss Discount Bonds - 4-Year (Nominal),2016-03-31,95.798865961936,D,1.0722490730362,2016-03,4,0.010722490730362
2000051,DISCBOND,5005,Fama Bliss Discount Bonds - 5-Year (Nominal),2016-03-31,94.074384823245,D,1.2210186842857,2016-03,5,0.012210186842857
2000047,DISCBOND,5001,Fama Bliss Discount Bonds - 1-Year (Nominal),2016-04-29,99.448129394099,D,0.55491938930873,2016-04,1,0.0055491938930872994
2000048,DISCBOND,5002,Fama Bliss Discount Bonds - 2-Year (Nominal),2016-04-29,98.445282939274,D,0.78239299669395,2016-04,2,0.007823929966939501
2000049,DISCBOND,5003,Fama Bliss Discount Bonds - 3-Year (Nominal),2016-04-29,97.217760246184,D,0.93970095139209,2016-04,3,0.0093970095139209
2000050,DISCBOND,5004,Fama Bliss Discount Bonds - 4-Year (Nominal),2016-04-29,95.451061224459,D,1.1623207271304,2016-04,4,0.011623207271303998
2000051,DISCBOND,5005,Fama Bliss Discount Bonds - 5-Year (Nominal),2016-04-29,93.625285999138,D,1.3159516389597,2016-04,5,0.013159516389596998
2000047,DISCBOND,5001,Fama Bliss Discount Bonds - 1-Year (Nominal),2016-05-31,99.310397452824,D,0.69199129378049,2016-05,1,0.0069199129378049
2000048,DISCBOND,5002,Fama Bliss Discount Bonds - 2-Year (Nominal),2016-05-31,98.25398742723,D,0.88071757805927,2016-05,2,0.0088071757805927
2000049,DISCBOND,5003,Fama Bliss Discount Bonds - 3-Year (Nominal),2016-05-31,96.95540515444,D,1.0306351598399,2016-05,3,0.010306351598398999
2000050,DISCBOND,5004,Fama Bliss Discount Bonds - 4-Year (Nominal),2016-05-31,95.085867115715,D,1.2606094534435,2016-05,4,0.012606094534435
2000051,DISCBOND,5005,Fama Bliss Discount Bonds - 5-Year (Nominal),2016-05-31,93.273015855682,D,1.3943148261616,2016-05,5,0.013943148261616
2000047,DISCBOND,5001,Fama Bliss Discount Bonds - 1-Year (Nominal),2016-06-30,99.491445094029,D,0.50985244744292,2016-06,1,0.0050985244744292
2000048,DISCBOND,5002,Fama Bliss Discount Bonds - 2-Year (Nominal),2016-06-30,98.828811674966,D,0.58985840486166,2016-06,2,0.0058985840486166
2000049,DISCBOND,5003,Fama Bliss Discount Bonds - 3-Year (Nominal),2016-06-30,97.93240281606,D,0.69769808899568,2016-06,3,0.0069769808899568
2000050,DISCBOND,5004,Fama Bliss Discount Bonds - 4-Year (Nominal),2016-06-30,96.497494633727,D,0.89071844711929,2016-06,4,0.008907184471192901
2000051,DISCBOND,5005,Fama Bliss Discount Bonds - 5-Year (Nominal),2016-06-30,95.064185499487,D,1.0118032684957,2016-06,5,0.010118032684957
2000047,DISCBOND,5001,Fama Bliss Discount Bonds - 1-Year (Nominal),2016-07-29,99.399313459273,D,0.59921455129137,2016-07,1,0.0059921455129137
2000048,DISCBOND,5002,Fama Bliss Discount Bonds - 2-Year (Nominal),2016-07-29,98.700434603808,D,0.65225482951454,2016-07,2,0.0065225482951454
2000049,DISCBOND,5003,Fama Bliss Discount Bonds - 3-Year (Nominal),2016-07-29,97.744289742973,D,0.75912699040774,2016-07,3,0.0075912699040774
2000050,DISCBOND,5004,Fama Bliss Discount Bonds - 4-Year (Nominal),2016-07-29,96.332733567562,D,0.93213496905836,2016-07,4,0.0093213496905836
2000051,DISCBOND,5005,Fama Bliss Discount Bonds - 5-Year (Nominal),2016-07-29,94.927419752086,D,1.0400120322037,2016-07,5,0.010400120322037
2000047,DISCBOND,5001,Fama Bliss Discount Bonds - 1-Year (Nominal),2016-08-31,99.325962265179,D,0.67631962882561,2016-08,1,0.0067631962882561
2000048,DISCBOND,5002,Fama Bliss Discount Bonds - 2-Year (Nominal),2016-08-31,98.374170552659,D,0.81959553855545,2016-08,2,0.0081959553855545
2000049,DISCBOND,5003,Fama Bliss Discount Bonds - 3-Year (Nominal),2016-08-31,97.222006720102,D,0.93996149395734,2016-08,3,0.009399614939573399
2000050,DISCBOND,5004,Fama Bliss Discount Bonds - 4-Year (Nominal),2016-08-31,95.582827108834,D,1.1286523464312,2016-08,4,0.011286523464312
2000051,DISCBOND,5005,Fama Bliss Discount Bonds - 5-Year (Nominal),2016-08-31,94.07210233651,D,1.2215036758907,2016-08,5,0.012215036758907
2000047,DISCBOND,5001,Fama Bliss Discount Bonds - 1-Year (Nominal),2016-09-30,99.340204782563,D,0.66380014793965,2016-09,1,0.0066380014793965
2000048,DISCBOND,5002,Fama Bliss Discount Bonds - 2-Year (Nominal),2016-09-30,98.450512290947,D,0.78295398167237,2016-09,2,0.007829539816723699
2000049,DISCBOND,5003,Fama Bliss Discount Bonds - 3-Year (Nominal),2016-09-30,97.34590169449,D,0.89665181758607,2016-09,3,0.0089665181758607
2000050,DISCBOND,5004,Fama Bliss Discount Bonds - 4-Year (Nominal),2016-09-30,95.813457595467,D,1.068444086439,2016-09,4,0.010684440864389999
2000051,DISCBOND,5005,Fama Bliss Discount Bonds - 5-Year (Nominal),2016-09-30,94.290154606708,D,1.1752241401045,2016-09,5,0.011752241401045001
2000047,DISCBOND,5001,Fama Bliss Discount Bonds - 1-Year (Nominal),2016-10-31,99.305019795667,D,0.69740643952617,2016-10,1,0.0069740643952616995
2000048,DISCBOND,5002,Fama Bliss Discount Bonds - 2-Year (Nominal),2016-10-31,98.294776675278,D,0.85996484078313,2016-10,2,0.0085996484078313
2000049,DISCBOND,5003,Fama Bliss Discount Bonds - 3-Year (Nominal),2016-10-31,97.042892389886,D,1.0005705509947,2016-10,3,0.010005705509947
2000050,DISCBOND,5004,Fama Bliss Discount Bonds - 4-Year (Nominal),2016-10-31,95.291196857575,D,1.2058188136905,2016-10,4,0.012058188136904999
2000051,DISCBOND,5005,Fama Bliss Discount Bonds - 5-Year (Nominal),2016-10-31,93.544973178475,D,1.33528901803,2016-10,5,0.013352890180300002
2000047,DISCBOND,5001,Fama Bliss Discount Bonds - 1-Year (Nominal),2016-11-30,99.114230579512,D,0.88971567826508,2016-11,1,0.0088971567826508
2000048,DISCBOND,5002,Fama Bliss Discount Bonds - 2-Year (Nominal),2016-11-30,97.793990927598,D,1.115352664654,2016-11,2,0.011153526646539999
2000049,DISCBOND,5003,Fama Bliss Discount Bonds - 3-Year (Nominal),2016-11-30,95.886031195102,D,1.4016091137108,2016-11,3,0.014016091137108
2000050,DISCBOND,5004,Fama Bliss Discount Bonds - 4-Year (Nominal),2016-11-30,93.340282820344,D,1.7217811234954,2016-11,4,0.017217811234954
2000051,DISCBOND,5005,Fama Bliss Discount Bonds - 5-Year (Nominal),2016-11-30,91.027842475407,D,1.8790656145155,2016-11,5,0.018790656145155002
2000047,DISCBOND,5001,Fama Bliss Discount Bonds - 1-Year (Nominal),2016-12-30,99.147193430967,D,0.85881673227144,2016-12,1,0.0085881673227144
2000048,DISCBOND,5002,Fama Bliss Discount Bonds - 2-Year (Nominal),2016-12-30,97.634046865309,D,1.1955578812379,2016-12,2,0.011955578812378999
2000049,DISCBOND,5003,Fama Bliss Discount Bonds - 3-Year (Nominal),2016-12-30,95.735166199579,D,1.4514909005914,2016-12,3,0.014514909005914001
2000050,DISCBOND,5004,Fama Bliss Discount Bonds - 4-Year (Nominal),2016-12-30,93.196251604661,D,1.7591572990013,2016-12,4,0.017591572990013002
2000051,DISCBOND,5005,Fama Bliss Discount Bonds - 5-Year (Nominal),2016-12-30,90.706771916378,D,1.9486278784559,2016-12,5,0.019486278784559
2000047,DISCBOND,5001,Fama Bliss Discount Bonds - 1-Year (Nominal),2017-01-31,99.176024172204,D,0.82738927219001,2017-01,1,0.0082738927219001
2000048,DISCBOND,5002,Fama Bliss Discount Bonds - 2-Year (Nominal),2017-01-31,97.597882170488,D,1.215719593867,2017-01,2,0.01215719593867
2000049,DISCBOND,5003,Fama Bliss Discount Bonds - 3-Year (Nominal),2017-01-31,95.646290155669,D,1.4837759266098,2017-01,3,0.014837759266098
2000050,DISCBOND,5004,Fama Bliss Discount Bonds - 4-Year (Nominal),2017-01-31,93.221481879039,D,1.7560027984143,2017-01,4,0.017560027984143002
2000051,DISCBOND,5005,Fama Bliss Discount Bonds - 5-Year (Nominal),2017-01-31,90.794878217875,D,1.9302884308558,2017-01,5,0.019302884308557998
2000047,DISCBOND,5001,Fama Bliss Discount Bonds - 1-Year (Nominal),2017-02-28,99.104968124639,D,0.89906134704031,2017-02,1,0.0089906134704031
2000048,DISCBOND,5002,Fama Bliss Discount Bonds - 2-Year (Nominal),2017-02-28,97.512653687945,D,1.2594017495173,2017-02,2,0.012594017495173
2000049,DISCBOND,5003,Fama Bliss Discount Bonds - 3-Year (Nominal),2017-02-28,95.503584649274,D,1.5335468327487,2017-02,3,0.015335468327487
2000050,DISCBOND,5004,Fama Bliss Discount Bonds - 4-Year (Nominal),2017-02-28,93.078075473406,D,1.7945173108553,2017-02,4,0.017945173108553
2000051,DISCBOND,5005,Fama Bliss Discount Bonds - 5-Year (Nominal),2017-02-28,90.690767138988,D,1.953222271342,2017-02,5,0.01953222271342
2000047,DISCBOND,5001,Fama Bliss Discount Bonds - 1-Year (Nominal),2017-03-31,98.994187670598,D,1.0164744936823,2017-03,1,0.010164744936823001
2000048,DISCBOND,5002,Fama Bliss Discount Bonds - 2-Year (Nominal),2017-03-31,97.525111473583,D,1.2564567815183,2017-03,2,0.012564567815183001
2000049,DISCBOND,5003,Fama Bliss Discount Bonds - 3-Year (Nominal),2017-03-31,95.565003311701,D,1.5107372957292,2017-03,3,0.015107372957292
2000050,DISCBOND,5004,Fama Bliss Discount Bonds - 4-Year (Nominal),2017-03-31,93.126101323177,D,1.7791735049336,2017-03,4,0.017791735049336
2000051,DISCBOND,5005,Fama Bliss Discount Bonds - 5-Year (Nominal),2017-03-31,90.76785963911,D,1.9362376210523,2017-03,5,0.019362376210523
2000047,DISCBOND,5001,Fama Bliss Discount Bonds - 1-Year (Nominal),2017-04-28,98.912784174459,D,1.0872118795265,2017-04,1,0.010872118795265
2000048,DISCBOND,5002,Fama Bliss Discount Bonds - 2-Year (Nominal),2017-04-28,97.501054779226,D,1.2618922799352,2017-04,2,0.012618922799351999
2000049,DISCBOND,5003,Fama Bliss Discount Bonds - 3-Year (Nominal),2017-04-28,95.725725502063,D,1.4521252193108,2017-04,3,0.014521252193108
2000050,DISCBOND,5004,Fama Bliss Discount Bonds - 4-Year (Nominal),2017-04-28,93.450873633195,D,1.6898852236907,2017-04,4,0.016898852236907
2000051,DISCBOND,5005,Fama Bliss Discount Bonds - 5-Year (Nominal),2017-04-28,91.261750298078,D,1.826766677499,2017-04,5,0.018267666774989998
2000047,DISCBOND,5001,Fama Bliss Discount Bonds - 1-Year (Nominal),2017-05-31,98.811682696337,D,1.1954342310423,2017-05,1,0.011954342310423001
2000048,DISCBOND,5002,Fama Bliss Discount Bonds - 2-Year (Nominal),2017-05-31,97.479322646112,D,1.2764952949977,2017-05,2,0.012764952949977
2000049,DISCBOND,5003,Fama Bliss Discount Bonds - 3-Year (Nominal),2017-05-31,95.758654732034,D,1.4459595594514,2017-05,3,0.014459595594514001
2000050,DISCBOND,5004,Fama Bliss Discount Bonds - 4-Year (Nominal),2017-05-31,93.67463571018,D,1.6358090876599,2017-05,4,0.016358090876599
2000051,DISCBOND,5005,Fama Bliss Discount Bonds - 5-Year (Nominal),2017-05-31,91.559968478982,D,1.7625548631814,2017-05,5,0.017625548631814
2000047,DISCBOND,5001,Fama Bliss Discount Bonds - 1-Year (Nominal),2017-06-30,98.747221830734,D,1.2641550908289,2017-06,1,0.012641550908289001
2000048,DISCBOND,5002,Fama Bliss Discount Bonds - 2-Year (Nominal),2017-06-30,97.296254465326,D,1.3742497406974,2017-06,2,0.013742497406973999
2000049,DISCBOND,5003,Fama Bliss Discount Bonds - 3-Year (Nominal),2017-06-30,95.436970163057,D,1.5553847766219,2017-06,3,0.015553847766219
2000050,DISCBOND,5004,Fama Bliss Discount Bonds - 4-Year (Nominal),2017-06-30,93.228211026677,D,1.7517955965704,2017-06,4,0.017517955965704
2000051,DISCBOND,5005,Fama Bliss Discount Bonds - 5-Year (Nominal),2017-06-30,90.94597341957,D,1.8970515479606,2017-06,5,0.018970515479606
2000047,DISCBOND,5001,Fama Bliss Discount Bonds - 1-Year (Nominal),2017-07-31,98.761830721035,D,1.245898461291,2017-07,1,0.01245898461291
2000048,DISCBOND,5002,Fama Bliss Discount Bonds - 2-Year (Nominal),2017-07-31,97.345935471643,D,1.3449603372612,2017-07,2,0.013449603372612
2000049,DISCBOND,5003,Fama Bliss Discount Bonds - 3-Year (Nominal),2017-07-31,95.559447940417,D,1.5126733127082,2017-07,3,0.015126733127082
2000050,DISCBOND,5004,Fama Bliss Discount Bonds - 4-Year (Nominal),2017-07-31,93.393556290587,D,1.7086958399513,2017-07,4,0.017086958399513
2000051,DISCBOND,5005,Fama Bliss Discount Bonds - 5-Year (Nominal),2017-07-31,91.200356941582,D,1.8432374634902,2017-07,5,0.018432374634902
2000047,DISCBOND,5001,Fama Bliss Discount Bonds - 1-Year (Nominal),2017-08-31,98.765799308962,D,1.241880200223,2017-08,1,0.01241880200223
2000048,DISCBOND,5002,Fama Bliss Discount Bonds - 2-Year (Nominal),2017-08-31,97.394529291831,D,1.3218179260126,2017-08,2,0.013218179260125999
2000049,DISCBOND,5003,Fama Bliss Discount Bonds - 3-Year (Nominal),2017-08-31,95.789238202147,D,1.4326864491549,2017-08,3,0.014326864491549001
2000050,DISCBOND,5004,Fama Bliss Discount Bonds - 4-Year (Nominal),2017-08-31,93.800713198413,D,1.5988480999382,2017-08,4,0.015988480999382
2000051,DISCBOND,5005,Fama Bliss Discount Bonds - 5-Year (Nominal),2017-08-31,91.785498097309,D,1.7133785800094,2017-08,5,0.017133785800094
2000047,DISCBOND,5001,Fama Bliss Discount Bonds - 1-Year (Nominal),2017-09-29,98.666296836235,D,1.3463655945572,2017-09,1,0.013463655945571999
2000048,DISCBOND,5002,Fama Bliss Discount Bonds - 2-Year (Nominal),2017-09-29,97.079414924045,D,1.4800141819588,2017-09,2,0.014800141819588
2000049,DISCBOND,5003,Fama Bliss Discount Bonds - 3-Year (Nominal),2017-09-29,95.201488297072,D,1.6361652633557,2017-09,3,0.016361652633557
2000050,DISCBOND,5004,Fama Bliss Discount Bonds - 4-Year (Nominal),2017-09-29,92.985239380766,D,1.8157482230494,2017-09,4,0.018157482230494
2000051,DISCBOND,5005,Fama Bliss Discount Bonds - 5-Year (Nominal),2017-09-29,90.722804119147,D,1.9450971085064,2017-09,5,0.019450971085064
2000047,DISCBOND,5001,Fama Bliss Discount Bonds - 1-Year (Nominal),2017-10-31,98.531322993079,D,1.4795688431574,2017-10,1,0.014795688431573998
2000048,DISCBOND,5002,Fama Bliss Discount Bonds - 2-Year (Nominal),2017-10-31,96.854392669137,D,1.5980720888791,2017-10,2,0.015980720888791
2000049,DISCBOND,5003,Fama Bliss Discount Bonds - 3-Year (Nominal),2017-10-31,94.912616457792,D,1.7404515334649,2017-10,3,0.017404515334649
2000050,DISCBOND,5004,Fama Bliss Discount Bonds - 4-Year (Nominal),2017-10-31,92.713867566782,D,1.8925996106194,2017-10,4,0.018925996106194002
2000051,DISCBOND,5005,Fama Bliss Discount Bonds - 5-Year (Nominal),2017-10-31,90.370471797723,D,2.0239431519864,2017-10,5,0.020239431519864
2000047,DISCBOND,5001,Fama Bliss Discount Bonds - 1-Year (Nominal),2017-11-30,98.377298034423,D,1.6360119580057,2017-11,1,0.016360119580057
2000048,DISCBOND,5002,Fama Bliss Discount Bonds - 2-Year (Nominal),2017-11-30,96.517828106062,D,1.7745532681278,2017-11,2,0.017745532681278
2000049,DISCBOND,5003,Fama Bliss Discount Bonds - 3-Year (Nominal),2017-11-30,94.452268130473,D,1.900783476474,2017-11,3,0.019007834764739998
2000050,DISCBOND,5004,Fama Bliss Discount Bonds - 4-Year (Nominal),2017-11-30,92.171920691329,D,2.0364714432041,2017-11,4,0.020364714432041
2000051,DISCBOND,5005,Fama Bliss Discount Bonds - 5-Year (Nominal),2017-11-30,89.857133241844,D,2.1378122342142,2017-11,5,0.021378122342141998
2000047,DISCBOND,5001,Fama Bliss Discount Bonds - 1-Year (Nominal),2017-12-29,98.242204722272,D,1.7637635028196,2017-12,1,0.017637635028196
2000048,DISCBOND,5002,Fama Bliss Discount Bonds - 2-Year (Nominal),2017-12-29,96.313922766268,D,1.8727342957593,2017-12,2,0.018727342957593
2000049,DISCBOND,5003,Fama Bliss Discount Bonds - 3-Year (Nominal),2017-12-29,94.239450693618,D,1.9723062381794,2017-12,3,0.019723062381794002
2000050,DISCBOND,5004,Fama Bliss Discount Bonds - 4-Year (Nominal),2017-12-29,91.886856765937,D,2.1109669903665,2017-12,4,0.021109669903664998
2000051,DISCBOND,5005,Fama Bliss Discount Bonds - 5-Year (Nominal),2017-12-29,89.563762368485,D,2.2019745725017,2017-12,5,0.022019745725017
2000047,DISCBOND,5001,Fama Bliss Discount Bonds - 1-Year (Nominal),2018-01-31,98.142048694747,D,1.8754280317536,2018-01,1,0.018754280317536
2000048,DISCBOND,5002,Fama Bliss Discount Bonds - 2-Year (Nominal),2018-01-31,95.828553231343,D,2.1304747493962,2018-01,2,0.021304747493962002
2000049,DISCBOND,5003,Fama Bliss Discount Bonds - 3-Year (Nominal),2018-01-31,93.35579372407,D,2.2938365171095,2018-01,3,0.022938365171094998
2000050,DISCBOND,5004,Fama Bliss Discount Bonds - 4-Year (Nominal),2018-01-31,90.751979038322,D,2.4243371872496,2018-01,4,0.024243371872496
2000051,DISCBOND,5005,Fama Bliss Discount Bonds - 5-Year (Nominal),2018-01-31,88.184779085117,D,2.5133389590455,2018-01,5,0.025133389590455
2000047,DISCBOND,5001,Fama Bliss Discount Bonds - 1-Year (Nominal),2018-02-28,97.974756483571,D,2.0460327401064,2018-02,1,0.020460327401064002
2000048,DISCBOND,5002,Fama Bliss Discount Bonds - 2-Year (Nominal),2018-02-28,95.598752228725,D,2.2505209008352,2018-02,2,0.022505209008352
2000049,DISCBOND,5003,Fama Bliss Discount Bonds - 3-Year (Nominal),2018-02-28,93.032195885841,D,2.4096858787225,2018-02,3,0.024096858787225003
2000050,DISCBOND,5004,Fama Bliss Discount Bonds - 4-Year (Nominal),2018-02-28,90.269384618541,D,2.5575439109164,2018-02,4,0.025575439109164
2000051,DISCBOND,5005,Fama Bliss Discount Bonds - 5-Year (Nominal),2018-02-28,87.632878985462,D,2.6388325310382,2018-02,5,0.026388325310382
2000047,DISCBOND,5001,Fama Bliss Discount Bonds - 1-Year (Nominal),2018-03-29,97.937168705742,D,2.0844048588573,2018-03,1,0.020844048588573
2000048,DISCBOND,5002,Fama Bliss Discount Bonds - 2-Year (Nominal),2018-03-29,95.552041611164,D,2.2656465907861,2018-03,2,0.022656465907861
2000049,DISCBOND,5003,Fama Bliss Discount Bonds - 3-Year (Nominal),2018-03-29,93.097235426374,D,2.3776756978543,2018-03,3,0.023776756978543
2000050,DISCBOND,5004,Fama Bliss Discount Bonds - 4-Year (Nominal),2018-03-29,90.534116214201,D,2.4809878751164,2018-03,4,0.024809878751164
2000051,DISCBOND,5005,Fama Bliss Discount Bonds - 5-Year (Nominal),2018-03-29,87.997371340777,D,2.5530680716874,2018-03,5,0.025530680716874
2000047,DISCBOND,5001,Fama Bliss Discount Bonds - 1-Year (Nominal),2018-04-30,97.780895531213,D,2.2440970245737,2018-04,1,0.022440970245737
2000048,DISCBOND,5002,Fama Bliss Discount Bonds - 2-Year (Nominal),2018-04-30,95.155623053398,D,2.4794283931908,2018-04,2,0.024794283931908
2000049,DISCBOND,5003,Fama Bliss Discount Bonds - 3-Year (Nominal),2018-04-30,92.39874261922,D,2.6328228839341,2018-04,3,0.026328228839341
2000050,DISCBOND,5004,Fama Bliss Discount Bonds - 4-Year (Nominal),2018-04-30,89.659811726548,D,2.7286886780762,2018-04,4,0.027286886780762
2000051,DISCBOND,5005,Fama Bliss Discount Bonds - 5-Year (Nominal),2018-04-30,86.981639828036,D,2.7909917844766,2018-04,5,0.027909917844766
2000047,DISCBOND,5001,Fama Bliss Discount Bonds - 1-Year (Nominal),2018-05-31,97.765863054752,D,2.2594718398858,2018-05,1,0.022594718398858002
2000048,DISCBOND,5002,Fama Bliss Discount Bonds - 2-Year (Nominal),2018-05-31,95.289133666047,D,2.416029838993,2018-05,2,0.024160298389929998
2000049,DISCBOND,5003,Fama Bliss Discount Bonds - 3-Year (Nominal),2018-05-31,92.6447880394,D,2.5512427922248,2018-05,3,0.025512427922248
2000050,DISCBOND,5004,Fama Bliss Discount Bonds - 4-Year (Nominal),2018-05-31,89.966033188306,D,2.6416406146264,2018-05,4,0.026416406146264
2000051,DISCBOND,5005,Fama Bliss Discount Bonds - 5-Year (Nominal),2018-05-31,87.412455926973,D,2.6891743363404,2018-05,5,0.026891743363404
2000047,DISCBOND,5001,Fama Bliss Discount Bonds - 1-Year (Nominal),2018-06-29,97.704418692719,D,2.3287202396438,2018-06,1,0.023287202396438
2000048,DISCBOND,5002,Fama Bliss Discount Bonds - 2-Year (Nominal),2018-06-29,95.078185474165,D,2.5166365578006,2018-06,2,0.025166365578006
2000049,DISCBOND,5003,Fama Bliss Discount Bonds - 3-Year (Nominal),2018-06-29,92.446684592485,D,2.6131634383695,2018-06,3,0.026131634383695
2000050,DISCBOND,5004,Fama Bliss Discount Bonds - 4-Year (Nominal),2018-06-29,89.780628186761,D,2.6913371370555,2018-06,4,0.026913371370555002
2000051,DISCBOND,5005,Fama Bliss Discount Bonds - 5-Year (Nominal),2018-06-29,87.235956430723,D,2.7280822120587,2018-06,5,0.027280822120587002
2000047,DISCBOND,5001,Fama Bliss Discount Bonds - 1-Year (Nominal),2018-07-31,97.591669696761,D,2.4378047679303,2018-07,1,0.024378047679303003
2000048,DISCBOND,5002,Fama Bliss Discount Bonds - 2-Year (Nominal),2018-07-31,94.811044797796,D,2.6605692525786,2018-07,2,0.026605692525786
2000049,DISCBOND,5003,Fama Bliss Discount Bonds - 3-Year (Nominal),2018-07-31,92.074896827514,D,2.7522615548299,2018-07,3,0.027522615548299
2000050,DISCBOND,5004,Fama Bliss Discount Bonds - 4-Year (Nominal),2018-07-31,89.417621845759,D,2.798227012026,2018-07,4,0.02798227012026
2000051,DISCBOND,5005,Fama Bliss Discount Bonds - 5-Year (Nominal),2018-07-31,86.778799652217,D,2.8346034572301,2018-07,5,0.028346034572301
2000047,DISCBOND,5001,Fama Bliss Discount Bonds - 1-Year (Nominal),2018-08-31,97.578933487941,D,2.4575893581361,2018-08,1,0.024575893581361
2000048,DISCBOND,5002,Fama Bliss Discount Bonds - 2-Year (Nominal),2018-08-31,94.919217466046,D,2.6036333162926,2018-08,2,0.026036333162926
2000049,DISCBOND,5003,Fama Bliss Discount Bonds - 3-Year (Nominal),2018-08-31,92.281178268768,D,2.6752231274713,2018-08,3,0.026752231274713
2000050,DISCBOND,5004,Fama Bliss Discount Bonds - 4-Year (Nominal),2018-08-31,89.693915101229,D,2.7173202663997,2018-08,4,0.027173202663997
2000051,DISCBOND,5005,Fama Bliss Discount Bonds - 5-Year (Nominal),2018-08-31,87.246314366923,D,2.7272029146699,2018-08,5,0.027272029146699
2000047,DISCBOND,5001,Fama Bliss Discount Bonds - 1-Year (Nominal),2018-09-28,97.403979106415,D,2.6159781609118,2018-09,1,0.026159781609118
2000048,DISCBOND,5002,Fama Bliss Discount Bonds - 2-Year (Nominal),2018-09-28,94.53699303238,D,2.7974520397639,2018-09,2,0.027974520397639
2000049,DISCBOND,5003,Fama Bliss Discount Bonds - 3-Year (Nominal),2018-09-28,91.74539187009,D,2.8639178027575,2018-09,3,0.028639178027575
2000050,DISCBOND,5004,Fama Bliss Discount Bonds - 4-Year (Nominal),2018-09-28,88.981644459469,D,2.9125173711746,2018-09,4,0.029125173711746003
2000051,DISCBOND,5005,Fama Bliss Discount Bonds - 5-Year (Nominal),2018-09-28,86.344420160173,D,2.9333054418762,2018-09,5,0.029333054418761998
2000047,DISCBOND,5001,Fama Bliss Discount Bonds - 1-Year (Nominal),2018-10-31,97.348867833633,D,2.686908409233,2018-10,1,0.02686908409233
2000048,DISCBOND,5002,Fama Bliss Discount Bonds - 2-Year (Nominal),2018-10-31,94.461760034883,D,2.8487544549571,2018-10,2,0.028487544549571
2000049,DISCBOND,5003,Fama Bliss Discount Bonds - 3-Year (Nominal),2018-10-31,91.646452775593,D,2.9103883233711,2018-10,3,0.029103883233711
2000050,DISCBOND,5004,Fama Bliss Discount Bonds - 4-Year (Nominal),2018-10-31,88.891688402031,D,2.9417736937078,2018-10,4,0.029417736937078002
2000051,DISCBOND,5005,Fama Bliss Discount Bonds - 5-Year (Nominal),2018-10-31,86.232866149504,D,2.9607536369378,2018-10,5,0.029607536369377997
2000047,DISCBOND,5001,Fama Bliss Discount Bonds - 1-Year (Nominal),2018-11-30,97.362501449409,D,2.6802477487713,2018-11,1,0.026802477487713
2000048,DISCBOND,5002,Fama Bliss Discount Bonds - 2-Year (Nominal),2018-11-30,94.614452646655,D,2.7642106783243,2018-11,2,0.027642106783243
2000049,DISCBOND,5003,Fama Bliss Discount Bonds - 3-Year (Nominal),2018-11-30,92.01196751567,D,2.772519321499,2018-11,3,0.027725193214989997
2000050,DISCBOND,5004,Fama Bliss Discount Bonds - 4-Year (Nominal),2018-11-30,89.401571949549,D,2.7988810372983,2018-11,4,0.027988810372983
2000051,DISCBOND,5005,Fama Bliss Discount Bonds - 5-Year (Nominal),2018-11-30,86.903555900175,D,2.805887139365,2018-11,5,0.028058871393649997
2000047,DISCBOND,5001,Fama Bliss Discount Bonds - 1-Year (Nominal),2018-12-31,97.430953289463,D,2.602623024622,2018-12,1,0.02602623024622
2000048,DISCBOND,5002,Fama Bliss Discount Bonds - 2-Year (Nominal),2018-12-31,95.195916831219,D,2.458289264443,2018-12,2,0.02458289264443
2000049,DISCBOND,5003,Fama Bliss Discount Bonds - 3-Year (Nominal),2018-12-31,92.932725183494,D,2.4409156098623,2018-12,3,0.024409156098623
2000050,DISCBOND,5004,Fama Bliss Discount Bonds - 4-Year (Nominal),2018-12-31,90.580050723262,D,2.4734046969291,2018-12,4,0.024734046969291
2000051,DISCBOND,5005,Fama Bliss Discount Bonds - 5-Year (Nominal),2018-12-31,88.256755151495,D,2.4997686433751,2018-12,5,0.024997686433751
2000047,DISCBOND,5001,Fama Bliss Discount Bonds - 1-Year (Nominal),2019-01-31,97.499768089454,D,2.5320186556823,2019-01,1,0.025320186556823
2000048,DISCBOND,5002,Fama Bliss Discount Bonds - 2-Year (Nominal),2019-01-31,95.237010937237,D,2.4434246246909,2019-01,2,0.024434246246909
2000049,DISCBOND,5003,Fama Bliss Discount Bonds - 3-Year (Nominal),2019-01-31,93.004244972585,D,2.4152959818177,2019-01,3,0.024152959818177
2000050,DISCBOND,5004,Fama Bliss Discount Bonds - 4-Year (Nominal),2019-01-31,90.761256226906,D,2.4217834233607,2019-01,4,0.024217834233607
2000051,DISCBOND,5005,Fama Bliss Discount Bonds - 5-Year (Nominal),2019-01-31,88.574295591977,D,2.4252407817047,2019-01,5,0.024252407817047003
2000047,DISCBOND,5001,Fama Bliss Discount Bonds - 1-Year (Nominal),2019-02-28,97.505984071265,D,2.5256434777771,2019-02,1,0.025256434777771
2000048,DISCBOND,5002,Fama Bliss Discount Bonds - 2-Year (Nominal),2019-02-28,95.127132761337,D,2.5012238038914,2019-02,2,0.025012238038914
2000049,DISCBOND,5003,Fama Bliss Discount Bonds - 3-Year (Nominal),2019-02-28,92.817854427928,D,2.4821055991482,2019-02,3,0.024821055991482002
2000050,DISCBOND,5004,Fama Bliss Discount Bonds - 4-Year (Nominal),2019-02-28,90.494929250156,D,2.4952001960655,2019-02,4,0.024952001960654998
2000051,DISCBOND,5005,Fama Bliss Discount Bonds - 5-Year (Nominal),2019-02-28,88.209981682777,D,2.5062545666102,2019-02,5,0.025062545666102
2000047,DISCBOND,5001,Fama Bliss Discount Bonds - 1-Year (Nominal),2019-03-29,97.641233817447,D,2.3675708969738,2019-03,1,0.023675708969738
2000048,DISCBOND,5002,Fama Bliss Discount Bonds - 2-Year (Nominal),2019-03-29,95.603981146266,D,2.2385865170602,2019-03,2,0.022385865170602003
2000049,DISCBOND,5003,Fama Bliss Discount Bonds - 3-Year (Nominal),2019-03-29,93.618191681461,D,2.192176216977,2019-03,3,0.021921762169769998
2000050,DISCBOND,5004,Fama Bliss Discount Bonds - 4-Year (Nominal),2019-03-29,91.517028301035,D,2.2115838891489,2019-03,4,0.022115838891489
2000051,DISCBOND,5005,Fama Bliss Discount Bonds - 5-Year (Nominal),2019-03-29,89.500000569903,D,2.2174159929575,2019-03,5,0.022174159929575003
2000047,DISCBOND,5001,Fama Bliss Discount Bonds - 1-Year (Nominal),2019-04-30,97.66427515517,D,2.3569778217977,2019-04,1,0.023569778217977
2000048,DISCBOND,5002,Fama Bliss Discount Bonds - 2-Year (Nominal),2019-04-30,95.589220701786,D,2.2524208211409,2019-04,2,0.022524208211409002
2000049,DISCBOND,5003,Fama Bliss Discount Bonds - 3-Year (Nominal),2019-04-30,93.53367471467,D,2.2282886383549,2019-04,3,0.022282886383549
2000050,DISCBOND,5004,Fama Bliss Discount Bonds - 4-Year (Nominal),2019-04-30,91.407531175116,D,2.2475973916382,2019-04,4,0.022475973916381998
2000051,DISCBOND,5005,Fama Bliss Discount Bonds - 5-Year (Nominal),2019-04-30,89.256552131323,D,2.2706187278863,2019-04,5,0.022706187278862998
2000047,DISCBOND,5001,Fama Bliss Discount Bonds - 1-Year (Nominal),2019-05-31,97.825179037854,D,2.2048595796663,2019-05,1,0.022048595796663004
2000048,DISCBOND,5002,Fama Bliss Discount Bonds - 2-Year (Nominal),2019-05-31,96.233207712798,D,1.9250588873414,2019-05,2,0.019250588873414
2000049,DISCBOND,5003,Fama Bliss Discount Bonds - 3-Year (Nominal),2019-05-31,94.5267767303,D,1.8745228490221,2019-05,3,0.018745228490221
2000050,DISCBOND,5004,Fama Bliss Discount Bonds - 4-Year (Nominal),2019-05-31,92.710246062569,D,1.8909846043459,2019-05,4,0.018909846043459
2000051,DISCBOND,5005,Fama Bliss Discount Bonds - 5-Year (Nominal),2019-05-31,90.925654727745,D,1.9004771576901,2019-05,5,0.019004771576901
2000047,DISCBOND,5001,Fama Bliss Discount Bonds - 1-Year (Nominal),2019-06-28,98.060524921618,D,1.9425633714953,2019-06,1,0.019425633714952997
2000048,DISCBOND,5002,Fama Bliss Discount Bonds - 2-Year (Nominal),2019-06-28,96.554117963349,D,1.746150414792,2019-06,2,0.01746150414792
2000049,DISCBOND,5003,Fama Bliss Discount Bonds - 3-Year (Nominal),2019-06-28,94.98775840126,D,1.7093887857326,2019-06,3,0.017093887857326
2000050,DISCBOND,5004,Fama Bliss Discount Bonds - 4-Year (Nominal),2019-06-28,93.29061473941,D,1.7327065353831,2019-06,4,0.017327065353831
2000051,DISCBOND,5005,Fama Bliss Discount Bonds - 5-Year (Nominal),2019-06-28,91.553849849133,D,1.7629252902089,2019-06,5,0.017629252902089002
2000047,DISCBOND,5001,Fama Bliss Discount Bonds - 1-Year (Nominal),2019-07-31,97.975835867427,D,2.0393438542769,2019-07,1,0.020393438542769
2000048,DISCBOND,5002,Fama Bliss Discount Bonds - 2-Year (Nominal),2019-07-31,96.333655276129,D,1.8676222291309,2019-07,2,0.018676222291309
2000049,DISCBOND,5003,Fama Bliss Discount Bonds - 3-Year (Nominal),2019-07-31,94.697792553982,D,1.8176430746407,2019-07,3,0.018176430746407
2000050,DISCBOND,5004,Fama Bliss Discount Bonds - 4-Year (Nominal),2019-07-31,92.955013845309,D,1.8251132626445,2019-07,4,0.018251132626445
2000051,DISCBOND,5005,Fama Bliss Discount Bonds - 5-Year (Nominal),2019-07-31,91.273828660816,D,1.8241227785606,2019-07,5,0.018241227785606
2000047,DISCBOND,5001,Fama Bliss Discount Bonds - 1-Year (Nominal),2019-08-30,98.217547711655,D,1.7887280462113,2019-08,1,0.017887280462113
2000048,DISCBOND,5002,Fama Bliss Discount Bonds - 2-Year (Nominal),2019-08-30,97.025813757599,D,1.505531375329,2019-08,2,0.01505531375329
2000049,DISCBOND,5003,Fama Bliss Discount Bonds - 3-Year (Nominal),2019-08-30,95.813841587507,D,1.4228354506872,2019-08,3,0.014228354506872001
2000050,DISCBOND,5004,Fama Bliss Discount Bonds - 4-Year (Nominal),2019-08-30,94.526433379097,D,1.4053416860479,2019-08,4,0.014053416860479
2000051,DISCBOND,5005,Fama Bliss Discount Bonds - 5-Year (Nominal),2019-08-30,93.27464502118,D,1.3909131524682,2019-08,5,0.013909131524682
2000047,DISCBOND,5001,Fama Bliss Discount Bonds - 1-Year (Nominal),2019-09-30,98.225356346097,D,1.7856870177968,2019-09,1,0.017856870177968002
2000048,DISCBOND,5002,Fama Bliss Discount Bonds - 2-Year (Nominal),2019-09-30,96.794797889689,D,1.626618458124,2019-09,2,0.01626618458124
2000049,DISCBOND,5003,Fama Bliss Discount Bonds - 3-Year (Nominal),2019-09-30,95.438182463657,D,1.5549617445966,2019-09,3,0.015549617445966
2000050,DISCBOND,5004,Fama Bliss Discount Bonds - 4-Year (Nominal),2019-09-30,93.983531877076,D,1.55126529658,2019-09,4,0.0155126529658
2000051,DISCBOND,5005,Fama Bliss Discount Bonds - 5-Year (Nominal),2019-09-30,92.556239974817,D,1.5453809491829,2019-09,5,0.015453809491829
2000047,DISCBOND,5001,Fama Bliss Discount Bonds - 1-Year (Nominal),2019-10-31,98.501473080951,D,1.5098682785321,2019-10,1,0.015098682785321
2000048,DISCBOND,5002,Fama Bliss Discount Bonds - 2-Year (Nominal),2019-10-31,96.973377390575,D,1.5387931869527,2019-10,2,0.015387931869527001
2000049,DISCBOND,5003,Fama Bliss Discount Bonds - 3-Year (Nominal),2019-10-31,95.571159662259,D,1.5085919721703,2019-10,3,0.015085919721703001
2000050,DISCBOND,5004,Fama Bliss Discount Bonds - 4-Year (Nominal),2019-10-31,94.111171237986,D,1.516297219018,2019-10,4,0.01516297219018
2000051,DISCBOND,5005,Fama Bliss Discount Bonds - 5-Year (Nominal),2019-10-31,92.660468413248,D,1.5228960769335,2019-10,5,0.015228960769335
2000047,DISCBOND,5001,Fama Bliss Discount Bonds - 1-Year (Nominal),2019-11-29,98.422149054219,D,1.5817643198772,2019-11,1,0.015817643198772
2000048,DISCBOND,5002,Fama Bliss Discount Bonds - 2-Year (Nominal),2019-11-29,96.798557259619,D,1.6224597504896,2019-11,2,0.016224597504896
2000049,DISCBOND,5003,Fama Bliss Discount Bonds - 3-Year (Nominal),2019-11-29,95.278734006846,D,1.6091791255453,2019-11,3,0.016091791255453
2000050,DISCBOND,5004,Fama Bliss Discount Bonds - 4-Year (Nominal),2019-11-29,93.720267855757,D,1.6191748146906,2019-11,4,0.016191748146906
2000051,DISCBOND,5005,Fama Bliss Discount Bonds - 5-Year (Nominal),2019-11-29,92.152937786273,D,1.6326232484919,2019-11,5,0.016326232484919
2000047,DISCBOND,5001,Fama Bliss Discount Bonds - 1-Year (Nominal),2019-12-31,98.439416518219,D,1.5685913026783,2019-12,1,0.015685913026783002
2000048,DISCBOND,5002,Fama Bliss Discount Bonds - 2-Year (Nominal),2019-12-31,96.893837610054,D,1.5755549335354,2019-12,2,0.015755549335354
2000049,DISCBOND,5003,Fama Bliss Discount Bonds - 3-Year (Nominal),2019-12-31,95.296406583348,D,1.6059361280122,2019-12,3,0.016059361280122
2000050,DISCBOND,5004,Fama Bliss Discount Bonds - 4-Year (Nominal),2019-12-31,93.570972592969,D,1.6623880208206,2019-12,4,0.016623880208206
2000051,DISCBOND,5005,Fama Bliss Discount Bonds - 5-Year (Nominal),2019-12-31,91.890971937289,D,1.6894964701863,2019-12,5,0.016894964701863
2000047,DISCBOND,5001,Fama Bliss Discount Bonds - 1-Year (Nominal),2020-01-31,98.575994537982,D,1.438182000874,2020-01,1,0.01438182000874
2000048,DISCBOND,5002,Fama Bliss Discount Bonds - 2-Year (Nominal),2020-01-31,97.396842504755,D,1.3170155569056,2020-01,2,0.013170155569056
2000049,DISCBOND,5003,Fama Bliss Discount Bonds - 3-Year (Nominal),2020-01-31,96.201489937667,D,1.2896669581944,2020-01,3,0.012896669581944
2000050,DISCBOND,5004,Fama Bliss Discount Bonds - 4-Year (Nominal),2020-01-31,94.948826905274,D,1.2949156925533,2020-01,4,0.012949156925533
2000051,DISCBOND,5005,Fama Bliss Discount Bonds - 5-Year (Nominal),2020-01-31,93.651388194453,D,1.310382633305,2020-01,5,0.01310382633305
2000047,DISCBOND,5001,Fama Bliss Discount Bonds - 1-Year (Nominal),2020-02-28,98.996580676203,D,1.0112581224122,2020-02,1,0.010112581224122
2000048,DISCBOND,5002,Fama Bliss Discount Bonds - 2-Year (Nominal),2020-02-28,98.172149904423,D,0.92111903137813,2020-02,2,0.0092111903137813
2000049,DISCBOND,5003,Fama Bliss Discount Bonds - 3-Year (Nominal),2020-02-28,97.314486632553,D,0.90658282803198,2020-02,3,0.0090658282803198
2000050,DISCBOND,5004,Fama Bliss Discount Bonds - 4-Year (Nominal),2020-02-28,96.341275109444,D,0.93055899829288,2020-02,4,0.0093055899829288
2000051,DISCBOND,5005,Fama Bliss Discount Bonds - 5-Year (Nominal),2020-02-28,95.394686220655,D,0.94191393941242,2020-02,5,0.0094191393941242
2000047,DISCBOND,5001,Fama Bliss Discount Bonds - 1-Year (Nominal),2020-03-31,99.840677356208,D,0.15944969728381,2020-03,1,0.0015944969728381
2000048,DISCBOND,5002,Fama Bliss Discount Bonds - 2-Year (Nominal),2020-03-31,99.497969770956,D,0.25164731718571,2020-03,2,0.0025164731718570997
2000049,DISCBOND,5003,Fama Bliss Discount Bonds - 3-Year (Nominal),2020-03-31,99.096604790342,D,0.30250019833531,2020-03,3,0.0030250019833531
2000050,DISCBOND,5004,Fama Bliss Discount Bonds - 4-Year (Nominal),2020-03-31,98.627266558975,D,0.34603465728547,2020-03,4,0.0034603465728547
2000051,DISCBOND,5005,Fama Bliss Discount Bonds - 5-Year (Nominal),2020-03-31,98.041178188574,D,0.39543550974173,2020-03,5,0.0039543550974173
2000047,DISCBOND,5001,Fama Bliss Discount Bonds - 1-Year (Nominal),2020-04-30,99.843702880802,D,0.15641939056625,2020-04,1,0.0015641939056625
2000048,DISCBOND,5002,Fama Bliss Discount Bonds - 2-Year (Nominal),2020-04-30,99.587537546208,D,0.20694119413927,2020-04,2,0.0020694119413927
2000049,DISCBOND,5003,Fama Bliss Discount Bonds - 3-Year (Nominal),2020-04-30,99.237653306201,D,0.25555590702128,2020-04,3,0.0025555590702128
2000050,DISCBOND,5004,Fama Bliss Discount Bonds - 4-Year (Nominal),2020-04-30,98.724749378961,D,0.3206433234254,2020-04,4,0.0032064332342539997
2000051,DISCBOND,5005,Fama Bliss Discount Bonds - 5-Year (Nominal),2020-04-30,98.151682957825,D,0.37291802172826,2020-04,5,0.0037291802172826
2000047,DISCBOND,5001,Fama Bliss Discount Bonds - 1-Year (Nominal),2020-05-29,99.813151961441,D,0.18753662453293,2020-05,1,0.0018753662453293
2000048,DISCBOND,5002,Fama Bliss Discount Bonds - 2-Year (Nominal),2020-05-29,99.656556771952,D,0.17154718576499,2020-05,2,0.0017154718576499
2000049,DISCBOND,5003,Fama Bliss Discount Bonds - 3-Year (Nominal),2020-05-29,99.365466146275,D,0.2117983452879,2020-05,3,0.0021179834528790003
2000050,DISCBOND,5004,Fama Bliss Discount Bonds - 4-Year (Nominal),2020-05-29,98.972616204958,D,0.25764504563808,2020-05,4,0.0025764504563808
2000051,DISCBOND,5005,Fama Bliss Discount Bonds - 5-Year (Nominal),2020-05-29,98.41243264237,D,0.31971046814144,2020-05,5,0.0031971046814144
2000047,DISCBOND,5001,Fama Bliss Discount Bonds - 1-Year (Nominal),2020-06-30,99.826283159464,D,0.17386790321279,2020-06,1,0.0017386790321279
2000048,DISCBOND,5002,Fama Bliss Discount Bonds - 2-Year (Nominal),2020-06-30,99.686371732518,D,0.1570605558345,2020-06,2,0.0015706055583449999
2000049,DISCBOND,5003,Fama Bliss Discount Bonds - 3-Year (Nominal),2020-06-30,99.474487616412,D,0.17563269077943,2020-06,3,0.0017563269077943
2000050,DISCBOND,5004,Fama Bliss Discount Bonds - 4-Year (Nominal),2020-06-30,99.161205849747,D,0.21072730100988,2020-06,4,0.0021072730100988
2000051,DISCBOND,5005,Fama Bliss Discount Bonds - 5-Year (Nominal),2020-06-30,98.535818256775,D,0.29483977017909,2020-06,5,0.0029483977017909003
2000047,DISCBOND,5001,Fama Bliss Discount Bonds - 1-Year (Nominal),2020-07-31,99.874946360984,D,0.12547567084827,2020-07,1,0.0012547567084827
2000048,DISCBOND,5002,Fama Bliss Discount Bonds - 2-Year (Nominal),2020-07-31,99.7791645152,D,0.11084352878319,2020-07,2,0.0011084352878318999
2000049,DISCBOND,5003,Fama Bliss Discount Bonds - 3-Year (Nominal),2020-07-31,99.63396793155,D,0.12223453864941,2020-07,3,0.0012223453864941
2000050,DISCBOND,5004,Fama Bliss Discount Bonds - 4-Year (Nominal),2020-07-31,99.301864088005,D,0.17502619367731,2020-07,4,0.0017502619367731002
2000051,DISCBOND,5005,Fama Bliss Discount Bonds - 5-Year (Nominal),2020-07-31,98.914654181804,D,0.21813619887354,2020-07,5,0.0021813619887354
2000047,DISCBOND,5001,Fama Bliss Discount Bonds - 1-Year (Nominal),2020-08-31,99.862169849027,D,0.13792522409501,2020-08,1,0.0013792522409501002
2000048,DISCBOND,5002,Fama Bliss Discount Bonds - 2-Year (Nominal),2020-08-31,99.731995556944,D,0.13418210895814,2020-08,2,0.0013418210895814
2000049,DISCBOND,5003,Fama Bliss Discount Bonds - 3-Year (Nominal),2020-08-31,99.538822844893,D,0.15408129052698,2020-08,3,0.0015408129052698
2000050,DISCBOND,5004,Fama Bliss Discount Bonds - 4-Year (Nominal),2020-08-31,99.14689973072,D,0.21418999964976,2020-08,4,0.0021418999964975998
2000051,DISCBOND,5005,Fama Bliss Discount Bonds - 5-Year (Nominal),2020-08-31,98.629908807763,D,0.276063975483,2020-08,5,0.0027606397548299998
2000047,DISCBOND,5001,Fama Bliss Discount Bonds - 1-Year (Nominal),2020-09-30,99.873825987804,D,0.12625367862243,2020-09,1,0.0012625367862243
2000048,DISCBOND,5002,Fama Bliss Discount Bonds - 2-Year (Nominal),2020-09-30,99.747479264528,D,0.12642005342367,2020-09,2,0.0012642005342366998
2000049,DISCBOND,5003,Fama Bliss Discount Bonds - 3-Year (Nominal),2020-09-30,99.509753629812,D,0.16396707506569,2020-09,3,0.0016396707506569
2000050,DISCBOND,5004,Fama Bliss Discount Bonds - 4-Year (Nominal),2020-09-30,99.159706063775,D,0.21081668696047,2020-09,4,0.0021081668696047
2000051,DISCBOND,5005,Fama Bliss Discount Bonds - 5-Year (Nominal),2020-09-30,98.591486649182,D,0.28355002914623,2020-09,5,0.0028355002914623
2000047,DISCBOND,5001,Fama Bliss Discount Bonds - 1-Year (Nominal),2020-10-30,99.869081176833,D,0.13136450530202,2020-10,1,0.0013136450530202002
2000048,DISCBOND,5002,Fama Bliss Discount Bonds - 2-Year (Nominal),2020-10-30,99.684826645311,D,0.1576196191463,2020-10,2,0.001576196191463
2000049,DISCBOND,5003,Fama Bliss Discount Bonds - 3-Year (Nominal),2020-10-30,99.400513496564,D,0.20024734641158,2020-10,3,0.0020024734641158003
2000050,DISCBOND,5004,Fama Bliss Discount Bonds - 4-Year (Nominal),2020-10-30,98.811838755123,D,0.29841029353136,2020-10,4,0.0029841029353136
2000051,DISCBOND,5005,Fama Bliss Discount Bonds - 5-Year (Nominal),2020-10-30,98.024459064883,D,0.39862626930111,2020-10,5,0.0039862626930111
2000047,DISCBOND,5001,Fama Bliss Discount Bonds - 1-Year (Nominal),2020-11-30,99.883907423996,D,0.11616001563523,2020-11,1,0.0011616001563523
2000048,DISCBOND,5002,Fama Bliss Discount Bonds - 2-Year (Nominal),2020-11-30,99.704697278077,D,0.14786980034986,2020-11,2,0.0014786980034986
2000049,DISCBOND,5003,Fama Bliss Discount Bonds - 3-Year (Nominal),2020-11-30,99.446386939653,D,0.18505039781047,2020-11,3,0.0018505039781047
2000050,DISCBOND,5004,Fama Bliss Discount Bonds - 4-Year (Nominal),2020-11-30,98.880900563386,D,0.28135211701916,2020-11,4,0.0028135211701916
2000051,DISCBOND,5005,Fama Bliss Discount Bonds - 5-Year (Nominal),2020-11-30,98.151530715603,D,0.37335796759485,2020-11,5,0.0037335796759485
2000047,DISCBOND,5001,Fama Bliss Discount Bonds - 1-Year (Nominal),2020-12-31,99.895863718938,D,0.10419054055987,2020-12,1,0.0010419054055987
2000048,DISCBOND,5002,Fama Bliss Discount Bonds - 2-Year (Nominal),2020-12-31,99.751989462438,D,0.12432961100501,2020-12,2,0.0012432961100501
2000049,DISCBOND,5003,Fama Bliss Discount Bonds - 3-Year (Nominal),2020-12-31,99.529857560328,D,0.15737113203465,2020-12,3,0.0015737113203465
2000050,DISCBOND,5004,Fama Bliss Discount Bonds - 4-Year (Nominal),2020-12-31,98.945475549151,D,0.26484959220026,2020-12,4,0.0026484959220026
2000051,DISCBOND,5005,Fama Bliss Discount Bonds - 5-Year (Nominal),2020-12-31,98.153652998352,D,0.37251681784431,2020-12,5,0.0037251681784431
2000047,DISCBOND,5001,Fama Bliss Discount Bonds - 1-Year (Nominal),2021-01-29,99.911505724236,D,0.088050983761703,2021-01,1,0.00088050983761703
2000048,DISCBOND,5002,Fama Bliss Discount Bonds - 2-Year (Nominal),2021-01-29,99.765797479649,D,0.11691828036991,2021-01,2,0.0011691828036991
2000049,DISCBOND,5003,Fama Bliss Discount Bonds - 3-Year (Nominal),2021-01-29,99.464867559355,D,0.1785303842385,2021-01,3,0.001785303842385
2000050,DISCBOND,5004,Fama Bliss Discount Bonds - 4-Year (Nominal),2021-01-29,98.82332398648,D,0.29530661523304,2021-01,4,0.0029530661523304003
2000051,DISCBOND,5005,Fama Bliss Discount Bonds - 5-Year (Nominal),2021-01-29,97.870128706029,D,0.43010471844603,2021-01,5,0.0043010471844603
2000047,DISCBOND,5001,Fama Bliss Discount Bonds - 1-Year (Nominal),2021-02-26,99.919951813103,D,0.079643837831726,2021-02,1,0.00079643837831726
2000048,DISCBOND,5002,Fama Bliss Discount Bonds - 2-Year (Nominal),2021-02-26,99.705056312323,D,0.14728623136503,2021-02,2,0.0014728623136502999
2000049,DISCBOND,5003,Fama Bliss Discount Bonds - 3-Year (Nominal),2021-02-26,99.107607241491,D,0.29798308311865,2021-02,3,0.0029798308311865
2000050,DISCBOND,5004,Fama Bliss Discount Bonds - 4-Year (Nominal),2021-02-26,97.940155300416,D,0.51927185544599,2021-02,4,0.0051927185544599
2000051,DISCBOND,5005,Fama Bliss Discount Bonds - 5-Year (Nominal),2021-02-26,96.375100434363,D,0.73763786340227,2021-02,5,0.0073763786340227
2000047,DISCBOND,5001,Fama Bliss Discount Bonds - 1-Year (Nominal),2021-03-31,99.921219575589,D,0.078811472495099,2021-03,1,0.00078811472495099
2000048,DISCBOND,5002,Fama Bliss Discount Bonds - 2-Year (Nominal),2021-03-31,99.677222259395,D,0.16164989581673,2021-03,2,0.0016164989581673001
2000049,DISCBOND,5003,Fama Bliss Discount Bonds - 3-Year (Nominal),2021-03-31,98.921456481429,D,0.36212874514277,2021-03,3,0.0036212874514277
2000050,DISCBOND,5004,Fama Bliss Discount Bonds - 4-Year (Nominal),2021-03-31,97.363105193562,D,0.66761384237512,2021-03,4,0.0066761384237512
2000051,DISCBOND,5005,Fama Bliss Discount Bonds - 5-Year (Nominal),2021-03-31,95.360366995841,D,0.94962231140622,2021-03,5,0.0094962231140622
2000047,DISCBOND,5001,Fama Bliss Discount Bonds - 1-Year (Nominal),2021-04-30,99.927879632945,D,0.072344593874129,2021-04,1,0.0007234459387412901
2000048,DISCBOND,5002,Fama Bliss Discount Bonds - 2-Year (Nominal),2021-04-30,99.67044305137,D,0.16550403483316,2021-04,2,0.0016550403483316
2000049,DISCBOND,5003,Fama Bliss Discount Bonds - 3-Year (Nominal),2021-04-30,98.978802616169,D,0.34183695957077,2021-04,3,0.0034183695957077
2000050,DISCBOND,5004,Fama Bliss Discount Bonds - 4-Year (Nominal),2021-04-30,97.601909703351,D,0.60641281565064,2021-04,4,0.0060641281565064
2000051,DISCBOND,5005,Fama Bliss Discount Bonds - 5-Year (Nominal),2021-04-30,95.789358298473,D,0.85990058713382,2021-04,5,0.0085990058713382
2000047,DISCBOND,5001,Fama Bliss Discount Bonds - 1-Year (Nominal),2021-05-28,99.934219318062,D,0.065265894056064,2021-05,1,0.0006526589405606401
2000048,DISCBOND,5002,Fama Bliss Discount Bonds - 2-Year (Nominal),2021-05-28,99.705469777298,D,0.14687879919745,2021-05,2,0.0014687879919745
2000049,DISCBOND,5003,Fama Bliss Discount Bonds - 3-Year (Nominal),2021-05-28,99.058041659266,D,0.3143260630921,2021-05,3,0.0031432606309209996
2000050,DISCBOND,5004,Fama Bliss Discount Bonds - 4-Year (Nominal),2021-05-28,97.748479684789,D,0.56814608641499,2021-05,4,0.0056814608641499
2000051,DISCBOND,5005,Fama Bliss Discount Bonds - 5-Year (Nominal),2021-05-28,95.957905126186,D,0.82430822085212,2021-05,5,0.008243082208521199
2000047,DISCBOND,5001,Fama Bliss Discount Bonds - 1-Year (Nominal),2021-06-30,99.910882122625,D,0.089157610963307,2021-06,1,0.00089157610963307
2000048,DISCBOND,5002,Fama Bliss Discount Bonds - 2-Year (Nominal),2021-06-30,99.504692915957,D,0.24826889756411,2021-06,2,0.0024826889756411
2000049,DISCBOND,5003,Fama Bliss Discount Bonds - 3-Year (Nominal),2021-06-30,98.626984131103,D,0.46126419735767,2021-06,3,0.0046126419735767
2000050,DISCBOND,5004,Fama Bliss Discount Bonds - 4-Year (Nominal),2021-06-30,97.269769518691,D,0.69157479950455,2021-06,4,0.006915747995045501
2000051,DISCBOND,5005,Fama Bliss Discount Bonds - 5-Year (Nominal),2021-06-30,95.606727457701,D,0.8980478402894,2021-06,5,0.008980478402894
2000047,DISCBOND,5001,Fama Bliss Discount Bonds - 1-Year (Nominal),2021-07-30,99.936020123116,D,0.06417618073738,2021-07,1,0.0006417618073738
2000048,DISCBOND,5002,Fama Bliss Discount Bonds - 2-Year (Nominal),2021-07-30,99.651691958781,D,0.17421936678533,2021-07,2,0.0017421936678533002
2000049,DISCBOND,5003,Fama Bliss Discount Bonds - 3-Year (Nominal),2021-07-30,98.970079989754,D,0.34445764782192,2021-07,3,0.0034445764782192
2000050,DISCBOND,5004,Fama Bliss Discount Bonds - 4-Year (Nominal),2021-07-30,97.816490190759,D,0.55117026889077,2021-07,4,0.0055117026889077
2000051,DISCBOND,5005,Fama Bliss Discount Bonds - 5-Year (Nominal),2021-07-30,96.570238755098,D,0.69722750255956,2021-07,5,0.0069722750255956
2000047,DISCBOND,5001,Fama Bliss Discount Bonds - 1-Year (Nominal),2021-08-31,99.909636323319,D,0.090404529263891,2021-08,1,0.0009040452926389101
2000048,DISCBOND,5002,Fama Bliss Discount Bonds - 2-Year (Nominal),2021-08-31,99.572016114494,D,0.21445117904203,2021-08,2,0.0021445117904203
2000049,DISCBOND,5003,Fama Bliss Discount Bonds - 3-Year (Nominal),2021-08-31,98.764817239066,D,0.41429152809341,2021-08,3,0.0041429152809341
2000050,DISCBOND,5004,Fama Bliss Discount Bonds - 4-Year (Nominal),2021-08-31,97.523758861058,D,0.62728360524817,2021-08,4,0.0062728360524817
2000051,DISCBOND,5005,Fama Bliss Discount Bonds - 5-Year (Nominal),2021-08-31,96.162778083295,D,0.78212791960565,2021-08,5,0.0078212791960565
2000047,DISCBOND,5001,Fama Bliss Discount Bonds - 1-Year (Nominal),2021-09-30,99.916371595072,D,0.083663392987042,2021-09,1,0.0008366339298704201
2000048,DISCBOND,5002,Fama Bliss Discount Bonds - 2-Year (Nominal),2021-09-30,99.4496488905,D,0.2763140725609,2021-09,2,0.0027631407256090003
2000049,DISCBOND,5003,Fama Bliss Discount Bonds - 3-Year (Nominal),2021-09-30,98.507372640276,D,0.50083568515593,2021-09,3,0.0050083568515593
2000050,DISCBOND,5004,Fama Bliss Discount Bonds - 4-Year (Nominal),2021-09-30,96.92818996411,D,0.77946092270436,2021-09,4,0.007794609227043599
2000051,DISCBOND,5005,Fama Bliss Discount Bonds - 5-Year (Nominal),2021-09-30,95.230069328862,D,0.97695344694624,2021-09,5,0.0097695344694624
2000047,DISCBOND,5001,Fama Bliss Discount Bonds - 1-Year (Nominal),2021-10-29,99.849882301172,D,0.14941179330992,2021-10,1,0.0014941179330992
2000048,DISCBOND,5002,Fama Bliss Discount Bonds - 2-Year (Nominal),2021-10-29,98.987813243438,D,0.50728229637916,2021-10,2,0.0050728229637916
2000049,DISCBOND,5003,Fama Bliss Discount Bonds - 3-Year (Nominal),2021-10-29,97.732091403892,D,0.76258445744783,2021-10,3,0.0076258445744783
2000050,DISCBOND,5004,Fama Bliss Discount Bonds - 4-Year (Nominal),2021-10-29,95.949034476986,D,1.0317057181696,2021-10,4,0.010317057181696001
2000051,DISCBOND,5005,Fama Bliss Discount Bonds - 5-Year (Nominal),2021-10-29,94.254987861738,D,1.1820334002757,2021-10,5,0.011820334002757
2000047,DISCBOND,5001,Fama Bliss Discount Bonds - 1-Year (Nominal),2021-11-30,99.752267931422,D,0.24803943219798,2021-11,1,0.0024803943219798
2000048,DISCBOND,5002,Fama Bliss Discount Bonds - 2-Year (Nominal),2021-11-30,98.861403861685,D,0.5725638853763,2021-11,2,0.0057256388537629994
2000049,DISCBOND,5003,Fama Bliss Discount Bonds - 3-Year (Nominal),2021-11-30,97.479620452469,D,0.85089505311003,2021-11,3,0.0085089505311003
2000050,DISCBOND,5004,Fama Bliss Discount Bonds - 4-Year (Nominal),2021-11-30,95.832236663729,D,1.0650059617567,2021-11,4,0.010650059617567001
2000051,DISCBOND,5005,Fama Bliss Discount Bonds - 5-Year (Nominal),2021-11-30,94.377179670015,D,1.1567837655353,2021-11,5,0.011567837655352999
2000047,DISCBOND,5001,Fama Bliss Discount Bonds - 1-Year (Nominal),2021-12-31,99.617321654794,D,0.38446578011319,2021-12,1,0.0038446578011319
2000048,DISCBOND,5002,Fama Bliss Discount Bonds - 2-Year (Nominal),2021-12-31,98.550000598967,D,0.73231368688506,2021-12,2,0.0073231368688506
2000049,DISCBOND,5003,Fama Bliss Discount Bonds - 3-Year (Nominal),2021-12-31,97.125081841046,D,0.97146401311126,2021-12,3,0.0097146401311126
2000050,DISCBOND,5004,Fama Bliss Discount Bonds - 4-Year (Nominal),2021-12-31,95.487194257499,D,1.153660823342,2021-12,4,0.01153660823342
2000051,DISCBOND,5005,Fama Bliss Discount Bonds - 5-Year (Nominal),2021-12-31,93.866839346131,D,1.2651669321032,2021-12,5,0.012651669321032
2000047,DISCBOND,5001,Fama Bliss Discount Bonds - 1-Year (Nominal),2022-01-31,99.213761689257,D,0.78934546127075,2022-01,1,0.0078934546127075
2000048,DISCBOND,5002,Fama Bliss Discount Bonds - 2-Year (Nominal),2022-01-31,97.686819946271,D,1.1701769676566,2022-01,2,0.011701769676566
2000049,DISCBOND,5003,Fama Bliss Discount Bonds - 3-Year (Nominal),2022-01-31,95.925367366757,D,1.3853921955848,2022-01,3,0.013853921955848001
2000050,DISCBOND,5004,Fama Bliss Discount Bonds - 4-Year (Nominal),2022-01-31,94.025123540483,D,1.5402041930385,2022-01,4,0.015402041930385
2000051,DISCBOND,5005,Fama Bliss Discount Bonds - 5-Year (Nominal),2022-01-31,92.266319567561,D,1.610702806181,2022-01,5,0.01610702806181
2000047,DISCBOND,5001,Fama Bliss Discount Bonds - 1-Year (Nominal),2022-02-28,98.99672979317,D,1.008336879131,2022-02,1,0.010083368791309999
2000048,DISCBOND,5002,Fama Bliss Discount Bonds - 2-Year (Nominal),2022-02-28,97.134040994767,D,1.4519258375174,2022-02,2,0.014519258375174
2000049,DISCBOND,5003,Fama Bliss Discount Bonds - 3-Year (Nominal),2022-02-28,95.21742423112,D,1.6320840218154,2022-02,3,0.016320840218154
2000050,DISCBOND,5004,Fama Bliss Discount Bonds - 4-Year (Nominal),2022-02-28,93.371650504027,D,1.7145603655332,2022-02,4,0.017145603655332
2000051,DISCBOND,5005,Fama Bliss Discount Bonds - 5-Year (Nominal),2022-02-28,91.734283953026,D,1.7264260733991,2022-02,5,0.017264260733991
2000047,DISCBOND,5001,Fama Bliss Discount Bonds - 1-Year (Nominal),2022-03-31,98.324952234108,D,1.6892353466345,2022-03,1,0.016892353466345
2000048,DISCBOND,5002,Fama Bliss Discount Bonds - 2-Year (Nominal),2022-03-31,95.454428654478,D,2.3324523464897,2022-03,2,0.023324523464897
2000049,DISCBOND,5003,Fama Bliss Discount Bonds - 3-Year (Nominal),2022-03-31,92.722054398075,D,2.5164962715931,2022-03,3,0.025164962715931
2000050,DISCBOND,5004,Fama Bliss Discount Bonds - 4-Year (Nominal),2022-03-31,90.387543099394,D,2.5248638396967,2022-03,4,0.025248638396967
2000051,DISCBOND,5005,Fama Bliss Discount Bonds - 5-Year (Nominal),2022-03-31,88.46251487459,D,2.4504828795893,2022-03,5,0.024504828795893
2000047,DISCBOND,5001,Fama Bliss Discount Bonds - 1-Year (Nominal),2022-04-29,97.909267125932,D,2.1187029425549,2022-04,1,0.021187029425549002
2000048,DISCBOND,5002,Fama Bliss Discount Bonds - 2-Year (Nominal),2022-04-29,94.738119297116,D,2.6953026663847,2022-04,2,0.026953026663847003
2000049,DISCBOND,5003,Fama Bliss Discount Bonds - 3-Year (Nominal),2022-04-29,91.697267000669,D,2.883986132367,2022-04,3,0.028839861323670002
2000050,DISCBOND,5004,Fama Bliss Discount Bonds - 4-Year (Nominal),2022-04-29,88.879253857194,D,2.9432540445176,2022-04,4,0.029432540445176
2000051,DISCBOND,5005,Fama Bliss Discount Bonds - 5-Year (Nominal),2022-04-29,86.304024886791,D,2.9426541628439,2022-04,5,0.029426541628439
2000047,DISCBOND,5001,Fama Bliss Discount Bonds - 1-Year (Nominal),2022-05-31,97.896644321137,D,2.1257913636255,2022-05,1,0.021257913636255
2000048,DISCBOND,5002,Fama Bliss Discount Bonds - 2-Year (Nominal),2022-05-31,95.061347167405,D,2.5289228864957,2022-05,2,0.025289228864957002
2000049,DISCBOND,5003,Fama Bliss Discount Bonds - 3-Year (Nominal),2022-05-31,92.153079853302,D,2.7239694230847,2022-05,3,0.027239694230847
2000050,DISCBOND,5004,Fama Bliss Discount Bonds - 4-Year (Nominal),2022-05-31,89.402575979097,D,2.8024368776119,2022-05,4,0.028024368776119003
2000051,DISCBOND,5005,Fama Bliss Discount Bonds - 5-Year (Nominal),2022-05-31,86.844816514881,D,2.8194025965718,2022-05,5,0.028194025965718003
2000047,DISCBOND,5001,Fama Bliss Discount Bonds - 1-Year (Nominal),2022-06-30,97.166048715927,D,2.8748828584745,2022-06,1,0.028748828584745
2000048,DISCBOND,5002,Fama Bliss Discount Bonds - 2-Year (Nominal),2022-06-30,94.301374497403,D,2.9377453393188,2022-06,2,0.029377453393188
2000049,DISCBOND,5003,Fama Bliss Discount Bonds - 3-Year (Nominal),2022-06-30,91.396300764341,D,2.996103333517,2022-06,3,0.02996103333517
2000050,DISCBOND,5004,Fama Bliss Discount Bonds - 4-Year (Nominal),2022-06-30,88.580249626709,D,3.0294568330986,2022-06,4,0.030294568330986
2000051,DISCBOND,5005,Fama Bliss Discount Bonds - 5-Year (Nominal),2022-06-30,85.922928574198,D,3.0327275521251,2022-06,5,0.030327275521250998
2000047,DISCBOND,5001,Fama Bliss Discount Bonds - 1-Year (Nominal),2022-07-29,97.091545067463,D,2.9355039383581,2022-07,1,0.029355039383581
2000048,DISCBOND,5002,Fama Bliss Discount Bonds - 2-Year (Nominal),2022-07-29,94.429534536098,D,2.8540857241097,2022-07,2,0.028540857241097003
2000049,DISCBOND,5003,Fama Bliss Discount Bonds - 3-Year (Nominal),2022-07-29,91.940163317573,D,2.7934207491172,2022-07,3,0.027934207491172
2000050,DISCBOND,5004,Fama Bliss Discount Bonds - 4-Year (Nominal),2022-07-29,89.722732625461,D,2.7055910613139,2022-07,4,0.027055910613138997
2000051,DISCBOND,5005,Fama Bliss Discount Bonds - 5-Year (Nominal),2022-07-29,87.541350655958,D,2.6582653173912,2022-07,5,0.026582653173912
2000047,DISCBOND,5001,Fama Bliss Discount Bonds - 1-Year (Nominal),2022-08-31,96.595504473483,D,3.4637983394113,2022-08,1,0.034637983394113
2000048,DISCBOND,5002,Fama Bliss Discount Bonds - 2-Year (Nominal),2022-08-31,93.343219182777,D,3.4443478640296,2022-08,2,0.034443478640295996
2000049,DISCBOND,5003,Fama Bliss Discount Bonds - 3-Year (Nominal),2022-08-31,90.059961738837,D,3.4930063540799,2022-08,3,0.034930063540799
2000050,DISCBOND,5004,Fama Bliss Discount Bonds - 4-Year (Nominal),2022-08-31,87.126285070892,D,3.4429310877673,2022-08,4,0.034429310877673
2000051,DISCBOND,5005,Fama Bliss Discount Bonds - 5-Year (Nominal),2022-08-31,84.658392745099,D,3.3290944494215,2022-08,5,0.033290944494215
2000047,DISCBOND,5001,Fama Bliss Discount Bonds - 1-Year (Nominal),2022-09-30,95.98391120013,D,4.1102210848127,2022-09,1,0.041102210848127
2000048,DISCBOND,5002,Fama Bliss Discount Bonds - 2-Year (Nominal),2022-09-30,91.851669041538,D,4.2439465421922,2022-09,2,0.042439465421922
2000049,DISCBOND,5003,Fama Bliss Discount Bonds - 3-Year (Nominal),2022-09-30,88.065513734329,D,4.2324407368699,2022-09,3,0.042324407368698996
2000050,DISCBOND,5004,Fama Bliss Discount Bonds - 4-Year (Nominal),2022-09-30,84.669552748219,D,4.1575055034473,2022-09,4,0.041575055034473
2000051,DISCBOND,5005,Fama Bliss Discount Bonds - 5-Year (Nominal),2022-09-30,81.673125871889,D,4.0466860061563,2022-09,5,0.040466860061563
2000047,DISCBOND,5001,Fama Bliss Discount Bonds - 1-Year (Nominal),2022-10-31,95.428781254527,D,4.6789962734194,2022-10,1,0.046789962734193995
2000048,DISCBOND,5002,Fama Bliss Discount Bonds - 2-Year (Nominal),2022-10-31,91.49256520978,D,4.4395420255796,2022-10,2,0.044395420255796
2000049,DISCBOND,5003,Fama Bliss Discount Bonds - 3-Year (Nominal),2022-10-31,87.65642452008,D,4.3875026552125,2022-10,3,0.043875026552124996
2000050,DISCBOND,5004,Fama Bliss Discount Bonds - 4-Year (Nominal),2022-10-31,84.192583208839,D,4.3015838506319,2022-10,4,0.043015838506319
2000051,DISCBOND,5005,Fama Bliss Discount Bonds - 5-Year (Nominal),2022-10-31,81.130387180266,D,4.1845449752991,2022-10,5,0.041845449752991
2000047,DISCBOND,5001,Fama Bliss Discount Bonds - 1-Year (Nominal),2022-11-30,95.437499494065,D,4.6698608310459,2022-11,1,0.046698608310459
2000048,DISCBOND,5002,Fama Bliss Discount Bonds - 2-Year (Nominal),2022-11-30,91.821988589294,D,4.2659194963596,2022-11,2,0.042659194963596
2000049,DISCBOND,5003,Fama Bliss Discount Bonds - 3-Year (Nominal),2022-11-30,88.760757230773,D,3.9778177780328,2022-11,3,0.039778177780328
2000050,DISCBOND,5004,Fama Bliss Discount Bonds - 4-Year (Nominal),2022-11-30,85.735586190537,D,3.8449217074293,2022-11,4,0.038449217074292996
2000051,DISCBOND,5005,Fama Bliss Discount Bonds - 5-Year (Nominal),2022-11-30,83.059303227847,D,3.7102735859862,2022-11,5,0.037102735859862
2000047,DISCBOND,5001,Fama Bliss Discount Bonds - 1-Year (Nominal),2022-12-30,95.46361242368,D,4.6552576217005,2022-12,1,0.046552576217004996
2000048,DISCBOND,5002,Fama Bliss Discount Bonds - 2-Year (Nominal),2022-12-30,91.622899727845,D,4.3624954851718,2022-12,2,0.043624954851717995
2000049,DISCBOND,5003,Fama Bliss Discount Bonds - 3-Year (Nominal),2022-12-30,88.334676162006,D,4.1270435734296,2022-12,3,0.041270435734296
2000050,DISCBOND,5004,Fama Bliss Discount Bonds - 4-Year (Nominal),2022-12-30,85.104591034331,D,4.0267140439975,2022-12,4,0.040267140439975
2000051,DISCBOND,5005,Fama Bliss Discount Bonds - 5-Year (Nominal),2022-12-30,82.029785430766,D,3.9574184251051,2022-12,5,0.039574184251051
2000047,DISCBOND,5001,Fama Bliss Discount Bonds - 1-Year (Nominal),2023-01-31,95.45527491074,D,4.6512373742054,2023-01,1,0.046512373742054
2000048,DISCBOND,5002,Fama Bliss Discount Bonds - 2-Year (Nominal),2023-01-31,92.030768822696,D,4.146680683765,2023-01,2,0.04146680683765
2000049,DISCBOND,5003,Fama Bliss Discount Bonds - 3-Year (Nominal),2023-01-31,89.172792875483,D,3.8198069649935,2023-01,3,0.038198069649935
2000050,DISCBOND,5004,Fama Bliss Discount Bonds - 4-Year (Nominal),2023-01-31,86.309113279775,D,3.683397905142,2023-01,4,0.036833979051419996
2000051,DISCBOND,5005,Fama Bliss Discount Bonds - 5-Year (Nominal),2023-01-31,83.627368262798,D,3.5740284713396,2023-01,5,0.035740284713396
2000047,DISCBOND,5001,Fama Bliss Discount Bonds - 1-Year (Nominal),2023-02-28,95.040942877443,D,5.0723442418489,2023-02,1,0.050723442418489
2000048,DISCBOND,5002,Fama Bliss Discount Bonds - 2-Year (Nominal),2023-02-28,90.914847293199,D,4.7558282595661,2023-02,2,0.047558282595661
2000049,DISCBOND,5003,Fama Bliss Discount Bonds - 3-Year (Nominal),2023-02-28,87.519041195786,D,4.4437935535294,2023-02,3,0.044437935535294
2000050,DISCBOND,5004,Fama Bliss Discount Bonds - 4-Year (Nominal),2023-02-28,84.343004472183,D,4.259875820509,2023-02,4,0.04259875820509
2000051,DISCBOND,5005,Fama Bliss Discount Bonds - 5-Year (Nominal),2023-02-28,81.35284587585,D,4.122969040598,2023-02,5,0.04122969040598
2000047,DISCBOND,5001,Fama Bliss Discount Bonds - 1-Year (Nominal),2023-03-31,95.554130355955,D,4.5727851419003,2023-03,1,0.045727851419003
2000048,DISCBOND,5002,Fama Bliss Discount Bonds - 2-Year (Nominal),2023-03-31,92.363655421911,D,3.9663978051231,2023-03,2,0.039663978051231
2000049,DISCBOND,5003,Fama Bliss Discount Bonds - 3-Year (Nominal),2023-03-31,89.425475932023,D,3.7220869420879,2023-03,3,0.037220869420879
2000050,DISCBOND,5004,Fama Bliss Discount Bonds - 4-Year (Nominal),2023-03-31,86.420340364717,D,3.6461806233177,2023-03,4,0.036461806233177
2000051,DISCBOND,5005,Fama Bliss Discount Bonds - 5-Year (Nominal),2023-03-31,83.747270459776,D,3.5434488861618,2023-03,5,0.035434488861618
2000047,DISCBOND,5001,Fama Bliss Discount Bonds - 1-Year (Nominal),2023-04-28,95.340107825396,D,4.7330586116088,2023-04,1,0.047330586116088
2000048,DISCBOND,5002,Fama Bliss Discount Bonds - 2-Year (Nominal),2023-04-28,92.350265782315,D,3.962794676262,2023-04,2,0.03962794676262
2000049,DISCBOND,5003,Fama Bliss Discount Bonds - 3-Year (Nominal),2023-04-28,89.591225901958,D,3.6537495694622,2023-04,3,0.036537495694622
2000050,DISCBOND,5004,Fama Bliss Discount Bonds - 4-Year (Nominal),2023-04-28,86.764686762349,D,3.5419840001476,2023-04,4,0.035419840001476
2000051,DISCBOND,5005,Fama Bliss Discount Bonds - 5-Year (Nominal),2023-04-28,84.144004047443,D,3.4490306330043,2023-04,5,0.034490306330043
2000047,DISCBOND,5001,Fama Bliss Discount Bonds - 1-Year (Nominal),2023-05-31,94.988619299704,D,5.1272626651458,2023-05,1,0.051272626651458
2000048,DISCBOND,5002,Fama Bliss Discount Bonds - 2-Year (Nominal),2023-05-31,91.665034902731,D,4.3514589104594,2023-05,2,0.043514589104594006
2000049,DISCBOND,5003,Fama Bliss Discount Bonds - 3-Year (Nominal),2023-05-31,88.735994873146,D,3.9871268653675,2023-05,3,0.039871268653675
2000050,DISCBOND,5004,Fama Bliss Discount Bonds - 4-Year (Nominal),2023-05-31,85.6858404019,D,3.8594215698464,2023-05,4,0.038594215698464
2000051,DISCBOND,5005,Fama Bliss Discount Bonds - 5-Year (Nominal),2023-05-31,83.009275359222,D,3.720279613222,2023-05,5,0.03720279613222
2000047,DISCBOND,5001,Fama Bliss Discount Bonds - 1-Year (Nominal),2023-06-30,94.812333584959,D,5.3417034488225,2023-06,1,0.053417034488225
2000048,DISCBOND,5002,Fama Bliss Discount Bonds - 2-Year (Nominal),2023-06-30,90.781141719464,D,4.8293151269328,2023-06,2,0.048293151269328
2000049,DISCBOND,5003,Fama Bliss Discount Bonds - 3-Year (Nominal),2023-06-30,87.58877259876,D,4.4132152766598,2023-06,3,0.044132152766598
2000050,DISCBOND,5004,Fama Bliss Discount Bonds - 4-Year (Nominal),2023-06-30,84.340401126404,D,4.2548153794493,2023-06,4,0.042548153794493004
2000051,DISCBOND,5005,Fama Bliss Discount Bonds - 5-Year (Nominal),2023-06-30,81.471895038821,D,4.0937550868697,2023-06,5,0.040937550868697
2000047,DISCBOND,5001,Fama Bliss Discount Bonds - 1-Year (Nominal),2023-07-31,94.825819209685,D,5.2983300780156,2023-07,1,0.052983300780156
2000048,DISCBOND,5002,Fama Bliss Discount Bonds - 2-Year (Nominal),2023-07-31,90.792729672096,D,4.8229419079231,2023-07,2,0.048229419079231006
2000049,DISCBOND,5003,Fama Bliss Discount Bonds - 3-Year (Nominal),2023-07-31,87.521449199685,D,4.4388227589884,2023-07,3,0.044388227589884005
2000050,DISCBOND,5004,Fama Bliss Discount Bonds - 4-Year (Nominal),2023-07-31,84.349723457886,D,4.2549663877268,2023-07,4,0.042549663877267996
2000051,DISCBOND,5005,Fama Bliss Discount Bonds - 5-Year (Nominal),2023-07-31,81.366661904181,D,4.1195764777367,2023-07,5,0.041195764777367
2000047,DISCBOND,5001,Fama Bliss Discount Bonds - 1-Year (Nominal),2023-08-31,94.816352508649,D,5.3228296785662,2023-08,1,0.053228296785662
2000048,DISCBOND,5002,Fama Bliss Discount Bonds - 2-Year (Nominal),2023-08-31,90.853465897408,D,4.8026911352775,2023-08,2,0.048026911352774995
2000049,DISCBOND,5003,Fama Bliss Discount Bonds - 3-Year (Nominal),2023-08-31,87.433460802747,D,4.4723201999478,2023-08,3,0.044723201999478004
2000050,DISCBOND,5004,Fama Bliss Discount Bonds - 4-Year (Nominal),2023-08-31,84.104382481515,D,4.324825638465,2023-08,4,0.04324825638465
2000051,DISCBOND,5005,Fama Bliss Discount Bonds - 5-Year (Nominal),2023-08-31,81.043139952996,D,4.199169757408,2023-08,5,0.04199169757408
2000047,DISCBOND,5001,Fama Bliss Discount Bonds - 1-Year (Nominal),2023-09-29,94.730925198917,D,5.3834694728524,2023-09,1,0.053834694728524
2000048,DISCBOND,5002,Fama Bliss Discount Bonds - 2-Year (Nominal),2023-09-29,90.527697006873,D,4.9621221516388,2023-09,2,0.049621221516388
2000049,DISCBOND,5003,Fama Bliss Discount Bonds - 3-Year (Nominal),2023-09-29,86.82531136544,D,4.7004813396554,2023-09,3,0.047004813396554
2000050,DISCBOND,5004,Fama Bliss Discount Bonds - 4-Year (Nominal),2023-09-29,83.080264019316,D,4.6277358763449,2023-09,4,0.046277358763449
2000051,DISCBOND,5005,Fama Bliss Discount Bonds - 5-Year (Nominal),2023-09-29,79.615656941868,D,4.5541974061098,2023-09,5,0.045541974061098
2000047,DISCBOND,5001,Fama Bliss Discount Bonds - 1-Year (Nominal),2023-10-31,94.771791892453,D,5.3551659252661,2023-10,1,0.053551659252661
2000048,DISCBOND,5002,Fama Bliss Discount Bonds - 2-Year (Nominal),2023-10-31,90.435523900178,D,5.019775224066,2023-10,2,0.05019775224066
2000049,DISCBOND,5003,Fama Bliss Discount Bonds - 3-Year (Nominal),2023-10-31,86.473943871358,D,4.844234956,2023-10,3,0.04844234956
2000050,DISCBOND,5004,Fama Bliss Discount Bonds - 4-Year (Nominal),2023-10-31,82.436255971974,D,4.8319309494661,2023-10,4,0.048319309494661004
2000051,DISCBOND,5005,Fama Bliss Discount Bonds - 5-Year (Nominal),2023-10-31,78.61261740943,D,4.8074909294626,2023-10,5,0.048074909294625996
2000047,DISCBOND,5001,Fama Bliss Discount Bonds - 1-Year (Nominal),2023-11-30,95.10798550467,D,5.0157250407109,2023-11,1,0.050157250407109
2000048,DISCBOND,5002,Fama Bliss Discount Bonds - 2-Year (Nominal),2023-11-30,91.195086604649,D,4.6147798779155,2023-11,2,0.046147798779155
2000049,DISCBOND,5003,Fama Bliss Discount Bonds - 3-Year (Nominal),2023-11-30,87.695667599198,D,4.3725965406414,2023-11,3,0.043725965406414
2000050,DISCBOND,5004,Fama Bliss Discount Bonds - 4-Year (Nominal),2023-11-30,84.219066022889,D,4.2907825309517,2023-11,4,0.042907825309517
2000051,DISCBOND,5005,Fama Bliss Discount Bonds - 5-Year (Nominal),2023-11-30,80.937757512606,D,4.2251646975142,2023-11,5,0.042251646975142
2000047,DISCBOND,5001,Fama Bliss Discount Bonds - 1-Year (Nominal),2023-12-29,95.378749311333,D,4.6928670181575,2023-12,1,0.046928670181575004
2000048,DISCBOND,5002,Fama Bliss Discount Bonds - 2-Year (Nominal),2023-12-29,91.964448797215,D,4.1712633780614,2023-12,2,0.041712633780613996
2000049,DISCBOND,5003,Fama Bliss Discount Bonds - 3-Year (Nominal),2023-12-29,88.852294644644,D,3.9290622751024,2023-12,3,0.039290622751024
2000050,DISCBOND,5004,Fama Bliss Discount Bonds - 4-Year (Nominal),2023-12-29,85.667228617246,D,3.8595651472022,2023-12,4,0.038595651472022
2000051,DISCBOND,5005,Fama Bliss Discount Bonds - 5-Year (Nominal),2023-12-29,82.67396288244,D,3.8011437661513,2023-12,5,0.038011437661513
2000047,DISCBOND,5001,Fama Bliss Discount Bonds - 1-Year (Nominal),2024-01-31,95.430394951841,D,4.6645258767653,2024-01,1,0.046645258767653
2000048,DISCBOND,5002,Fama Bliss Discount Bonds - 2-Year (Nominal),2024-01-31,92.054049279481,D,4.1397144638374,2024-01,2,0.041397144638374
2000049,DISCBOND,5003,Fama Bliss Discount Bonds - 3-Year (Nominal),2024-01-31,88.914297467016,D,3.9201542280381,2024-01,3,0.039201542280381
2000050,DISCBOND,5004,Fama Bliss Discount Bonds - 4-Year (Nominal),2024-01-31,85.763220947984,D,3.8368703851462,2024-01,4,0.038368703851462
2000051,DISCBOND,5005,Fama Bliss Discount Bonds - 5-Year (Nominal),2024-01-31,82.713249263344,D,3.7916524942748,2024-01,5,0.037916524942748
2000047,DISCBOND,5001,Fama Bliss Discount Bonds - 1-Year (Nominal),2024-02-29,95.156200524015,D,4.965042858863,2024-02,1,0.049650428588629995
2000048,DISCBOND,5002,Fama Bliss Discount Bonds - 2-Year (Nominal),2024-02-29,91.301345309117,D,4.5564749155501,2024-02,2,0.045564749155501
2000049,DISCBOND,5003,Fama Bliss Discount Bonds - 3-Year (Nominal),2024-02-29,87.804584313991,D,4.343148505562,2024-02,3,0.043431485055619994
2000050,DISCBOND,5004,Fama Bliss Discount Bonds - 4-Year (Nominal),2024-02-29,84.284960851145,D,4.2712430185233,2024-02,4,0.042712430185233005
2000051,DISCBOND,5005,Fama Bliss Discount Bonds - 5-Year (Nominal),2024-02-29,81.066028192838,D,4.1958247929858,2024-02,5,0.041958247929858
2000047,DISCBOND,5001,Fama Bliss Discount Bonds - 1-Year (Nominal),2024-03-28,95.144053685749,D,4.9372288027536,2024-03,1,0.049372288027535995
2000048,DISCBOND,5002,Fama Bliss Discount Bonds - 2-Year (Nominal),2024-03-28,91.278579028682,D,4.5440283727181,2024-03,2,0.045440283727181
2000049,DISCBOND,5003,Fama Bliss Discount Bonds - 3-Year (Nominal),2024-03-28,87.755768272234,D,4.3418574877664,2024-03,3,0.043418574877664
2000050,DISCBOND,5004,Fama Bliss Discount Bonds - 4-Year (Nominal),2024-03-28,84.333675259258,D,4.2480847972741,2024-03,4,0.042480847972740994
2000051,DISCBOND,5005,Fama Bliss Discount Bonds - 5-Year (Nominal),2024-03-28,81.187515707018,D,4.161333469472,2024-03,5,0.04161333469472
2000047,DISCBOND,5001,Fama Bliss Discount Bonds - 1-Year (Nominal),2024-04-30,94.946912067767,D,5.185227092513,2024-04,1,0.05185227092513
2000048,DISCBOND,5002,Fama Bliss Discount Bonds - 2-Year (Nominal),2024-04-30,90.52544294641,D,4.9769618632284,2024-04,2,0.049769618632284
2000049,DISCBOND,5003,Fama Bliss Discount Bonds - 3-Year (Nominal),2024-04-30,86.55618589719,D,4.8125479757861,2024-04,3,0.048125479757861
2000050,DISCBOND,5004,Fama Bliss Discount Bonds - 4-Year (Nominal),2024-04-30,82.764648309773,D,4.7324708800066,2024-04,4,0.047324708800066
2000051,DISCBOND,5005,Fama Bliss Discount Bonds - 5-Year (Nominal),2024-04-30,79.221218550964,D,4.6559688753612,2024-04,5,0.046559688753612
2000047,DISCBOND,5001,Fama Bliss Discount Bonds - 1-Year (Nominal),2024-05-31,95.019767266351,D,5.1225585884562,2024-05,1,0.051225585884562
2000048,DISCBOND,5002,Fama Bliss Discount Bonds - 2-Year (Nominal),2024-05-31,90.848382880752,D,4.8120935905117,2024-05,2,0.048120935905117
2000049,DISCBOND,5003,Fama Bliss Discount Bonds - 3-Year (Nominal),2024-05-31,87.085609587676,D,4.6092845677989,2024-05,3,0.046092845677989
2000050,DISCBOND,5004,Fama Bliss Discount Bonds - 4-Year (Nominal),2024-05-31,83.475355950874,D,4.5123778323455,2024-05,4,0.045123778323455
2000051,DISCBOND,5005,Fama Bliss Discount Bonds - 5-Year (Nominal),2024-05-31,80.054085786464,D,4.446917338176,2024-05,5,0.04446917338176
2000047,DISCBOND,5001,Fama Bliss Discount Bonds - 1-Year (Nominal),2024-06-28,95.047850530336,D,5.0512948035524,2024-06,1,0.050512948035524
2000048,DISCBOND,5002,Fama Bliss Discount Bonds - 2-Year (Nominal),2024-06-28,91.05733279726,D,4.6712445342942,2024-06,2,0.046712445342942
2000049,DISCBOND,5003,Fama Bliss Discount Bonds - 3-Year (Nominal),2024-06-28,87.401546661564,D,4.480390196238,2024-06,3,0.04480390196238
2000050,DISCBOND,5004,Fama Bliss Discount Bonds - 4-Year (Nominal),2024-06-28,83.863675181816,D,4.3904191014664,2024-06,4,0.043904191014664
2000051,DISCBOND,5005,Fama Bliss Discount Bonds - 5-Year (Nominal),2024-06-28,80.54193917802,D,4.3231053879332,2024-06,5,0.043231053879332
2000047,DISCBOND,5001,Fama Bliss Discount Bonds - 1-Year (Nominal),2024-07-31,95.442881750958,D,4.6642214281282,2024-07,1,0.046642214281282
2000048,DISCBOND,5002,Fama Bliss Discount Bonds - 2-Year (Nominal),2024-07-31,91.930209503549,D,4.2070244584276,2024-07,2,0.042070244584276
2000049,DISCBOND,5003,Fama Bliss Discount Bonds - 3-Year (Nominal),2024-07-31,88.676492807049,D,4.0095065209044,2024-07,3,0.040095065209044
2000050,DISCBOND,5004,Fama Bliss Discount Bonds - 4-Year (Nominal),2024-07-31,85.502712475902,D,3.9128721810659,2024-07,4,0.039128721810659
2000051,DISCBOND,5005,Fama Bliss Discount Bonds - 5-Year (Nominal),2024-07-31,82.412153175793,D,3.8666265750637,2024-07,5,0.038666265750637
2000047,DISCBOND,5001,Fama Bliss Discount Bonds - 1-Year (Nominal),2024-08-30,95.761807489282,D,4.3425224857506,2024-08,1,0.043425224857506
2000048,DISCBOND,5002,Fama Bliss Discount Bonds - 2-Year (Nominal),2024-08-30,92.544653857965,D,3.8686461729094,2024-08,2,0.038686461729094
2000049,DISCBOND,5003,Fama Bliss Discount Bonds - 3-Year (Nominal),2024-08-30,89.401024928614,D,3.7311939797747,2024-08,3,0.037311939797746996
2000050,DISCBOND,5004,Fama Bliss Discount Bonds - 4-Year (Nominal),2024-08-30,86.226586033215,D,3.6997227275577,2024-08,4,0.036997227275577
2000051,DISCBOND,5005,Fama Bliss Discount Bonds - 5-Year (Nominal),2024-08-30,83.196424913404,D,3.6752884341054,2024-08,5,0.036752884341054004
2000047,DISCBOND,5001,Fama Bliss Discount Bonds - 1-Year (Nominal),2024-09-30,96.148197139563,D,3.927946462766,2024-09,1,0.03927946462766
2000048,DISCBOND,5002,Fama Bliss Discount Bonds - 2-Year (Nominal),2024-09-30,93.062254045522,D,3.5950759221512,2024-09,2,0.035950759221512
2000049,DISCBOND,5003,Fama Bliss Discount Bonds - 3-Year (Nominal),2024-09-30,89.97754795074,D,3.5203339047124,2024-09,3,0.035203339047124
2000050,DISCBOND,5004,Fama Bliss Discount Bonds - 4-Year (Nominal),2024-09-30,86.813966119947,D,3.5350669316355,2024-09,4,0.035350669316355
2000051,DISCBOND,5005,Fama Bliss Discount Bonds - 5-Year (Nominal),2024-09-30,83.79513490015,D,3.5378432095634,2024-09,5,0.035378432095634
2000047,DISCBOND,5001,Fama Bliss Discount Bonds - 1-Year (Nominal),2024-10-31,95.86667224861,D,4.2211790583203,2024-10,1,0.042211790583203
2000048,DISCBOND,5002,Fama Bliss Discount Bonds - 2-Year (Nominal),2024-10-31,92.123287394286,D,4.1077483327968,2024-10,2,0.041077483327968
2000049,DISCBOND,5003,Fama Bliss Discount Bonds - 3-Year (Nominal),2024-10-31,88.488965855858,D,4.0838698614004,2024-10,3,0.040838698614004
2000050,DISCBOND,5004,Fama Bliss Discount Bonds - 4-Year (Nominal),2024-10-31,84.81495681977,D,4.1146388759342,2024-10,4,0.041146388759342
2000051,DISCBOND,5005,Fama Bliss Discount Bonds - 5-Year (Nominal),2024-10-31,81.400575423971,D,4.1135027717545,2024-10,5,0.041135027717545
2000047,DISCBOND,5001,Fama Bliss Discount Bonds - 1-Year (Nominal),2024-11-29,95.918694039939,D,4.1783768386692,2024-11,1,0.041783768386692
2000048,DISCBOND,5002,Fama Bliss Discount Bonds - 2-Year (Nominal),2024-11-29,92.09229669808,D,4.1133096836609,2024-11,2,0.041133096836609005
2000049,DISCBOND,5003,Fama Bliss Discount Bonds - 3-Year (Nominal),2024-11-29,88.543997378678,D,4.0519867859731,2024-11,3,0.040519867859731
2000050,DISCBOND,5004,Fama Bliss Discount Bonds - 4-Year (Nominal),2024-11-29,85.041785162317,D,4.0451452203465,2024-11,4,0.040451452203465
2000051,DISCBOND,5005,Fama Bliss Discount Bonds - 5-Year (Nominal),2024-11-29,81.779493289411,D,4.0184695067876,2024-11,5,0.040184695067876
2000047,DISCBOND,5001,Fama Bliss Discount Bonds - 1-Year (Nominal),2024-12-31,95.986354301525,D,4.0964147315936,2024-12,1,0.040964147315936
2000048,DISCBOND,5002,Fama Bliss Discount Bonds - 2-Year (Nominal),2024-12-31,91.958509961368,D,4.1916344670651,2024-12,2,0.041916344670651
2000049,DISCBOND,5003,Fama Bliss Discount Bonds - 3-Year (Nominal),2024-12-31,88.068724873728,D,4.2350905205417,2024-12,3,0.042350905205417
2000050,DISCBOND,5004,Fama Bliss Discount Bonds - 4-Year (Nominal),2024-12-31,84.176765952092,D,4.3092327957747,2024-12,4,0.043092327957747
2000051,DISCBOND,5005,Fama Bliss Discount Bonds - 5-Year (Nominal),2024-12-31,80.459141696895,D,4.3460322120836,2024-12,5,0.043460322120836
